inventory_id,product_id,warehouse,week_start_date,opening_stock,receipts,consumption,closing_stock,stockout_units
INV000001,P001,Bengaluru DC,06-01-2025,96,0,7,89,0
INV000002,P001,Bengaluru DC,13-01-2025,89,0,28,61,0
INV000003,P001,Bengaluru DC,20-01-2025,61,0,0,61,0
INV000004,P001,Bengaluru DC,27-01-2025,61,0,0,61,0
INV000005,P001,Bengaluru DC,03-02-2025,61,0,0,61,0
INV000006,P001,Bengaluru DC,10-02-2025,61,0,14,47,0
INV000007,P001,Bengaluru DC,17-02-2025,47,47,0,94,0
INV000008,P001,Bengaluru DC,24-02-2025,94,0,8,86,0
INV000009,P001,Bengaluru DC,03-03-2025,86,0,0,86,0
INV000010,P001,Bengaluru DC,10-03-2025,86,0,0,86,0
INV000011,P001,Bengaluru DC,17-03-2025,86,46,19,113,0
INV000012,P001,Bengaluru DC,24-03-2025,113,0,0,113,0
INV000013,P001,Bengaluru DC,31-03-2025,113,0,16,97,0
INV000014,P001,Bengaluru DC,07-04-2025,97,0,0,97,0
INV000015,P001,Bengaluru DC,14-04-2025,97,0,0,97,0
INV000016,P001,Bengaluru DC,21-04-2025,97,0,0,97,0
INV000017,P001,Bengaluru DC,28-04-2025,97,35,0,132,0
INV000018,P001,Bengaluru DC,05-05-2025,132,0,0,132,0
INV000019,P001,Bengaluru DC,12-05-2025,132,32,17,147,0
INV000020,P001,Bengaluru DC,19-05-2025,147,0,26,121,0
INV000021,P001,Bengaluru DC,26-05-2025,121,0,0,121,0
INV000022,P001,Bengaluru DC,02-06-2025,121,0,0,121,0
INV000023,P001,Bengaluru DC,09-06-2025,121,0,0,121,0
INV000024,P001,Bengaluru DC,16-06-2025,121,0,43,78,0
INV000025,P001,Bengaluru DC,23-06-2025,78,44,0,122,0
INV000026,P001,Bengaluru DC,30-06-2025,122,0,0,122,0
INV000027,P001,Bengaluru DC,07-07-2025,122,0,0,122,0
INV000028,P001,Bengaluru DC,14-07-2025,122,0,15,107,0
INV000029,P001,Bengaluru DC,21-07-2025,107,0,27,80,0
INV000030,P001,Bengaluru DC,28-07-2025,80,28,0,108,0
INV000031,P001,Bengaluru DC,04-08-2025,108,0,0,108,0
INV000032,P001,Bengaluru DC,11-08-2025,108,0,0,108,0
INV000033,P001,Bengaluru DC,18-08-2025,108,0,10,98,0
INV000034,P001,Bengaluru DC,25-08-2025,98,0,10,88,0
INV000035,P001,Bengaluru DC,01-09-2025,88,27,0,115,0
INV000036,P001,Bengaluru DC,08-09-2025,115,0,0,115,0
INV000037,P001,Bengaluru DC,15-09-2025,115,0,25,90,0
INV000038,P001,Bengaluru DC,22-09-2025,90,0,8,82,0
INV000039,P001,Bengaluru DC,29-09-2025,82,0,26,56,0
INV000040,P001,Bengaluru DC,06-10-2025,56,0,9,47,0
INV000041,P001,Bengaluru DC,13-10-2025,47,38,0,85,0
INV000042,P001,Bengaluru DC,20-10-2025,85,0,0,85,0
INV000043,P001,Bengaluru DC,27-10-2025,85,0,0,85,0
INV000044,P001,Bengaluru DC,03-11-2025,85,41,0,126,0
INV000045,P001,Bengaluru DC,10-11-2025,126,0,19,107,0
INV000046,P001,Bengaluru DC,17-11-2025,107,0,0,107,0
INV000047,P001,Bengaluru DC,24-11-2025,107,0,0,107,0
INV000048,P001,Bengaluru DC,01-12-2025,107,0,0,107,0
INV000049,P001,Bengaluru DC,08-12-2025,107,36,7,136,0
INV000050,P001,Bengaluru DC,15-12-2025,136,0,0,136,0
INV000051,P001,Bengaluru DC,22-12-2025,136,0,13,123,0
INV000052,P001,Bengaluru DC,29-12-2025,123,0,27,96,0
INV000053,P001,Pune DC,06-01-2025,87,0,0,87,0
INV000054,P001,Pune DC,13-01-2025,87,0,0,87,0
INV000055,P001,Pune DC,20-01-2025,87,0,26,61,0
INV000056,P001,Pune DC,27-01-2025,61,0,0,61,0
INV000057,P001,Pune DC,03-02-2025,61,0,15,46,0
INV000058,P001,Pune DC,10-02-2025,46,0,11,35,0
INV000059,P001,Pune DC,17-02-2025,35,47,13,69,0
INV000060,P001,Pune DC,24-02-2025,69,0,11,58,0
INV000061,P001,Pune DC,03-03-2025,58,0,11,47,0
INV000062,P001,Pune DC,10-03-2025,47,0,0,47,0
INV000063,P001,Pune DC,17-03-2025,47,46,14,79,0
INV000064,P001,Pune DC,24-03-2025,79,0,0,79,0
INV000065,P001,Pune DC,31-03-2025,79,0,0,79,0
INV000066,P001,Pune DC,07-04-2025,79,0,21,58,0
INV000067,P001,Pune DC,14-04-2025,58,0,11,47,0
INV000068,P001,Pune DC,21-04-2025,47,0,0,47,0
INV000069,P001,Pune DC,28-04-2025,47,35,47,35,0
INV000070,P001,Pune DC,05-05-2025,35,0,17,18,0
INV000071,P001,Pune DC,12-05-2025,18,32,5,45,0
INV000072,P001,Pune DC,19-05-2025,45,0,0,45,0
INV000073,P001,Pune DC,26-05-2025,45,0,0,45,0
INV000074,P001,Pune DC,02-06-2025,45,0,0,45,0
INV000075,P001,Pune DC,09-06-2025,45,0,24,21,0
INV000076,P001,Pune DC,16-06-2025,21,0,0,21,0
INV000077,P001,Pune DC,23-06-2025,21,44,35,30,0
INV000078,P001,Pune DC,30-06-2025,30,0,17,13,0
INV000079,P001,Pune DC,07-07-2025,13,0,34,0,21
INV000080,P001,Pune DC,14-07-2025,0,0,21,0,21
INV000081,P001,Pune DC,21-07-2025,0,0,11,0,11
INV000082,P001,Pune DC,28-07-2025,0,28,31,0,3
INV000083,P001,Pune DC,04-08-2025,0,0,0,0,0
INV000084,P001,Pune DC,11-08-2025,0,0,29,0,29
INV000085,P001,Pune DC,18-08-2025,0,0,0,0,0
INV000086,P001,Pune DC,25-08-2025,0,0,18,0,18
INV000087,P001,Pune DC,01-09-2025,0,27,26,1,0
INV000088,P001,Pune DC,08-09-2025,1,0,0,1,0
INV000089,P001,Pune DC,15-09-2025,1,0,0,1,0
INV000090,P001,Pune DC,22-09-2025,1,0,15,0,14
INV000091,P001,Pune DC,29-09-2025,0,0,0,0,0
INV000092,P001,Pune DC,06-10-2025,0,0,20,0,20
INV000093,P001,Pune DC,13-10-2025,0,38,0,38,0
INV000094,P001,Pune DC,20-10-2025,38,0,14,24,0
INV000095,P001,Pune DC,27-10-2025,24,0,29,0,5
INV000096,P001,Pune DC,03-11-2025,0,41,0,41,0
INV000097,P001,Pune DC,10-11-2025,41,0,13,28,0
INV000098,P001,Pune DC,17-11-2025,28,0,16,12,0
INV000099,P001,Pune DC,24-11-2025,12,0,12,0,0
INV000100,P001,Pune DC,01-12-2025,0,0,28,0,28
INV000101,P001,Pune DC,08-12-2025,0,36,12,24,0
INV000102,P001,Pune DC,15-12-2025,24,0,14,10,0
INV000103,P001,Pune DC,22-12-2025,10,0,13,0,3
INV000104,P001,Pune DC,29-12-2025,0,0,0,0,0
INV000105,P001,Chennai DC,06-01-2025,71,0,16,55,0
INV000106,P001,Chennai DC,13-01-2025,55,0,0,55,0
INV000107,P001,Chennai DC,20-01-2025,55,0,0,55,0
INV000108,P001,Chennai DC,27-01-2025,55,0,33,22,0
INV000109,P001,Chennai DC,03-02-2025,22,0,15,7,0
INV000110,P001,Chennai DC,10-02-2025,7,0,0,7,0
INV000111,P001,Chennai DC,17-02-2025,7,47,27,27,0
INV000112,P001,Chennai DC,24-02-2025,27,0,9,18,0
INV000113,P001,Chennai DC,03-03-2025,18,0,14,4,0
INV000114,P001,Chennai DC,10-03-2025,4,0,31,0,27
INV000115,P001,Chennai DC,17-03-2025,0,46,0,46,0
INV000116,P001,Chennai DC,24-03-2025,46,0,37,9,0
INV000117,P001,Chennai DC,31-03-2025,9,0,17,0,8
INV000118,P001,Chennai DC,07-04-2025,0,0,16,0,16
INV000119,P001,Chennai DC,14-04-2025,0,0,17,0,17
INV000120,P001,Chennai DC,21-04-2025,0,0,41,0,41
INV000121,P001,Chennai DC,28-04-2025,0,35,0,35,0
INV000122,P001,Chennai DC,05-05-2025,35,0,21,14,0
INV000123,P001,Chennai DC,12-05-2025,14,32,0,46,0
INV000124,P001,Chennai DC,19-05-2025,46,0,0,46,0
INV000125,P001,Chennai DC,26-05-2025,46,0,26,20,0
INV000126,P001,Chennai DC,02-06-2025,20,0,27,0,7
INV000127,P001,Chennai DC,09-06-2025,0,0,0,0,0
INV000128,P001,Chennai DC,16-06-2025,0,0,0,0,0
INV000129,P001,Chennai DC,23-06-2025,0,44,0,44,0
INV000130,P001,Chennai DC,30-06-2025,44,0,9,35,0
INV000131,P001,Chennai DC,07-07-2025,35,0,0,35,0
INV000132,P001,Chennai DC,14-07-2025,35,0,0,35,0
INV000133,P001,Chennai DC,21-07-2025,35,0,0,35,0
INV000134,P001,Chennai DC,28-07-2025,35,28,0,63,0
INV000135,P001,Chennai DC,04-08-2025,63,0,30,33,0
INV000136,P001,Chennai DC,11-08-2025,33,0,0,33,0
INV000137,P001,Chennai DC,18-08-2025,33,0,24,9,0
INV000138,P001,Chennai DC,25-08-2025,9,0,0,9,0
INV000139,P001,Chennai DC,01-09-2025,9,27,0,36,0
INV000140,P001,Chennai DC,08-09-2025,36,0,27,9,0
INV000141,P001,Chennai DC,15-09-2025,9,0,0,9,0
INV000142,P001,Chennai DC,22-09-2025,9,0,9,0,0
INV000143,P001,Chennai DC,29-09-2025,0,0,10,0,10
INV000144,P001,Chennai DC,06-10-2025,0,0,0,0,0
INV000145,P001,Chennai DC,13-10-2025,0,38,29,9,0
INV000146,P001,Chennai DC,20-10-2025,9,0,4,5,0
INV000147,P001,Chennai DC,27-10-2025,5,0,0,5,0
INV000148,P001,Chennai DC,03-11-2025,5,41,37,9,0
INV000149,P001,Chennai DC,10-11-2025,9,0,0,9,0
INV000150,P001,Chennai DC,17-11-2025,9,0,18,0,9
INV000151,P001,Chennai DC,24-11-2025,0,0,13,0,13
INV000152,P001,Chennai DC,01-12-2025,0,0,4,0,4
INV000153,P001,Chennai DC,08-12-2025,0,36,13,23,0
INV000154,P001,Chennai DC,15-12-2025,23,0,20,3,0
INV000155,P001,Chennai DC,22-12-2025,3,0,13,0,10
INV000156,P001,Chennai DC,29-12-2025,0,0,0,0,0
INV000157,P002,Bengaluru DC,06-01-2025,42,0,10,32,0
INV000158,P002,Bengaluru DC,13-01-2025,32,0,0,32,0
INV000159,P002,Bengaluru DC,20-01-2025,32,0,11,21,0
INV000160,P002,Bengaluru DC,27-01-2025,21,0,12,9,0
INV000161,P002,Bengaluru DC,03-02-2025,9,23,6,26,0
INV000162,P002,Bengaluru DC,10-02-2025,26,0,0,26,0
INV000163,P002,Bengaluru DC,17-02-2025,26,0,0,26,0
INV000164,P002,Bengaluru DC,24-02-2025,26,0,0,26,0
INV000165,P002,Bengaluru DC,03-03-2025,26,0,8,18,0
INV000166,P002,Bengaluru DC,10-03-2025,18,22,12,28,0
INV000167,P002,Bengaluru DC,17-03-2025,28,0,0,28,0
INV000168,P002,Bengaluru DC,24-03-2025,28,0,0,28,0
INV000169,P002,Bengaluru DC,31-03-2025,28,0,0,28,0
INV000170,P002,Bengaluru DC,07-04-2025,28,21,0,49,0
INV000171,P002,Bengaluru DC,14-04-2025,49,0,9,40,0
INV000172,P002,Bengaluru DC,21-04-2025,40,0,0,40,0
INV000173,P002,Bengaluru DC,28-04-2025,40,0,0,40,0
INV000174,P002,Bengaluru DC,05-05-2025,40,0,9,31,0
INV000175,P002,Bengaluru DC,12-05-2025,31,0,0,31,0
INV000176,P002,Bengaluru DC,19-05-2025,31,12,7,36,0
INV000177,P002,Bengaluru DC,26-05-2025,36,0,0,36,0
INV000178,P002,Bengaluru DC,02-06-2025,36,0,0,36,0
INV000179,P002,Bengaluru DC,09-06-2025,36,0,13,23,0
INV000180,P002,Bengaluru DC,16-06-2025,23,12,2,33,0
INV000181,P002,Bengaluru DC,23-06-2025,33,0,0,33,0
INV000182,P002,Bengaluru DC,30-06-2025,33,0,0,33,0
INV000183,P002,Bengaluru DC,07-07-2025,33,0,0,33,0
INV000184,P002,Bengaluru DC,14-07-2025,33,0,0,33,0
INV000185,P002,Bengaluru DC,21-07-2025,33,21,5,49,0
INV000186,P002,Bengaluru DC,28-07-2025,49,0,3,46,0
INV000187,P002,Bengaluru DC,04-08-2025,46,0,5,41,0
INV000188,P002,Bengaluru DC,11-08-2025,41,0,0,41,0
INV000189,P002,Bengaluru DC,18-08-2025,41,17,0,58,0
INV000190,P002,Bengaluru DC,25-08-2025,58,0,14,44,0
INV000191,P002,Bengaluru DC,01-09-2025,44,0,18,26,0
INV000192,P002,Bengaluru DC,08-09-2025,26,0,4,22,0
INV000193,P002,Bengaluru DC,15-09-2025,22,0,6,16,0
INV000194,P002,Bengaluru DC,22-09-2025,16,17,0,33,0
INV000195,P002,Bengaluru DC,29-09-2025,33,0,4,29,0
INV000196,P002,Bengaluru DC,06-10-2025,29,0,0,29,0
INV000197,P002,Bengaluru DC,13-10-2025,29,0,0,29,0
INV000198,P002,Bengaluru DC,20-10-2025,29,0,9,20,0
INV000199,P002,Bengaluru DC,27-10-2025,20,0,0,20,0
INV000200,P002,Bengaluru DC,03-11-2025,20,21,0,41,0
INV000201,P002,Bengaluru DC,10-11-2025,41,0,4,37,0
INV000202,P002,Bengaluru DC,17-11-2025,37,19,0,56,0
INV000203,P002,Bengaluru DC,24-11-2025,56,0,4,52,0
INV000204,P002,Bengaluru DC,01-12-2025,52,0,12,40,0
INV000205,P002,Bengaluru DC,08-12-2025,40,0,8,32,0
INV000206,P002,Bengaluru DC,15-12-2025,32,0,6,26,0
INV000207,P002,Bengaluru DC,22-12-2025,26,13,0,39,0
INV000208,P002,Bengaluru DC,29-12-2025,39,0,0,39,0
INV000209,P002,Pune DC,06-01-2025,42,0,0,42,0
INV000210,P002,Pune DC,13-01-2025,42,0,11,31,0
INV000211,P002,Pune DC,20-01-2025,31,0,0,31,0
INV000212,P002,Pune DC,27-01-2025,31,0,0,31,0
INV000213,P002,Pune DC,03-02-2025,31,23,3,51,0
INV000214,P002,Pune DC,10-02-2025,51,0,15,36,0
INV000215,P002,Pune DC,17-02-2025,36,0,14,22,0
INV000216,P002,Pune DC,24-02-2025,22,0,0,22,0
INV000217,P002,Pune DC,03-03-2025,22,0,11,11,0
INV000218,P002,Pune DC,10-03-2025,11,22,0,33,0
INV000219,P002,Pune DC,17-03-2025,33,0,0,33,0
INV000220,P002,Pune DC,24-03-2025,33,0,20,13,0
INV000221,P002,Pune DC,31-03-2025,13,0,4,9,0
INV000222,P002,Pune DC,07-04-2025,9,21,0,30,0
INV000223,P002,Pune DC,14-04-2025,30,0,0,30,0
INV000224,P002,Pune DC,21-04-2025,30,0,2,28,0
INV000225,P002,Pune DC,28-04-2025,28,0,20,8,0
INV000226,P002,Pune DC,05-05-2025,8,0,0,8,0
INV000227,P002,Pune DC,12-05-2025,8,0,17,0,9
INV000228,P002,Pune DC,19-05-2025,0,12,0,12,0
INV000229,P002,Pune DC,26-05-2025,12,0,12,0,0
INV000230,P002,Pune DC,02-06-2025,0,0,3,0,3
INV000231,P002,Pune DC,09-06-2025,0,0,0,0,0
INV000232,P002,Pune DC,16-06-2025,0,12,6,6,0
INV000233,P002,Pune DC,23-06-2025,6,0,12,0,6
INV000234,P002,Pune DC,30-06-2025,0,0,13,0,13
INV000235,P002,Pune DC,07-07-2025,0,0,13,0,13
INV000236,P002,Pune DC,14-07-2025,0,0,13,0,13
INV000237,P002,Pune DC,21-07-2025,0,21,0,21,0
INV000238,P002,Pune DC,28-07-2025,21,0,7,14,0
INV000239,P002,Pune DC,04-08-2025,14,0,0,14,0
INV000240,P002,Pune DC,11-08-2025,14,0,0,14,0
INV000241,P002,Pune DC,18-08-2025,14,17,11,20,0
INV000242,P002,Pune DC,25-08-2025,20,0,0,20,0
INV000243,P002,Pune DC,01-09-2025,20,0,0,20,0
INV000244,P002,Pune DC,08-09-2025,20,0,3,17,0
INV000245,P002,Pune DC,15-09-2025,17,0,0,17,0
INV000246,P002,Pune DC,22-09-2025,17,17,5,29,0
INV000247,P002,Pune DC,29-09-2025,29,0,0,29,0
INV000248,P002,Pune DC,06-10-2025,29,0,4,25,0
INV000249,P002,Pune DC,13-10-2025,25,0,0,25,0
INV000250,P002,Pune DC,20-10-2025,25,0,5,20,0
INV000251,P002,Pune DC,27-10-2025,20,0,5,15,0
INV000252,P002,Pune DC,03-11-2025,15,21,9,27,0
INV000253,P002,Pune DC,10-11-2025,27,0,4,23,0
INV000254,P002,Pune DC,17-11-2025,23,19,12,30,0
INV000255,P002,Pune DC,24-11-2025,30,0,5,25,0
INV000256,P002,Pune DC,01-12-2025,25,0,2,23,0
INV000257,P002,Pune DC,08-12-2025,23,0,0,23,0
INV000258,P002,Pune DC,15-12-2025,23,0,3,20,0
INV000259,P002,Pune DC,22-12-2025,20,13,9,24,0
INV000260,P002,Pune DC,29-12-2025,24,0,3,21,0
INV000261,P002,Chennai DC,06-01-2025,40,0,0,40,0
INV000262,P002,Chennai DC,13-01-2025,40,0,0,40,0
INV000263,P002,Chennai DC,20-01-2025,40,0,0,40,0
INV000264,P002,Chennai DC,27-01-2025,40,0,6,34,0
INV000265,P002,Chennai DC,03-02-2025,34,23,0,57,0
INV000266,P002,Chennai DC,10-02-2025,57,0,0,57,0
INV000267,P002,Chennai DC,17-02-2025,57,0,0,57,0
INV000268,P002,Chennai DC,24-02-2025,57,0,16,41,0
INV000269,P002,Chennai DC,03-03-2025,41,0,0,41,0
INV000270,P002,Chennai DC,10-03-2025,41,22,0,63,0
INV000271,P002,Chennai DC,17-03-2025,63,0,14,49,0
INV000272,P002,Chennai DC,24-03-2025,49,0,0,49,0
INV000273,P002,Chennai DC,31-03-2025,49,0,9,40,0
INV000274,P002,Chennai DC,07-04-2025,40,21,13,48,0
INV000275,P002,Chennai DC,14-04-2025,48,0,0,48,0
INV000276,P002,Chennai DC,21-04-2025,48,0,4,44,0
INV000277,P002,Chennai DC,28-04-2025,44,0,0,44,0
INV000278,P002,Chennai DC,05-05-2025,44,0,9,35,0
INV000279,P002,Chennai DC,12-05-2025,35,0,0,35,0
INV000280,P002,Chennai DC,19-05-2025,35,12,4,43,0
INV000281,P002,Chennai DC,26-05-2025,43,0,0,43,0
INV000282,P002,Chennai DC,02-06-2025,43,0,12,31,0
INV000283,P002,Chennai DC,09-06-2025,31,0,0,31,0
INV000284,P002,Chennai DC,16-06-2025,31,12,0,43,0
INV000285,P002,Chennai DC,23-06-2025,43,0,0,43,0
INV000286,P002,Chennai DC,30-06-2025,43,0,0,43,0
INV000287,P002,Chennai DC,07-07-2025,43,0,0,43,0
INV000288,P002,Chennai DC,14-07-2025,43,0,0,43,0
INV000289,P002,Chennai DC,21-07-2025,43,21,8,56,0
INV000290,P002,Chennai DC,28-07-2025,56,0,0,56,0
INV000291,P002,Chennai DC,04-08-2025,56,0,5,51,0
INV000292,P002,Chennai DC,11-08-2025,51,0,9,42,0
INV000293,P002,Chennai DC,18-08-2025,42,17,0,59,0
INV000294,P002,Chennai DC,25-08-2025,59,0,0,59,0
INV000295,P002,Chennai DC,01-09-2025,59,0,0,59,0
INV000296,P002,Chennai DC,08-09-2025,59,0,4,55,0
INV000297,P002,Chennai DC,15-09-2025,55,0,0,55,0
INV000298,P002,Chennai DC,22-09-2025,55,17,3,69,0
INV000299,P002,Chennai DC,29-09-2025,69,0,2,67,0
INV000300,P002,Chennai DC,06-10-2025,67,0,5,62,0
INV000301,P002,Chennai DC,13-10-2025,62,0,9,53,0
INV000302,P002,Chennai DC,20-10-2025,53,0,0,53,0
INV000303,P002,Chennai DC,27-10-2025,53,0,3,50,0
INV000304,P002,Chennai DC,03-11-2025,50,21,0,71,0
INV000305,P002,Chennai DC,10-11-2025,71,0,0,71,0
INV000306,P002,Chennai DC,17-11-2025,71,19,0,90,0
INV000307,P002,Chennai DC,24-11-2025,90,0,0,90,0
INV000308,P002,Chennai DC,01-12-2025,90,0,0,90,0
INV000309,P002,Chennai DC,08-12-2025,90,0,0,90,0
INV000310,P002,Chennai DC,15-12-2025,90,0,0,90,0
INV000311,P002,Chennai DC,22-12-2025,90,13,0,103,0
INV000312,P002,Chennai DC,29-12-2025,103,0,11,92,0
INV000313,P003,Bengaluru DC,06-01-2025,119,0,13,106,0
INV000314,P003,Bengaluru DC,13-01-2025,106,66,14,158,0
INV000315,P003,Bengaluru DC,20-01-2025,158,0,24,134,0
INV000316,P003,Bengaluru DC,27-01-2025,134,0,0,134,0
INV000317,P003,Bengaluru DC,03-02-2025,134,0,16,118,0
INV000318,P003,Bengaluru DC,10-02-2025,118,47,39,126,0
INV000319,P003,Bengaluru DC,17-02-2025,126,0,0,126,0
INV000320,P003,Bengaluru DC,24-02-2025,126,0,0,126,0
INV000321,P003,Bengaluru DC,03-03-2025,126,0,8,118,0
INV000322,P003,Bengaluru DC,10-03-2025,118,0,50,68,0
INV000323,P003,Bengaluru DC,17-03-2025,68,0,0,68,0
INV000324,P003,Bengaluru DC,24-03-2025,68,51,0,119,0
INV000325,P003,Bengaluru DC,31-03-2025,119,0,23,96,0
INV000326,P003,Bengaluru DC,07-04-2025,96,0,0,96,0
INV000327,P003,Bengaluru DC,14-04-2025,96,0,0,96,0
INV000328,P003,Bengaluru DC,21-04-2025,96,41,0,137,0
INV000329,P003,Bengaluru DC,28-04-2025,137,0,49,88,0
INV000330,P003,Bengaluru DC,05-05-2025,88,0,41,47,0
INV000331,P003,Bengaluru DC,12-05-2025,47,0,0,47,0
INV000332,P003,Bengaluru DC,19-05-2025,47,43,0,90,0
INV000333,P003,Bengaluru DC,26-05-2025,90,0,38,52,0
INV000334,P003,Bengaluru DC,02-06-2025,52,0,0,52,0
INV000335,P003,Bengaluru DC,09-06-2025,52,0,0,52,0
INV000336,P003,Bengaluru DC,16-06-2025,52,0,0,52,0
INV000337,P003,Bengaluru DC,23-06-2025,52,48,0,100,0
INV000338,P003,Bengaluru DC,30-06-2025,100,0,0,100,0
INV000339,P003,Bengaluru DC,07-07-2025,100,0,35,65,0
INV000340,P003,Bengaluru DC,14-07-2025,65,0,16,49,0
INV000341,P003,Bengaluru DC,21-07-2025,49,59,8,100,0
INV000342,P003,Bengaluru DC,28-07-2025,100,0,18,82,0
INV000343,P003,Bengaluru DC,04-08-2025,82,0,10,72,0
INV000344,P003,Bengaluru DC,11-08-2025,72,0,22,50,0
INV000345,P003,Bengaluru DC,18-08-2025,50,0,40,10,0
INV000346,P003,Bengaluru DC,25-08-2025,10,0,44,0,34
INV000347,P003,Bengaluru DC,01-09-2025,0,75,12,63,0
INV000348,P003,Bengaluru DC,08-09-2025,63,0,14,49,0
INV000349,P003,Bengaluru DC,15-09-2025,49,50,0,99,0
INV000350,P003,Bengaluru DC,22-09-2025,99,0,48,51,0
INV000351,P003,Bengaluru DC,29-09-2025,51,0,8,43,0
INV000352,P003,Bengaluru DC,06-10-2025,43,0,0,43,0
INV000353,P003,Bengaluru DC,13-10-2025,43,63,0,106,0
INV000354,P003,Bengaluru DC,20-10-2025,106,0,46,60,0
INV000355,P003,Bengaluru DC,27-10-2025,60,0,17,43,0
INV000356,P003,Bengaluru DC,03-11-2025,43,0,0,43,0
INV000357,P003,Bengaluru DC,10-11-2025,43,69,0,112,0
INV000358,P003,Bengaluru DC,17-11-2025,112,0,0,112,0
INV000359,P003,Bengaluru DC,24-11-2025,112,0,30,82,0
INV000360,P003,Bengaluru DC,01-12-2025,82,53,19,116,0
INV000361,P003,Bengaluru DC,08-12-2025,116,0,0,116,0
INV000362,P003,Bengaluru DC,15-12-2025,116,0,0,116,0
INV000363,P003,Bengaluru DC,22-12-2025,116,0,23,93,0
INV000364,P003,Bengaluru DC,29-12-2025,93,52,41,104,0
INV000365,P003,Pune DC,06-01-2025,116,0,25,91,0
INV000366,P003,Pune DC,13-01-2025,91,66,23,134,0
INV000367,P003,Pune DC,20-01-2025,134,0,20,114,0
INV000368,P003,Pune DC,27-01-2025,114,0,37,77,0
INV000369,P003,Pune DC,03-02-2025,77,0,9,68,0
INV000370,P003,Pune DC,10-02-2025,68,47,0,115,0
INV000371,P003,Pune DC,17-02-2025,115,0,0,115,0
INV000372,P003,Pune DC,24-02-2025,115,0,43,72,0
INV000373,P003,Pune DC,03-03-2025,72,0,12,60,0
INV000374,P003,Pune DC,10-03-2025,60,0,0,60,0
INV000375,P003,Pune DC,17-03-2025,60,0,33,27,0
INV000376,P003,Pune DC,24-03-2025,27,51,48,30,0
INV000377,P003,Pune DC,31-03-2025,30,0,0,30,0
INV000378,P003,Pune DC,07-04-2025,30,0,0,30,0
INV000379,P003,Pune DC,14-04-2025,30,0,0,30,0
INV000380,P003,Pune DC,21-04-2025,30,41,29,42,0
INV000381,P003,Pune DC,28-04-2025,42,0,0,42,0
INV000382,P003,Pune DC,05-05-2025,42,0,0,42,0
INV000383,P003,Pune DC,12-05-2025,42,0,34,8,0
INV000384,P003,Pune DC,19-05-2025,8,43,47,4,0
INV000385,P003,Pune DC,26-05-2025,4,0,0,4,0
INV000386,P003,Pune DC,02-06-2025,4,0,30,0,26
INV000387,P003,Pune DC,09-06-2025,0,0,33,0,33
INV000388,P003,Pune DC,16-06-2025,0,0,0,0,0
INV000389,P003,Pune DC,23-06-2025,0,48,0,48,0
INV000390,P003,Pune DC,30-06-2025,48,0,39,9,0
INV000391,P003,Pune DC,07-07-2025,9,0,0,9,0
INV000392,P003,Pune DC,14-07-2025,9,0,0,9,0
INV000393,P003,Pune DC,21-07-2025,9,59,41,27,0
INV000394,P003,Pune DC,28-07-2025,27,0,29,0,2
INV000395,P003,Pune DC,04-08-2025,0,0,9,0,9
INV000396,P003,Pune DC,11-08-2025,0,0,0,0,0
INV000397,P003,Pune DC,18-08-2025,0,0,0,0,0
INV000398,P003,Pune DC,25-08-2025,0,0,0,0,0
INV000399,P003,Pune DC,01-09-2025,0,75,11,64,0
INV000400,P003,Pune DC,08-09-2025,64,0,24,40,0
INV000401,P003,Pune DC,15-09-2025,40,50,0,90,0
INV000402,P003,Pune DC,22-09-2025,90,0,0,90,0
INV000403,P003,Pune DC,29-09-2025,90,0,7,83,0
INV000404,P003,Pune DC,06-10-2025,83,0,36,47,0
INV000405,P003,Pune DC,13-10-2025,47,63,42,68,0
INV000406,P003,Pune DC,20-10-2025,68,0,0,68,0
INV000407,P003,Pune DC,27-10-2025,68,0,18,50,0
INV000408,P003,Pune DC,03-11-2025,50,0,26,24,0
INV000409,P003,Pune DC,10-11-2025,24,69,0,93,0
INV000410,P003,Pune DC,17-11-2025,93,0,16,77,0
INV000411,P003,Pune DC,24-11-2025,77,0,20,57,0
INV000412,P003,Pune DC,01-12-2025,57,53,17,93,0
INV000413,P003,Pune DC,08-12-2025,93,0,18,75,0
INV000414,P003,Pune DC,15-12-2025,75,0,46,29,0
INV000415,P003,Pune DC,22-12-2025,29,0,30,0,1
INV000416,P003,Pune DC,29-12-2025,0,52,0,52,0
INV000417,P003,Chennai DC,06-01-2025,123,0,19,104,0
INV000418,P003,Chennai DC,13-01-2025,104,66,0,170,0
INV000419,P003,Chennai DC,20-01-2025,170,0,0,170,0
INV000420,P003,Chennai DC,27-01-2025,170,0,0,170,0
INV000421,P003,Chennai DC,03-02-2025,170,0,15,155,0
INV000422,P003,Chennai DC,10-02-2025,155,47,0,202,0
INV000423,P003,Chennai DC,17-02-2025,202,0,40,162,0
INV000424,P003,Chennai DC,24-02-2025,162,0,0,162,0
INV000425,P003,Chennai DC,03-03-2025,162,0,9,153,0
INV000426,P003,Chennai DC,10-03-2025,153,0,0,153,0
INV000427,P003,Chennai DC,17-03-2025,153,0,0,153,0
INV000428,P003,Chennai DC,24-03-2025,153,51,0,204,0
INV000429,P003,Chennai DC,31-03-2025,204,0,26,178,0
INV000430,P003,Chennai DC,07-04-2025,178,0,46,132,0
INV000431,P003,Chennai DC,14-04-2025,132,0,57,75,0
INV000432,P003,Chennai DC,21-04-2025,75,41,12,104,0
INV000433,P003,Chennai DC,28-04-2025,104,0,0,104,0
INV000434,P003,Chennai DC,05-05-2025,104,0,0,104,0
INV000435,P003,Chennai DC,12-05-2025,104,0,24,80,0
INV000436,P003,Chennai DC,19-05-2025,80,43,0,123,0
INV000437,P003,Chennai DC,26-05-2025,123,0,0,123,0
INV000438,P003,Chennai DC,02-06-2025,123,0,0,123,0
INV000439,P003,Chennai DC,09-06-2025,123,0,0,123,0
INV000440,P003,Chennai DC,16-06-2025,123,0,46,77,0
INV000441,P003,Chennai DC,23-06-2025,77,48,40,85,0
INV000442,P003,Chennai DC,30-06-2025,85,0,0,85,0
INV000443,P003,Chennai DC,07-07-2025,85,0,11,74,0
INV000444,P003,Chennai DC,14-07-2025,74,0,19,55,0
INV000445,P003,Chennai DC,21-07-2025,55,59,0,114,0
INV000446,P003,Chennai DC,28-07-2025,114,0,0,114,0
INV000447,P003,Chennai DC,04-08-2025,114,0,15,99,0
INV000448,P003,Chennai DC,11-08-2025,99,0,17,82,0
INV000449,P003,Chennai DC,18-08-2025,82,0,0,82,0
INV000450,P003,Chennai DC,25-08-2025,82,0,0,82,0
INV000451,P003,Chennai DC,01-09-2025,82,75,8,149,0
INV000452,P003,Chennai DC,08-09-2025,149,0,0,149,0
INV000453,P003,Chennai DC,15-09-2025,149,50,35,164,0
INV000454,P003,Chennai DC,22-09-2025,164,0,0,164,0
INV000455,P003,Chennai DC,29-09-2025,164,0,10,154,0
INV000456,P003,Chennai DC,06-10-2025,154,0,0,154,0
INV000457,P003,Chennai DC,13-10-2025,154,63,0,217,0
INV000458,P003,Chennai DC,20-10-2025,217,0,0,217,0
INV000459,P003,Chennai DC,27-10-2025,217,0,0,217,0
INV000460,P003,Chennai DC,03-11-2025,217,0,17,200,0
INV000461,P003,Chennai DC,10-11-2025,200,69,47,222,0
INV000462,P003,Chennai DC,17-11-2025,222,0,22,200,0
INV000463,P003,Chennai DC,24-11-2025,200,0,0,200,0
INV000464,P003,Chennai DC,01-12-2025,200,53,12,241,0
INV000465,P003,Chennai DC,08-12-2025,241,0,21,220,0
INV000466,P003,Chennai DC,15-12-2025,220,0,0,220,0
INV000467,P003,Chennai DC,22-12-2025,220,0,0,220,0
INV000468,P003,Chennai DC,29-12-2025,220,52,0,272,0
INV000469,P004,Bengaluru DC,06-01-2025,45,0,0,45,0
INV000470,P004,Bengaluru DC,13-01-2025,45,0,0,45,0
INV000471,P004,Bengaluru DC,20-01-2025,45,27,0,72,0
INV000472,P004,Bengaluru DC,27-01-2025,72,0,12,60,0
INV000473,P004,Bengaluru DC,03-02-2025,60,0,0,60,0
INV000474,P004,Bengaluru DC,10-02-2025,60,0,13,47,0
INV000475,P004,Bengaluru DC,17-02-2025,47,0,0,47,0
INV000476,P004,Bengaluru DC,24-02-2025,47,0,0,47,0
INV000477,P004,Bengaluru DC,03-03-2025,47,32,10,69,0
INV000478,P004,Bengaluru DC,10-03-2025,69,0,12,57,0
INV000479,P004,Bengaluru DC,17-03-2025,57,0,0,57,0
INV000480,P004,Bengaluru DC,24-03-2025,57,0,0,57,0
INV000481,P004,Bengaluru DC,31-03-2025,57,0,0,57,0
INV000482,P004,Bengaluru DC,07-04-2025,57,0,0,57,0
INV000483,P004,Bengaluru DC,14-04-2025,57,24,0,81,0
INV000484,P004,Bengaluru DC,21-04-2025,81,0,12,69,0
INV000485,P004,Bengaluru DC,28-04-2025,69,0,0,69,0
INV000486,P004,Bengaluru DC,05-05-2025,69,0,13,56,0
INV000487,P004,Bengaluru DC,12-05-2025,56,23,27,52,0
INV000488,P004,Bengaluru DC,19-05-2025,52,0,0,52,0
INV000489,P004,Bengaluru DC,26-05-2025,52,0,14,38,0
INV000490,P004,Bengaluru DC,02-06-2025,38,31,0,69,0
INV000491,P004,Bengaluru DC,09-06-2025,69,0,20,49,0
INV000492,P004,Bengaluru DC,16-06-2025,49,0,7,42,0
INV000493,P004,Bengaluru DC,23-06-2025,42,23,0,65,0
INV000494,P004,Bengaluru DC,30-06-2025,65,0,11,54,0
INV000495,P004,Bengaluru DC,07-07-2025,54,0,27,27,0
INV000496,P004,Bengaluru DC,14-07-2025,27,0,5,22,0
INV000497,P004,Bengaluru DC,21-07-2025,22,0,17,5,0
INV000498,P004,Bengaluru DC,28-07-2025,5,0,11,0,6
INV000499,P004,Bengaluru DC,04-08-2025,0,27,0,27,0
INV000500,P004,Bengaluru DC,11-08-2025,27,0,13,14,0
INV000501,P004,Bengaluru DC,18-08-2025,14,0,18,0,4
INV000502,P004,Bengaluru DC,25-08-2025,0,23,0,23,0
INV000503,P004,Bengaluru DC,01-09-2025,23,0,0,23,0
INV000504,P004,Bengaluru DC,08-09-2025,23,0,0,23,0
INV000505,P004,Bengaluru DC,15-09-2025,23,0,0,23,0
INV000506,P004,Bengaluru DC,22-09-2025,23,0,11,12,0
INV000507,P004,Bengaluru DC,29-09-2025,12,0,6,6,0
INV000508,P004,Bengaluru DC,06-10-2025,6,31,0,37,0
INV000509,P004,Bengaluru DC,13-10-2025,37,0,0,37,0
INV000510,P004,Bengaluru DC,20-10-2025,37,0,10,27,0
INV000511,P004,Bengaluru DC,27-10-2025,27,0,0,27,0
INV000512,P004,Bengaluru DC,03-11-2025,27,0,12,15,0
INV000513,P004,Bengaluru DC,10-11-2025,15,19,5,29,0
INV000514,P004,Bengaluru DC,17-11-2025,29,0,0,29,0
INV000515,P004,Bengaluru DC,24-11-2025,29,0,10,19,0
INV000516,P004,Bengaluru DC,01-12-2025,19,21,8,32,0
INV000517,P004,Bengaluru DC,08-12-2025,32,0,0,32,0
INV000518,P004,Bengaluru DC,15-12-2025,32,0,0,32,0
INV000519,P004,Bengaluru DC,22-12-2025,32,28,0,60,0
INV000520,P004,Bengaluru DC,29-12-2025,60,0,0,60,0
INV000521,P004,Pune DC,06-01-2025,68,0,16,52,0
INV000522,P004,Pune DC,13-01-2025,52,0,0,52,0
INV000523,P004,Pune DC,20-01-2025,52,27,10,69,0
INV000524,P004,Pune DC,27-01-2025,69,0,0,69,0
INV000525,P004,Pune DC,03-02-2025,69,0,15,54,0
INV000526,P004,Pune DC,10-02-2025,54,0,0,54,0
INV000527,P004,Pune DC,17-02-2025,54,0,30,24,0
INV000528,P004,Pune DC,24-02-2025,24,0,19,5,0
INV000529,P004,Pune DC,03-03-2025,5,32,14,23,0
INV000530,P004,Pune DC,10-03-2025,23,0,8,15,0
INV000531,P004,Pune DC,17-03-2025,15,0,29,0,14
INV000532,P004,Pune DC,24-03-2025,0,0,0,0,0
INV000533,P004,Pune DC,31-03-2025,0,0,28,0,28
INV000534,P004,Pune DC,07-04-2025,0,0,20,0,20
INV000535,P004,Pune DC,14-04-2025,0,24,32,0,8
INV000536,P004,Pune DC,21-04-2025,0,0,5,0,5
INV000537,P004,Pune DC,28-04-2025,0,0,0,0,0
INV000538,P004,Pune DC,05-05-2025,0,0,8,0,8
INV000539,P004,Pune DC,12-05-2025,0,23,0,23,0
INV000540,P004,Pune DC,19-05-2025,23,0,12,11,0
INV000541,P004,Pune DC,26-05-2025,11,0,5,6,0
INV000542,P004,Pune DC,02-06-2025,6,31,0,37,0
INV000543,P004,Pune DC,09-06-2025,37,0,0,37,0
INV000544,P004,Pune DC,16-06-2025,37,0,19,18,0
INV000545,P004,Pune DC,23-06-2025,18,23,28,13,0
INV000546,P004,Pune DC,30-06-2025,13,0,0,13,0
INV000547,P004,Pune DC,07-07-2025,13,0,0,13,0
INV000548,P004,Pune DC,14-07-2025,13,0,17,0,4
INV000549,P004,Pune DC,21-07-2025,0,0,0,0,0
INV000550,P004,Pune DC,28-07-2025,0,0,0,0,0
INV000551,P004,Pune DC,04-08-2025,0,27,17,10,0
INV000552,P004,Pune DC,11-08-2025,10,0,0,10,0
INV000553,P004,Pune DC,18-08-2025,10,0,0,10,0
INV000554,P004,Pune DC,25-08-2025,10,23,14,19,0
INV000555,P004,Pune DC,01-09-2025,19,0,3,16,0
INV000556,P004,Pune DC,08-09-2025,16,0,26,0,10
INV000557,P004,Pune DC,15-09-2025,0,0,9,0,9
INV000558,P004,Pune DC,22-09-2025,0,0,0,0,0
INV000559,P004,Pune DC,29-09-2025,0,0,16,0,16
INV000560,P004,Pune DC,06-10-2025,0,31,27,4,0
INV000561,P004,Pune DC,13-10-2025,4,0,10,0,6
INV000562,P004,Pune DC,20-10-2025,0,0,0,0,0
INV000563,P004,Pune DC,27-10-2025,0,0,6,0,6
INV000564,P004,Pune DC,03-11-2025,0,0,0,0,0
INV000565,P004,Pune DC,10-11-2025,0,19,0,19,0
INV000566,P004,Pune DC,17-11-2025,19,0,17,2,0
INV000567,P004,Pune DC,24-11-2025,2,0,0,2,0
INV000568,P004,Pune DC,01-12-2025,2,21,4,19,0
INV000569,P004,Pune DC,08-12-2025,19,0,11,8,0
INV000570,P004,Pune DC,15-12-2025,8,0,28,0,20
INV000571,P004,Pune DC,22-12-2025,0,28,9,19,0
INV000572,P004,Pune DC,29-12-2025,19,0,24,0,5
INV000573,P004,Chennai DC,06-01-2025,46,0,4,42,0
INV000574,P004,Chennai DC,13-01-2025,42,0,19,23,0
INV000575,P004,Chennai DC,20-01-2025,23,27,12,38,0
INV000576,P004,Chennai DC,27-01-2025,38,0,13,25,0
INV000577,P004,Chennai DC,03-02-2025,25,0,0,25,0
INV000578,P004,Chennai DC,10-02-2025,25,0,5,20,0
INV000579,P004,Chennai DC,17-02-2025,20,0,0,20,0
INV000580,P004,Chennai DC,24-02-2025,20,0,0,20,0
INV000581,P004,Chennai DC,03-03-2025,20,32,0,52,0
INV000582,P004,Chennai DC,10-03-2025,52,0,9,43,0
INV000583,P004,Chennai DC,17-03-2025,43,0,0,43,0
INV000584,P004,Chennai DC,24-03-2025,43,0,24,19,0
INV000585,P004,Chennai DC,31-03-2025,19,0,0,19,0
INV000586,P004,Chennai DC,07-04-2025,19,0,0,19,0
INV000587,P004,Chennai DC,14-04-2025,19,24,0,43,0
INV000588,P004,Chennai DC,21-04-2025,43,0,0,43,0
INV000589,P004,Chennai DC,28-04-2025,43,0,30,13,0
INV000590,P004,Chennai DC,05-05-2025,13,0,0,13,0
INV000591,P004,Chennai DC,12-05-2025,13,23,0,36,0
INV000592,P004,Chennai DC,19-05-2025,36,0,17,19,0
INV000593,P004,Chennai DC,26-05-2025,19,0,12,7,0
INV000594,P004,Chennai DC,02-06-2025,7,31,24,14,0
INV000595,P004,Chennai DC,09-06-2025,14,0,0,14,0
INV000596,P004,Chennai DC,16-06-2025,14,0,0,14,0
INV000597,P004,Chennai DC,23-06-2025,14,23,0,37,0
INV000598,P004,Chennai DC,30-06-2025,37,0,13,24,0
INV000599,P004,Chennai DC,07-07-2025,24,0,0,24,0
INV000600,P004,Chennai DC,14-07-2025,24,0,0,24,0
INV000601,P004,Chennai DC,21-07-2025,24,0,0,24,0
INV000602,P004,Chennai DC,28-07-2025,24,0,12,12,0
INV000603,P004,Chennai DC,04-08-2025,12,27,0,39,0
INV000604,P004,Chennai DC,11-08-2025,39,0,0,39,0
INV000605,P004,Chennai DC,18-08-2025,39,0,0,39,0
INV000606,P004,Chennai DC,25-08-2025,39,23,0,62,0
INV000607,P004,Chennai DC,01-09-2025,62,0,10,52,0
INV000608,P004,Chennai DC,08-09-2025,52,0,0,52,0
INV000609,P004,Chennai DC,15-09-2025,52,0,18,34,0
INV000610,P004,Chennai DC,22-09-2025,34,0,0,34,0
INV000611,P004,Chennai DC,29-09-2025,34,0,0,34,0
INV000612,P004,Chennai DC,06-10-2025,34,31,0,65,0
INV000613,P004,Chennai DC,13-10-2025,65,0,12,53,0
INV000614,P004,Chennai DC,20-10-2025,53,0,0,53,0
INV000615,P004,Chennai DC,27-10-2025,53,0,2,51,0
INV000616,P004,Chennai DC,03-11-2025,51,0,0,51,0
INV000617,P004,Chennai DC,10-11-2025,51,19,11,59,0
INV000618,P004,Chennai DC,17-11-2025,59,0,0,59,0
INV000619,P004,Chennai DC,24-11-2025,59,0,7,52,0
INV000620,P004,Chennai DC,01-12-2025,52,21,3,70,0
INV000621,P004,Chennai DC,08-12-2025,70,0,11,59,0
INV000622,P004,Chennai DC,15-12-2025,59,0,0,59,0
INV000623,P004,Chennai DC,22-12-2025,59,28,15,72,0
INV000624,P004,Chennai DC,29-12-2025,72,0,0,72,0
INV000625,P005,Bengaluru DC,06-01-2025,303,0,0,303,0
INV000626,P005,Bengaluru DC,13-01-2025,303,0,53,250,0
INV000627,P005,Bengaluru DC,20-01-2025,250,0,64,186,0
INV000628,P005,Bengaluru DC,27-01-2025,186,0,52,134,0
INV000629,P005,Bengaluru DC,03-02-2025,134,0,0,134,0
INV000630,P005,Bengaluru DC,10-02-2025,134,175,0,309,0
INV000631,P005,Bengaluru DC,17-02-2025,309,0,0,309,0
INV000632,P005,Bengaluru DC,24-02-2025,309,0,34,275,0
INV000633,P005,Bengaluru DC,03-03-2025,275,0,0,275,0
INV000634,P005,Bengaluru DC,10-03-2025,275,160,0,435,0
INV000635,P005,Bengaluru DC,17-03-2025,435,0,84,351,0
INV000636,P005,Bengaluru DC,24-03-2025,351,0,59,292,0
INV000637,P005,Bengaluru DC,31-03-2025,292,0,0,292,0
INV000638,P005,Bengaluru DC,07-04-2025,292,0,57,235,0
INV000639,P005,Bengaluru DC,14-04-2025,235,115,0,350,0
INV000640,P005,Bengaluru DC,21-04-2025,350,0,0,350,0
INV000641,P005,Bengaluru DC,28-04-2025,350,211,0,561,0
INV000642,P005,Bengaluru DC,05-05-2025,561,0,57,504,0
INV000643,P005,Bengaluru DC,12-05-2025,504,0,147,357,0
INV000644,P005,Bengaluru DC,19-05-2025,357,0,50,307,0
INV000645,P005,Bengaluru DC,26-05-2025,307,151,0,458,0
INV000646,P005,Bengaluru DC,02-06-2025,458,0,183,275,0
INV000647,P005,Bengaluru DC,09-06-2025,275,0,0,275,0
INV000648,P005,Bengaluru DC,16-06-2025,275,0,0,275,0
INV000649,P005,Bengaluru DC,23-06-2025,275,154,45,384,0
INV000650,P005,Bengaluru DC,30-06-2025,384,0,0,384,0
INV000651,P005,Bengaluru DC,07-07-2025,384,0,44,340,0
INV000652,P005,Bengaluru DC,14-07-2025,340,0,46,294,0
INV000653,P005,Bengaluru DC,21-07-2025,294,0,35,259,0
INV000654,P005,Bengaluru DC,28-07-2025,259,205,0,464,0
INV000655,P005,Bengaluru DC,04-08-2025,464,0,0,464,0
INV000656,P005,Bengaluru DC,11-08-2025,464,0,55,409,0
INV000657,P005,Bengaluru DC,18-08-2025,409,0,0,409,0
INV000658,P005,Bengaluru DC,25-08-2025,409,126,0,535,0
INV000659,P005,Bengaluru DC,01-09-2025,535,0,49,486,0
INV000660,P005,Bengaluru DC,08-09-2025,486,0,0,486,0
INV000661,P005,Bengaluru DC,15-09-2025,486,0,0,486,0
INV000662,P005,Bengaluru DC,22-09-2025,486,0,40,446,0
INV000663,P005,Bengaluru DC,29-09-2025,446,0,54,392,0
INV000664,P005,Bengaluru DC,06-10-2025,392,217,65,544,0
INV000665,P005,Bengaluru DC,13-10-2025,544,0,0,544,0
INV000666,P005,Bengaluru DC,20-10-2025,544,0,67,477,0
INV000667,P005,Bengaluru DC,27-10-2025,477,0,110,367,0
INV000668,P005,Bengaluru DC,03-11-2025,367,0,0,367,0
INV000669,P005,Bengaluru DC,10-11-2025,367,199,0,566,0
INV000670,P005,Bengaluru DC,17-11-2025,566,0,0,566,0
INV000671,P005,Bengaluru DC,24-11-2025,566,0,57,509,0
INV000672,P005,Bengaluru DC,01-12-2025,509,0,82,427,0
INV000673,P005,Bengaluru DC,08-12-2025,427,209,133,503,0
INV000674,P005,Bengaluru DC,15-12-2025,503,0,0,503,0
INV000675,P005,Bengaluru DC,22-12-2025,503,0,0,503,0
INV000676,P005,Bengaluru DC,29-12-2025,503,0,0,503,0
INV000677,P005,Pune DC,06-01-2025,376,0,0,376,0
INV000678,P005,Pune DC,13-01-2025,376,0,73,303,0
INV000679,P005,Pune DC,20-01-2025,303,0,45,258,0
INV000680,P005,Pune DC,27-01-2025,258,0,55,203,0
INV000681,P005,Pune DC,03-02-2025,203,0,0,203,0
INV000682,P005,Pune DC,10-02-2025,203,175,62,316,0
INV000683,P005,Pune DC,17-02-2025,316,0,68,248,0
INV000684,P005,Pune DC,24-02-2025,248,0,89,159,0
INV000685,P005,Pune DC,03-03-2025,159,0,128,31,0
INV000686,P005,Pune DC,10-03-2025,31,160,120,71,0
INV000687,P005,Pune DC,17-03-2025,71,0,43,28,0
INV000688,P005,Pune DC,24-03-2025,28,0,46,0,18
INV000689,P005,Pune DC,31-03-2025,0,0,157,0,157
INV000690,P005,Pune DC,07-04-2025,0,0,72,0,72
INV000691,P005,Pune DC,14-04-2025,0,115,164,0,49
INV000692,P005,Pune DC,21-04-2025,0,0,151,0,151
INV000693,P005,Pune DC,28-04-2025,0,211,86,125,0
INV000694,P005,Pune DC,05-05-2025,125,0,45,80,0
INV000695,P005,Pune DC,12-05-2025,80,0,0,80,0
INV000696,P005,Pune DC,19-05-2025,80,0,116,0,36
INV000697,P005,Pune DC,26-05-2025,0,151,147,4,0
INV000698,P005,Pune DC,02-06-2025,4,0,0,4,0
INV000699,P005,Pune DC,09-06-2025,4,0,73,0,69
INV000700,P005,Pune DC,16-06-2025,0,0,87,0,87
INV000701,P005,Pune DC,23-06-2025,0,154,47,107,0
INV000702,P005,Pune DC,30-06-2025,107,0,0,107,0
INV000703,P005,Pune DC,07-07-2025,107,0,43,64,0
INV000704,P005,Pune DC,14-07-2025,64,0,84,0,20
INV000705,P005,Pune DC,21-07-2025,0,0,37,0,37
INV000706,P005,Pune DC,28-07-2025,0,205,64,141,0
INV000707,P005,Pune DC,04-08-2025,141,0,129,12,0
INV000708,P005,Pune DC,11-08-2025,12,0,59,0,47
INV000709,P005,Pune DC,18-08-2025,0,0,137,0,137
INV000710,P005,Pune DC,25-08-2025,0,126,97,29,0
INV000711,P005,Pune DC,01-09-2025,29,0,37,0,8
INV000712,P005,Pune DC,08-09-2025,0,0,114,0,114
INV000713,P005,Pune DC,15-09-2025,0,0,103,0,103
INV000714,P005,Pune DC,22-09-2025,0,0,55,0,55
INV000715,P005,Pune DC,29-09-2025,0,0,0,0,0
INV000716,P005,Pune DC,06-10-2025,0,217,61,156,0
INV000717,P005,Pune DC,13-10-2025,156,0,0,156,0
INV000718,P005,Pune DC,20-10-2025,156,0,0,156,0
INV000719,P005,Pune DC,27-10-2025,156,0,0,156,0
INV000720,P005,Pune DC,03-11-2025,156,0,143,13,0
INV000721,P005,Pune DC,10-11-2025,13,199,77,135,0
INV000722,P005,Pune DC,17-11-2025,135,0,70,65,0
INV000723,P005,Pune DC,24-11-2025,65,0,0,65,0
INV000724,P005,Pune DC,01-12-2025,65,0,70,0,5
INV000725,P005,Pune DC,08-12-2025,0,209,0,209,0
INV000726,P005,Pune DC,15-12-2025,209,0,88,121,0
INV000727,P005,Pune DC,22-12-2025,121,0,0,121,0
INV000728,P005,Pune DC,29-12-2025,121,0,0,121,0
INV000729,P005,Chennai DC,06-01-2025,295,0,123,172,0
INV000730,P005,Chennai DC,13-01-2025,172,0,0,172,0
INV000731,P005,Chennai DC,20-01-2025,172,0,0,172,0
INV000732,P005,Chennai DC,27-01-2025,172,0,0,172,0
INV000733,P005,Chennai DC,03-02-2025,172,0,141,31,0
INV000734,P005,Chennai DC,10-02-2025,31,175,61,145,0
INV000735,P005,Chennai DC,17-02-2025,145,0,60,85,0
INV000736,P005,Chennai DC,24-02-2025,85,0,0,85,0
INV000737,P005,Chennai DC,03-03-2025,85,0,0,85,0
INV000738,P005,Chennai DC,10-03-2025,85,160,0,245,0
INV000739,P005,Chennai DC,17-03-2025,245,0,0,245,0
INV000740,P005,Chennai DC,24-03-2025,245,0,44,201,0
INV000741,P005,Chennai DC,31-03-2025,201,0,0,201,0
INV000742,P005,Chennai DC,07-04-2025,201,0,0,201,0
INV000743,P005,Chennai DC,14-04-2025,201,115,0,316,0
INV000744,P005,Chennai DC,21-04-2025,316,0,0,316,0
INV000745,P005,Chennai DC,28-04-2025,316,211,64,463,0
INV000746,P005,Chennai DC,05-05-2025,463,0,44,419,0
INV000747,P005,Chennai DC,12-05-2025,419,0,0,419,0
INV000748,P005,Chennai DC,19-05-2025,419,0,0,419,0
INV000749,P005,Chennai DC,26-05-2025,419,151,0,570,0
INV000750,P005,Chennai DC,02-06-2025,570,0,0,570,0
INV000751,P005,Chennai DC,09-06-2025,570,0,73,497,0
INV000752,P005,Chennai DC,16-06-2025,497,0,90,407,0
INV000753,P005,Chennai DC,23-06-2025,407,154,49,512,0
INV000754,P005,Chennai DC,30-06-2025,512,0,137,375,0
INV000755,P005,Chennai DC,07-07-2025,375,0,60,315,0
INV000756,P005,Chennai DC,14-07-2025,315,0,0,315,0
INV000757,P005,Chennai DC,21-07-2025,315,0,54,261,0
INV000758,P005,Chennai DC,28-07-2025,261,205,70,396,0
INV000759,P005,Chennai DC,04-08-2025,396,0,0,396,0
INV000760,P005,Chennai DC,11-08-2025,396,0,0,396,0
INV000761,P005,Chennai DC,18-08-2025,396,0,0,396,0
INV000762,P005,Chennai DC,25-08-2025,396,126,0,522,0
INV000763,P005,Chennai DC,01-09-2025,522,0,27,495,0
INV000764,P005,Chennai DC,08-09-2025,495,0,0,495,0
INV000765,P005,Chennai DC,15-09-2025,495,0,0,495,0
INV000766,P005,Chennai DC,22-09-2025,495,0,0,495,0
INV000767,P005,Chennai DC,29-09-2025,495,0,48,447,0
INV000768,P005,Chennai DC,06-10-2025,447,217,0,664,0
INV000769,P005,Chennai DC,13-10-2025,664,0,123,541,0
INV000770,P005,Chennai DC,20-10-2025,541,0,63,478,0
INV000771,P005,Chennai DC,27-10-2025,478,0,0,478,0
INV000772,P005,Chennai DC,03-11-2025,478,0,0,478,0
INV000773,P005,Chennai DC,10-11-2025,478,199,39,638,0
INV000774,P005,Chennai DC,17-11-2025,638,0,73,565,0
INV000775,P005,Chennai DC,24-11-2025,565,0,57,508,0
INV000776,P005,Chennai DC,01-12-2025,508,0,0,508,0
INV000777,P005,Chennai DC,08-12-2025,508,209,0,717,0
INV000778,P005,Chennai DC,15-12-2025,717,0,68,649,0
INV000779,P005,Chennai DC,22-12-2025,649,0,177,472,0
INV000780,P005,Chennai DC,29-12-2025,472,0,172,300,0
INV000781,P006,Bengaluru DC,06-01-2025,86,0,23,63,0
INV000782,P006,Bengaluru DC,13-01-2025,63,0,18,45,0
INV000783,P006,Bengaluru DC,20-01-2025,45,0,0,45,0
INV000784,P006,Bengaluru DC,27-01-2025,45,0,30,15,0
INV000785,P006,Bengaluru DC,03-02-2025,15,61,0,76,0
INV000786,P006,Bengaluru DC,10-02-2025,76,0,26,50,0
INV000787,P006,Bengaluru DC,17-02-2025,50,0,27,23,0
INV000788,P006,Bengaluru DC,24-02-2025,23,37,0,60,0
INV000789,P006,Bengaluru DC,03-03-2025,60,0,0,60,0
INV000790,P006,Bengaluru DC,10-03-2025,60,0,21,39,0
INV000791,P006,Bengaluru DC,17-03-2025,39,0,0,39,0
INV000792,P006,Bengaluru DC,24-03-2025,39,0,8,31,0
INV000793,P006,Bengaluru DC,31-03-2025,31,42,0,73,0
INV000794,P006,Bengaluru DC,07-04-2025,73,0,19,54,0
INV000795,P006,Bengaluru DC,14-04-2025,54,0,0,54,0
INV000796,P006,Bengaluru DC,21-04-2025,54,0,29,25,0
INV000797,P006,Bengaluru DC,28-04-2025,25,0,29,0,4
INV000798,P006,Bengaluru DC,05-05-2025,0,33,9,24,0
INV000799,P006,Bengaluru DC,12-05-2025,24,0,26,0,2
INV000800,P006,Bengaluru DC,19-05-2025,0,0,9,0,9
INV000801,P006,Bengaluru DC,26-05-2025,0,0,0,0,0
INV000802,P006,Bengaluru DC,02-06-2025,0,36,0,36,0
INV000803,P006,Bengaluru DC,09-06-2025,36,0,0,36,0
INV000804,P006,Bengaluru DC,16-06-2025,36,0,12,24,0
INV000805,P006,Bengaluru DC,23-06-2025,24,0,19,5,0
INV000806,P006,Bengaluru DC,30-06-2025,5,42,0,47,0
INV000807,P006,Bengaluru DC,07-07-2025,47,0,0,47,0
INV000808,P006,Bengaluru DC,14-07-2025,47,0,26,21,0
INV000809,P006,Bengaluru DC,21-07-2025,21,0,0,21,0
INV000810,P006,Bengaluru DC,28-07-2025,21,0,12,9,0
INV000811,P006,Bengaluru DC,04-08-2025,9,43,0,52,0
INV000812,P006,Bengaluru DC,11-08-2025,52,0,22,30,0
INV000813,P006,Bengaluru DC,18-08-2025,30,0,0,30,0
INV000814,P006,Bengaluru DC,25-08-2025,30,42,0,72,0
INV000815,P006,Bengaluru DC,01-09-2025,72,0,34,38,0
INV000816,P006,Bengaluru DC,08-09-2025,38,0,0,38,0
INV000817,P006,Bengaluru DC,15-09-2025,38,41,0,79,0
INV000818,P006,Bengaluru DC,22-09-2025,79,0,0,79,0
INV000819,P006,Bengaluru DC,29-09-2025,79,0,0,79,0
INV000820,P006,Bengaluru DC,06-10-2025,79,0,0,79,0
INV000821,P006,Bengaluru DC,13-10-2025,79,61,0,140,0
INV000822,P006,Bengaluru DC,20-10-2025,140,0,0,140,0
INV000823,P006,Bengaluru DC,27-10-2025,140,0,26,114,0
INV000824,P006,Bengaluru DC,03-11-2025,114,35,11,138,0
INV000825,P006,Bengaluru DC,10-11-2025,138,0,0,138,0
INV000826,P006,Bengaluru DC,17-11-2025,138,0,14,124,0
INV000827,P006,Bengaluru DC,24-11-2025,124,0,12,112,0
INV000828,P006,Bengaluru DC,01-12-2025,112,0,19,93,0
INV000829,P006,Bengaluru DC,08-12-2025,93,0,0,93,0
INV000830,P006,Bengaluru DC,15-12-2025,93,33,0,126,0
INV000831,P006,Bengaluru DC,22-12-2025,126,0,0,126,0
INV000832,P006,Bengaluru DC,29-12-2025,126,0,19,107,0
INV000833,P006,Pune DC,06-01-2025,81,0,11,70,0
INV000834,P006,Pune DC,13-01-2025,70,0,16,54,0
INV000835,P006,Pune DC,20-01-2025,54,0,27,27,0
INV000836,P006,Pune DC,27-01-2025,27,0,0,27,0
INV000837,P006,Pune DC,03-02-2025,27,61,11,77,0
INV000838,P006,Pune DC,10-02-2025,77,0,20,57,0
INV000839,P006,Pune DC,17-02-2025,57,0,0,57,0
INV000840,P006,Pune DC,24-02-2025,57,37,43,51,0
INV000841,P006,Pune DC,03-03-2025,51,0,17,34,0
INV000842,P006,Pune DC,10-03-2025,34,0,0,34,0
INV000843,P006,Pune DC,17-03-2025,34,0,47,0,13
INV000844,P006,Pune DC,24-03-2025,0,0,0,0,0
INV000845,P006,Pune DC,31-03-2025,0,42,29,13,0
INV000846,P006,Pune DC,07-04-2025,13,0,10,3,0
INV000847,P006,Pune DC,14-04-2025,3,0,0,3,0
INV000848,P006,Pune DC,21-04-2025,3,0,16,0,13
INV000849,P006,Pune DC,28-04-2025,0,0,0,0,0
INV000850,P006,Pune DC,05-05-2025,0,33,23,10,0
INV000851,P006,Pune DC,12-05-2025,10,0,13,0,3
INV000852,P006,Pune DC,19-05-2025,0,0,14,0,14
INV000853,P006,Pune DC,26-05-2025,0,0,21,0,21
INV000854,P006,Pune DC,02-06-2025,0,36,15,21,0
INV000855,P006,Pune DC,09-06-2025,21,0,10,11,0
INV000856,P006,Pune DC,16-06-2025,11,0,0,11,0
INV000857,P006,Pune DC,23-06-2025,11,0,0,11,0
INV000858,P006,Pune DC,30-06-2025,11,42,10,43,0
INV000859,P006,Pune DC,07-07-2025,43,0,31,12,0
INV000860,P006,Pune DC,14-07-2025,12,0,0,12,0
INV000861,P006,Pune DC,21-07-2025,12,0,24,0,12
INV000862,P006,Pune DC,28-07-2025,0,0,15,0,15
INV000863,P006,Pune DC,04-08-2025,0,43,26,17,0
INV000864,P006,Pune DC,11-08-2025,17,0,0,17,0
INV000865,P006,Pune DC,18-08-2025,17,0,17,0,0
INV000866,P006,Pune DC,25-08-2025,0,42,28,14,0
INV000867,P006,Pune DC,01-09-2025,14,0,0,14,0
INV000868,P006,Pune DC,08-09-2025,14,0,29,0,15
INV000869,P006,Pune DC,15-09-2025,0,41,0,41,0
INV000870,P006,Pune DC,22-09-2025,41,0,22,19,0
INV000871,P006,Pune DC,29-09-2025,19,0,23,0,4
INV000872,P006,Pune DC,06-10-2025,0,0,0,0,0
INV000873,P006,Pune DC,13-10-2025,0,61,0,61,0
INV000874,P006,Pune DC,20-10-2025,61,0,25,36,0
INV000875,P006,Pune DC,27-10-2025,36,0,0,36,0
INV000876,P006,Pune DC,03-11-2025,36,35,9,62,0
INV000877,P006,Pune DC,10-11-2025,62,0,7,55,0
INV000878,P006,Pune DC,17-11-2025,55,0,9,46,0
INV000879,P006,Pune DC,24-11-2025,46,0,16,30,0
INV000880,P006,Pune DC,01-12-2025,30,0,0,30,0
INV000881,P006,Pune DC,08-12-2025,30,0,20,10,0
INV000882,P006,Pune DC,15-12-2025,10,33,13,30,0
INV000883,P006,Pune DC,22-12-2025,30,0,19,11,0
INV000884,P006,Pune DC,29-12-2025,11,0,0,11,0
INV000885,P006,Chennai DC,06-01-2025,105,0,0,105,0
INV000886,P006,Chennai DC,13-01-2025,105,0,0,105,0
INV000887,P006,Chennai DC,20-01-2025,105,0,13,92,0
INV000888,P006,Chennai DC,27-01-2025,92,0,12,80,0
INV000889,P006,Chennai DC,03-02-2025,80,61,21,120,0
INV000890,P006,Chennai DC,10-02-2025,120,0,0,120,0
INV000891,P006,Chennai DC,17-02-2025,120,0,0,120,0
INV000892,P006,Chennai DC,24-02-2025,120,37,0,157,0
INV000893,P006,Chennai DC,03-03-2025,157,0,18,139,0
INV000894,P006,Chennai DC,10-03-2025,139,0,8,131,0
INV000895,P006,Chennai DC,17-03-2025,131,0,0,131,0
INV000896,P006,Chennai DC,24-03-2025,131,0,27,104,0
INV000897,P006,Chennai DC,31-03-2025,104,42,0,146,0
INV000898,P006,Chennai DC,07-04-2025,146,0,0,146,0
INV000899,P006,Chennai DC,14-04-2025,146,0,37,109,0
INV000900,P006,Chennai DC,21-04-2025,109,0,0,109,0
INV000901,P006,Chennai DC,28-04-2025,109,0,0,109,0
INV000902,P006,Chennai DC,05-05-2025,109,33,0,142,0
INV000903,P006,Chennai DC,12-05-2025,142,0,0,142,0
INV000904,P006,Chennai DC,19-05-2025,142,0,13,129,0
INV000905,P006,Chennai DC,26-05-2025,129,0,12,117,0
INV000906,P006,Chennai DC,02-06-2025,117,36,14,139,0
INV000907,P006,Chennai DC,09-06-2025,139,0,15,124,0
INV000908,P006,Chennai DC,16-06-2025,124,0,20,104,0
INV000909,P006,Chennai DC,23-06-2025,104,0,17,87,0
INV000910,P006,Chennai DC,30-06-2025,87,42,14,115,0
INV000911,P006,Chennai DC,07-07-2025,115,0,0,115,0
INV000912,P006,Chennai DC,14-07-2025,115,0,0,115,0
INV000913,P006,Chennai DC,21-07-2025,115,0,0,115,0
INV000914,P006,Chennai DC,28-07-2025,115,0,0,115,0
INV000915,P006,Chennai DC,04-08-2025,115,43,0,158,0
INV000916,P006,Chennai DC,11-08-2025,158,0,10,148,0
INV000917,P006,Chennai DC,18-08-2025,148,0,6,142,0
INV000918,P006,Chennai DC,25-08-2025,142,42,0,184,0
INV000919,P006,Chennai DC,01-09-2025,184,0,0,184,0
INV000920,P006,Chennai DC,08-09-2025,184,0,0,184,0
INV000921,P006,Chennai DC,15-09-2025,184,41,15,210,0
INV000922,P006,Chennai DC,22-09-2025,210,0,0,210,0
INV000923,P006,Chennai DC,29-09-2025,210,0,0,210,0
INV000924,P006,Chennai DC,06-10-2025,210,0,25,185,0
INV000925,P006,Chennai DC,13-10-2025,185,61,28,218,0
INV000926,P006,Chennai DC,20-10-2025,218,0,0,218,0
INV000927,P006,Chennai DC,27-10-2025,218,0,0,218,0
INV000928,P006,Chennai DC,03-11-2025,218,35,0,253,0
INV000929,P006,Chennai DC,10-11-2025,253,0,22,231,0
INV000930,P006,Chennai DC,17-11-2025,231,0,0,231,0
INV000931,P006,Chennai DC,24-11-2025,231,0,0,231,0
INV000932,P006,Chennai DC,01-12-2025,231,0,0,231,0
INV000933,P006,Chennai DC,08-12-2025,231,0,12,219,0
INV000934,P006,Chennai DC,15-12-2025,219,33,9,243,0
INV000935,P006,Chennai DC,22-12-2025,243,0,0,243,0
INV000936,P006,Chennai DC,29-12-2025,243,0,0,243,0
INV000937,P007,Bengaluru DC,06-01-2025,59,0,7,52,0
INV000938,P007,Bengaluru DC,13-01-2025,52,0,9,43,0
INV000939,P007,Bengaluru DC,20-01-2025,43,0,0,43,0
INV000940,P007,Bengaluru DC,27-01-2025,43,22,0,65,0
INV000941,P007,Bengaluru DC,03-02-2025,65,0,0,65,0
INV000942,P007,Bengaluru DC,10-02-2025,65,0,23,42,0
INV000943,P007,Bengaluru DC,17-02-2025,42,21,0,63,0
INV000944,P007,Bengaluru DC,24-02-2025,63,0,0,63,0
INV000945,P007,Bengaluru DC,03-03-2025,63,0,8,55,0
INV000946,P007,Bengaluru DC,10-03-2025,55,21,0,76,0
INV000947,P007,Bengaluru DC,17-03-2025,76,0,16,60,0
INV000948,P007,Bengaluru DC,24-03-2025,60,0,14,46,0
INV000949,P007,Bengaluru DC,31-03-2025,46,0,0,46,0
INV000950,P007,Bengaluru DC,07-04-2025,46,0,0,46,0
INV000951,P007,Bengaluru DC,14-04-2025,46,31,0,77,0
INV000952,P007,Bengaluru DC,21-04-2025,77,0,13,64,0
INV000953,P007,Bengaluru DC,28-04-2025,64,0,0,64,0
INV000954,P007,Bengaluru DC,05-05-2025,64,0,28,36,0
INV000955,P007,Bengaluru DC,12-05-2025,36,0,27,9,0
INV000956,P007,Bengaluru DC,19-05-2025,9,0,0,9,0
INV000957,P007,Bengaluru DC,26-05-2025,9,19,8,20,0
INV000958,P007,Bengaluru DC,02-06-2025,20,0,0,20,0
INV000959,P007,Bengaluru DC,09-06-2025,20,0,0,20,0
INV000960,P007,Bengaluru DC,16-06-2025,20,31,8,43,0
INV000961,P007,Bengaluru DC,23-06-2025,43,0,0,43,0
INV000962,P007,Bengaluru DC,30-06-2025,43,0,15,28,0
INV000963,P007,Bengaluru DC,07-07-2025,28,0,0,28,0
INV000964,P007,Bengaluru DC,14-07-2025,28,0,0,28,0
INV000965,P007,Bengaluru DC,21-07-2025,28,20,4,44,0
INV000966,P007,Bengaluru DC,28-07-2025,44,0,0,44,0
INV000967,P007,Bengaluru DC,04-08-2025,44,0,5,39,0
INV000968,P007,Bengaluru DC,11-08-2025,39,0,9,30,0
INV000969,P007,Bengaluru DC,18-08-2025,30,0,0,30,0
INV000970,P007,Bengaluru DC,25-08-2025,30,19,6,43,0
INV000971,P007,Bengaluru DC,01-09-2025,43,0,8,35,0
INV000972,P007,Bengaluru DC,08-09-2025,35,0,3,32,0
INV000973,P007,Bengaluru DC,15-09-2025,32,0,0,32,0
INV000974,P007,Bengaluru DC,22-09-2025,32,0,1,31,0
INV000975,P007,Bengaluru DC,29-09-2025,31,27,0,58,0
INV000976,P007,Bengaluru DC,06-10-2025,58,0,5,53,0
INV000977,P007,Bengaluru DC,13-10-2025,53,0,0,53,0
INV000978,P007,Bengaluru DC,20-10-2025,53,0,0,53,0
INV000979,P007,Bengaluru DC,27-10-2025,53,0,11,42,0
INV000980,P007,Bengaluru DC,03-11-2025,42,0,7,35,0
INV000981,P007,Bengaluru DC,10-11-2025,35,20,2,53,0
INV000982,P007,Bengaluru DC,17-11-2025,53,0,10,43,0
INV000983,P007,Bengaluru DC,24-11-2025,43,0,5,38,0
INV000984,P007,Bengaluru DC,01-12-2025,38,0,0,38,0
INV000985,P007,Bengaluru DC,08-12-2025,38,0,0,38,0
INV000986,P007,Bengaluru DC,15-12-2025,38,17,11,44,0
INV000987,P007,Bengaluru DC,22-12-2025,44,0,19,25,0
INV000988,P007,Bengaluru DC,29-12-2025,25,0,6,19,0
INV000989,P007,Pune DC,06-01-2025,62,0,0,62,0
INV000990,P007,Pune DC,13-01-2025,62,0,9,53,0
INV000991,P007,Pune DC,20-01-2025,53,0,0,53,0
INV000992,P007,Pune DC,27-01-2025,53,22,0,75,0
INV000993,P007,Pune DC,03-02-2025,75,0,6,69,0
INV000994,P007,Pune DC,10-02-2025,69,0,0,69,0
INV000995,P007,Pune DC,17-02-2025,69,21,0,90,0
INV000996,P007,Pune DC,24-02-2025,90,0,11,79,0
INV000997,P007,Pune DC,03-03-2025,79,0,10,69,0
INV000998,P007,Pune DC,10-03-2025,69,21,21,69,0
INV000999,P007,Pune DC,17-03-2025,69,0,9,60,0
INV001000,P007,Pune DC,24-03-2025,60,0,2,58,0
INV001001,P007,Pune DC,31-03-2025,58,0,8,50,0
INV001002,P007,Pune DC,07-04-2025,50,0,0,50,0
INV001003,P007,Pune DC,14-04-2025,50,31,14,67,0
INV001004,P007,Pune DC,21-04-2025,67,0,11,56,0
INV001005,P007,Pune DC,28-04-2025,56,0,0,56,0
INV001006,P007,Pune DC,05-05-2025,56,0,0,56,0
INV001007,P007,Pune DC,12-05-2025,56,0,0,56,0
INV001008,P007,Pune DC,19-05-2025,56,0,13,43,0
INV001009,P007,Pune DC,26-05-2025,43,19,18,44,0
INV001010,P007,Pune DC,02-06-2025,44,0,24,20,0
INV001011,P007,Pune DC,09-06-2025,20,0,7,13,0
INV001012,P007,Pune DC,16-06-2025,13,31,0,44,0
INV001013,P007,Pune DC,23-06-2025,44,0,13,31,0
INV001014,P007,Pune DC,30-06-2025,31,0,7,24,0
INV001015,P007,Pune DC,07-07-2025,24,0,17,7,0
INV001016,P007,Pune DC,14-07-2025,7,0,10,0,3
INV001017,P007,Pune DC,21-07-2025,0,20,5,15,0
INV001018,P007,Pune DC,28-07-2025,15,0,3,12,0
INV001019,P007,Pune DC,04-08-2025,12,0,9,3,0
INV001020,P007,Pune DC,11-08-2025,3,0,3,0,0
INV001021,P007,Pune DC,18-08-2025,0,0,16,0,16
INV001022,P007,Pune DC,25-08-2025,0,19,5,14,0
INV001023,P007,Pune DC,01-09-2025,14,0,6,8,0
INV001024,P007,Pune DC,08-09-2025,8,0,0,8,0
INV001025,P007,Pune DC,15-09-2025,8,0,10,0,2
INV001026,P007,Pune DC,22-09-2025,0,0,5,0,5
INV001027,P007,Pune DC,29-09-2025,0,27,2,25,0
INV001028,P007,Pune DC,06-10-2025,25,0,12,13,0
INV001029,P007,Pune DC,13-10-2025,13,0,3,10,0
INV001030,P007,Pune DC,20-10-2025,10,0,13,0,3
INV001031,P007,Pune DC,27-10-2025,0,0,0,0,0
INV001032,P007,Pune DC,03-11-2025,0,0,0,0,0
INV001033,P007,Pune DC,10-11-2025,0,20,2,18,0
INV001034,P007,Pune DC,17-11-2025,18,0,0,18,0
INV001035,P007,Pune DC,24-11-2025,18,0,6,12,0
INV001036,P007,Pune DC,01-12-2025,12,0,0,12,0
INV001037,P007,Pune DC,08-12-2025,12,0,15,0,3
INV001038,P007,Pune DC,15-12-2025,0,17,2,15,0
INV001039,P007,Pune DC,22-12-2025,15,0,0,15,0
INV001040,P007,Pune DC,29-12-2025,15,0,11,4,0
INV001041,P007,Chennai DC,06-01-2025,45,0,7,38,0
INV001042,P007,Chennai DC,13-01-2025,38,0,0,38,0
INV001043,P007,Chennai DC,20-01-2025,38,0,18,20,0
INV001044,P007,Chennai DC,27-01-2025,20,22,22,20,0
INV001045,P007,Chennai DC,03-02-2025,20,0,12,8,0
INV001046,P007,Chennai DC,10-02-2025,8,0,0,8,0
INV001047,P007,Chennai DC,17-02-2025,8,21,18,11,0
INV001048,P007,Chennai DC,24-02-2025,11,0,4,7,0
INV001049,P007,Chennai DC,03-03-2025,7,0,0,7,0
INV001050,P007,Chennai DC,10-03-2025,7,21,0,28,0
INV001051,P007,Chennai DC,17-03-2025,28,0,0,28,0
INV001052,P007,Chennai DC,24-03-2025,28,0,0,28,0
INV001053,P007,Chennai DC,31-03-2025,28,0,13,15,0
INV001054,P007,Chennai DC,07-04-2025,15,0,24,0,9
INV001055,P007,Chennai DC,14-04-2025,0,31,0,31,0
INV001056,P007,Chennai DC,21-04-2025,31,0,0,31,0
INV001057,P007,Chennai DC,28-04-2025,31,0,29,2,0
INV001058,P007,Chennai DC,05-05-2025,2,0,0,2,0
INV001059,P007,Chennai DC,12-05-2025,2,0,0,2,0
INV001060,P007,Chennai DC,19-05-2025,2,0,10,0,8
INV001061,P007,Chennai DC,26-05-2025,0,19,0,19,0
INV001062,P007,Chennai DC,02-06-2025,19,0,0,19,0
INV001063,P007,Chennai DC,09-06-2025,19,0,6,13,0
INV001064,P007,Chennai DC,16-06-2025,13,31,10,34,0
INV001065,P007,Chennai DC,23-06-2025,34,0,1,33,0
INV001066,P007,Chennai DC,30-06-2025,33,0,0,33,0
INV001067,P007,Chennai DC,07-07-2025,33,0,10,23,0
INV001068,P007,Chennai DC,14-07-2025,23,0,4,19,0
INV001069,P007,Chennai DC,21-07-2025,19,20,0,39,0
INV001070,P007,Chennai DC,28-07-2025,39,0,9,30,0
INV001071,P007,Chennai DC,04-08-2025,30,0,0,30,0
INV001072,P007,Chennai DC,11-08-2025,30,0,0,30,0
INV001073,P007,Chennai DC,18-08-2025,30,0,0,30,0
INV001074,P007,Chennai DC,25-08-2025,30,19,5,44,0
INV001075,P007,Chennai DC,01-09-2025,44,0,0,44,0
INV001076,P007,Chennai DC,08-09-2025,44,0,9,35,0
INV001077,P007,Chennai DC,15-09-2025,35,0,0,35,0
INV001078,P007,Chennai DC,22-09-2025,35,0,3,32,0
INV001079,P007,Chennai DC,29-09-2025,32,27,8,51,0
INV001080,P007,Chennai DC,06-10-2025,51,0,0,51,0
INV001081,P007,Chennai DC,13-10-2025,51,0,7,44,0
INV001082,P007,Chennai DC,20-10-2025,44,0,0,44,0
INV001083,P007,Chennai DC,27-10-2025,44,0,0,44,0
INV001084,P007,Chennai DC,03-11-2025,44,0,7,37,0
INV001085,P007,Chennai DC,10-11-2025,37,20,5,52,0
INV001086,P007,Chennai DC,17-11-2025,52,0,7,45,0
INV001087,P007,Chennai DC,24-11-2025,45,0,0,45,0
INV001088,P007,Chennai DC,01-12-2025,45,0,21,24,0
INV001089,P007,Chennai DC,08-12-2025,24,0,0,24,0
INV001090,P007,Chennai DC,15-12-2025,24,17,4,37,0
INV001091,P007,Chennai DC,22-12-2025,37,0,0,37,0
INV001092,P007,Chennai DC,29-12-2025,37,0,4,33,0
INV001093,P008,Bengaluru DC,06-01-2025,125,0,0,125,0
INV001094,P008,Bengaluru DC,13-01-2025,125,66,0,191,0
INV001095,P008,Bengaluru DC,20-01-2025,191,0,27,164,0
INV001096,P008,Bengaluru DC,27-01-2025,164,0,0,164,0
INV001097,P008,Bengaluru DC,03-02-2025,164,73,23,214,0
INV001098,P008,Bengaluru DC,10-02-2025,214,0,50,164,0
INV001099,P008,Bengaluru DC,17-02-2025,164,0,50,114,0
INV001100,P008,Bengaluru DC,24-02-2025,114,0,22,92,0
INV001101,P008,Bengaluru DC,03-03-2025,92,0,54,38,0
INV001102,P008,Bengaluru DC,10-03-2025,38,0,25,13,0
INV001103,P008,Bengaluru DC,17-03-2025,13,62,23,52,0
INV001104,P008,Bengaluru DC,24-03-2025,52,0,0,52,0
INV001105,P008,Bengaluru DC,31-03-2025,52,0,0,52,0
INV001106,P008,Bengaluru DC,07-04-2025,52,65,0,117,0
INV001107,P008,Bengaluru DC,14-04-2025,117,0,0,117,0
INV001108,P008,Bengaluru DC,21-04-2025,117,0,0,117,0
INV001109,P008,Bengaluru DC,28-04-2025,117,0,0,117,0
INV001110,P008,Bengaluru DC,05-05-2025,117,0,0,117,0
INV001111,P008,Bengaluru DC,12-05-2025,117,90,23,184,0
INV001112,P008,Bengaluru DC,19-05-2025,184,0,0,184,0
INV001113,P008,Bengaluru DC,26-05-2025,184,0,0,184,0
INV001114,P008,Bengaluru DC,02-06-2025,184,0,0,184,0
INV001115,P008,Bengaluru DC,09-06-2025,184,91,0,275,0
INV001116,P008,Bengaluru DC,16-06-2025,275,0,0,275,0
INV001117,P008,Bengaluru DC,23-06-2025,275,0,0,275,0
INV001118,P008,Bengaluru DC,30-06-2025,275,77,32,320,0
INV001119,P008,Bengaluru DC,07-07-2025,320,0,63,257,0
INV001120,P008,Bengaluru DC,14-07-2025,257,0,0,257,0
INV001121,P008,Bengaluru DC,21-07-2025,257,0,0,257,0
INV001122,P008,Bengaluru DC,28-07-2025,257,68,0,325,0
INV001123,P008,Bengaluru DC,04-08-2025,325,0,0,325,0
INV001124,P008,Bengaluru DC,11-08-2025,325,0,0,325,0
INV001125,P008,Bengaluru DC,18-08-2025,325,0,0,325,0
INV001126,P008,Bengaluru DC,25-08-2025,325,0,0,325,0
INV001127,P008,Bengaluru DC,01-09-2025,325,79,0,404,0
INV001128,P008,Bengaluru DC,08-09-2025,404,0,0,404,0
INV001129,P008,Bengaluru DC,15-09-2025,404,0,19,385,0
INV001130,P008,Bengaluru DC,22-09-2025,385,0,19,366,0
INV001131,P008,Bengaluru DC,29-09-2025,366,91,0,457,0
INV001132,P008,Bengaluru DC,06-10-2025,457,0,0,457,0
INV001133,P008,Bengaluru DC,13-10-2025,457,0,0,457,0
INV001134,P008,Bengaluru DC,20-10-2025,457,0,31,426,0
INV001135,P008,Bengaluru DC,27-10-2025,426,0,11,415,0
INV001136,P008,Bengaluru DC,03-11-2025,415,0,9,406,0
INV001137,P008,Bengaluru DC,10-11-2025,406,92,33,465,0
INV001138,P008,Bengaluru DC,17-11-2025,465,0,16,449,0
INV001139,P008,Bengaluru DC,24-11-2025,449,82,9,522,0
INV001140,P008,Bengaluru DC,01-12-2025,522,0,0,522,0
INV001141,P008,Bengaluru DC,08-12-2025,522,0,0,522,0
INV001142,P008,Bengaluru DC,15-12-2025,522,0,0,522,0
INV001143,P008,Bengaluru DC,22-12-2025,522,0,26,496,0
INV001144,P008,Bengaluru DC,29-12-2025,496,0,0,496,0
INV001145,P008,Pune DC,06-01-2025,172,0,43,129,0
INV001146,P008,Pune DC,13-01-2025,129,66,25,170,0
INV001147,P008,Pune DC,20-01-2025,170,0,30,140,0
INV001148,P008,Pune DC,27-01-2025,140,0,53,87,0
INV001149,P008,Pune DC,03-02-2025,87,73,15,145,0
INV001150,P008,Pune DC,10-02-2025,145,0,0,145,0
INV001151,P008,Pune DC,17-02-2025,145,0,14,131,0
INV001152,P008,Pune DC,24-02-2025,131,0,41,90,0
INV001153,P008,Pune DC,03-03-2025,90,0,0,90,0
INV001154,P008,Pune DC,10-03-2025,90,0,39,51,0
INV001155,P008,Pune DC,17-03-2025,51,62,32,81,0
INV001156,P008,Pune DC,24-03-2025,81,0,52,29,0
INV001157,P008,Pune DC,31-03-2025,29,0,38,0,9
INV001158,P008,Pune DC,07-04-2025,0,65,0,65,0
INV001159,P008,Pune DC,14-04-2025,65,0,37,28,0
INV001160,P008,Pune DC,21-04-2025,28,0,53,0,25
INV001161,P008,Pune DC,28-04-2025,0,0,27,0,27
INV001162,P008,Pune DC,05-05-2025,0,0,60,0,60
INV001163,P008,Pune DC,12-05-2025,0,90,28,62,0
INV001164,P008,Pune DC,19-05-2025,62,0,52,10,0
INV001165,P008,Pune DC,26-05-2025,10,0,13,0,3
INV001166,P008,Pune DC,02-06-2025,0,0,56,0,56
INV001167,P008,Pune DC,09-06-2025,0,91,23,68,0
INV001168,P008,Pune DC,16-06-2025,68,0,15,53,0
INV001169,P008,Pune DC,23-06-2025,53,0,0,53,0
INV001170,P008,Pune DC,30-06-2025,53,77,0,130,0
INV001171,P008,Pune DC,07-07-2025,130,0,0,130,0
INV001172,P008,Pune DC,14-07-2025,130,0,46,84,0
INV001173,P008,Pune DC,21-07-2025,84,0,44,40,0
INV001174,P008,Pune DC,28-07-2025,40,68,0,108,0
INV001175,P008,Pune DC,04-08-2025,108,0,20,88,0
INV001176,P008,Pune DC,11-08-2025,88,0,55,33,0
INV001177,P008,Pune DC,18-08-2025,33,0,0,33,0
INV001178,P008,Pune DC,25-08-2025,33,0,35,0,2
INV001179,P008,Pune DC,01-09-2025,0,79,44,35,0
INV001180,P008,Pune DC,08-09-2025,35,0,0,35,0
INV001181,P008,Pune DC,15-09-2025,35,0,10,25,0
INV001182,P008,Pune DC,22-09-2025,25,0,22,3,0
INV001183,P008,Pune DC,29-09-2025,3,91,31,63,0
INV001184,P008,Pune DC,06-10-2025,63,0,54,9,0
INV001185,P008,Pune DC,13-10-2025,9,0,44,0,35
INV001186,P008,Pune DC,20-10-2025,0,0,0,0,0
INV001187,P008,Pune DC,27-10-2025,0,0,0,0,0
INV001188,P008,Pune DC,03-11-2025,0,0,19,0,19
INV001189,P008,Pune DC,10-11-2025,0,92,0,92,0
INV001190,P008,Pune DC,17-11-2025,92,0,13,79,0
INV001191,P008,Pune DC,24-11-2025,79,82,13,148,0
INV001192,P008,Pune DC,01-12-2025,148,0,0,148,0
INV001193,P008,Pune DC,08-12-2025,148,0,0,148,0
INV001194,P008,Pune DC,15-12-2025,148,0,25,123,0
INV001195,P008,Pune DC,22-12-2025,123,0,19,104,0
INV001196,P008,Pune DC,29-12-2025,104,0,22,82,0
INV001197,P008,Chennai DC,06-01-2025,142,0,0,142,0
INV001198,P008,Chennai DC,13-01-2025,142,66,22,186,0
INV001199,P008,Chennai DC,20-01-2025,186,0,0,186,0
INV001200,P008,Chennai DC,27-01-2025,186,0,0,186,0
INV001201,P008,Chennai DC,03-02-2025,186,73,22,237,0
INV001202,P008,Chennai DC,10-02-2025,237,0,0,237,0
INV001203,P008,Chennai DC,17-02-2025,237,0,0,237,0
INV001204,P008,Chennai DC,24-02-2025,237,0,0,237,0
INV001205,P008,Chennai DC,03-03-2025,237,0,0,237,0
INV001206,P008,Chennai DC,10-03-2025,237,0,0,237,0
INV001207,P008,Chennai DC,17-03-2025,237,62,0,299,0
INV001208,P008,Chennai DC,24-03-2025,299,0,0,299,0
INV001209,P008,Chennai DC,31-03-2025,299,0,31,268,0
INV001210,P008,Chennai DC,07-04-2025,268,65,44,289,0
INV001211,P008,Chennai DC,14-04-2025,289,0,29,260,0
INV001212,P008,Chennai DC,21-04-2025,260,0,0,260,0
INV001213,P008,Chennai DC,28-04-2025,260,0,27,233,0
INV001214,P008,Chennai DC,05-05-2025,233,0,0,233,0
INV001215,P008,Chennai DC,12-05-2025,233,90,0,323,0
INV001216,P008,Chennai DC,19-05-2025,323,0,0,323,0
INV001217,P008,Chennai DC,26-05-2025,323,0,31,292,0
INV001218,P008,Chennai DC,02-06-2025,292,0,0,292,0
INV001219,P008,Chennai DC,09-06-2025,292,91,22,361,0
INV001220,P008,Chennai DC,16-06-2025,361,0,28,333,0
INV001221,P008,Chennai DC,23-06-2025,333,0,60,273,0
INV001222,P008,Chennai DC,30-06-2025,273,77,32,318,0
INV001223,P008,Chennai DC,07-07-2025,318,0,0,318,0
INV001224,P008,Chennai DC,14-07-2025,318,0,0,318,0
INV001225,P008,Chennai DC,21-07-2025,318,0,0,318,0
INV001226,P008,Chennai DC,28-07-2025,318,68,39,347,0
INV001227,P008,Chennai DC,04-08-2025,347,0,32,315,0
INV001228,P008,Chennai DC,11-08-2025,315,0,0,315,0
INV001229,P008,Chennai DC,18-08-2025,315,0,66,249,0
INV001230,P008,Chennai DC,25-08-2025,249,0,0,249,0
INV001231,P008,Chennai DC,01-09-2025,249,79,0,328,0
INV001232,P008,Chennai DC,08-09-2025,328,0,51,277,0
INV001233,P008,Chennai DC,15-09-2025,277,0,10,267,0
INV001234,P008,Chennai DC,22-09-2025,267,0,0,267,0
INV001235,P008,Chennai DC,29-09-2025,267,91,9,349,0
INV001236,P008,Chennai DC,06-10-2025,349,0,0,349,0
INV001237,P008,Chennai DC,13-10-2025,349,0,0,349,0
INV001238,P008,Chennai DC,20-10-2025,349,0,20,329,0
INV001239,P008,Chennai DC,27-10-2025,329,0,29,300,0
INV001240,P008,Chennai DC,03-11-2025,300,0,15,285,0
INV001241,P008,Chennai DC,10-11-2025,285,92,12,365,0
INV001242,P008,Chennai DC,17-11-2025,365,0,8,357,0
INV001243,P008,Chennai DC,24-11-2025,357,82,20,419,0
INV001244,P008,Chennai DC,01-12-2025,419,0,46,373,0
INV001245,P008,Chennai DC,08-12-2025,373,0,59,314,0
INV001246,P008,Chennai DC,15-12-2025,314,0,23,291,0
INV001247,P008,Chennai DC,22-12-2025,291,0,0,291,0
INV001248,P008,Chennai DC,29-12-2025,291,0,29,262,0
INV001249,P009,Bengaluru DC,06-01-2025,146,0,22,124,0
INV001250,P009,Bengaluru DC,13-01-2025,124,0,0,124,0
INV001251,P009,Bengaluru DC,20-01-2025,124,0,13,111,0
INV001252,P009,Bengaluru DC,27-01-2025,111,0,54,57,0
INV001253,P009,Bengaluru DC,03-02-2025,57,0,0,57,0
INV001254,P009,Bengaluru DC,10-02-2025,57,79,0,136,0
INV001255,P009,Bengaluru DC,17-02-2025,136,0,38,98,0
INV001256,P009,Bengaluru DC,24-02-2025,98,0,60,38,0
INV001257,P009,Bengaluru DC,03-03-2025,38,72,30,80,0
INV001258,P009,Bengaluru DC,10-03-2025,80,0,19,61,0
INV001259,P009,Bengaluru DC,17-03-2025,61,0,52,9,0
INV001260,P009,Bengaluru DC,24-03-2025,9,0,44,0,35
INV001261,P009,Bengaluru DC,31-03-2025,0,0,0,0,0
INV001262,P009,Bengaluru DC,07-04-2025,0,69,0,69,0
INV001263,P009,Bengaluru DC,14-04-2025,69,0,0,69,0
INV001264,P009,Bengaluru DC,21-04-2025,69,0,27,42,0
INV001265,P009,Bengaluru DC,28-04-2025,42,0,0,42,0
INV001266,P009,Bengaluru DC,05-05-2025,42,0,42,0,0
INV001267,P009,Bengaluru DC,12-05-2025,0,0,22,0,22
INV001268,P009,Bengaluru DC,19-05-2025,0,0,30,0,30
INV001269,P009,Bengaluru DC,26-05-2025,0,60,30,30,0
INV001270,P009,Bengaluru DC,02-06-2025,30,0,23,7,0
INV001271,P009,Bengaluru DC,09-06-2025,7,0,0,7,0
INV001272,P009,Bengaluru DC,16-06-2025,7,0,0,7,0
INV001273,P009,Bengaluru DC,23-06-2025,7,47,0,54,0
INV001274,P009,Bengaluru DC,30-06-2025,54,0,0,54,0
INV001275,P009,Bengaluru DC,07-07-2025,54,0,16,38,0
INV001276,P009,Bengaluru DC,14-07-2025,38,0,29,9,0
INV001277,P009,Bengaluru DC,21-07-2025,9,0,35,0,26
INV001278,P009,Bengaluru DC,28-07-2025,0,0,17,0,17
INV001279,P009,Bengaluru DC,04-08-2025,0,0,45,0,45
INV001280,P009,Bengaluru DC,11-08-2025,0,50,0,50,0
INV001281,P009,Bengaluru DC,18-08-2025,50,0,0,50,0
INV001282,P009,Bengaluru DC,25-08-2025,50,0,8,42,0
INV001283,P009,Bengaluru DC,01-09-2025,42,76,32,86,0
INV001284,P009,Bengaluru DC,08-09-2025,86,0,32,54,0
INV001285,P009,Bengaluru DC,15-09-2025,54,0,0,54,0
INV001286,P009,Bengaluru DC,22-09-2025,54,0,0,54,0
INV001287,P009,Bengaluru DC,29-09-2025,54,0,0,54,0
INV001288,P009,Bengaluru DC,06-10-2025,54,0,0,54,0
INV001289,P009,Bengaluru DC,13-10-2025,54,57,0,111,0
INV001290,P009,Bengaluru DC,20-10-2025,111,0,0,111,0
INV001291,P009,Bengaluru DC,27-10-2025,111,0,0,111,0
INV001292,P009,Bengaluru DC,03-11-2025,111,0,0,111,0
INV001293,P009,Bengaluru DC,10-11-2025,111,0,0,111,0
INV001294,P009,Bengaluru DC,17-11-2025,111,64,0,175,0
INV001295,P009,Bengaluru DC,24-11-2025,175,0,13,162,0
INV001296,P009,Bengaluru DC,01-12-2025,162,76,48,190,0
INV001297,P009,Bengaluru DC,08-12-2025,190,0,0,190,0
INV001298,P009,Bengaluru DC,15-12-2025,190,0,44,146,0
INV001299,P009,Bengaluru DC,22-12-2025,146,0,0,146,0
INV001300,P009,Bengaluru DC,29-12-2025,146,0,53,93,0
INV001301,P009,Pune DC,06-01-2025,117,0,0,117,0
INV001302,P009,Pune DC,13-01-2025,117,0,33,84,0
INV001303,P009,Pune DC,20-01-2025,84,0,18,66,0
INV001304,P009,Pune DC,27-01-2025,66,0,0,66,0
INV001305,P009,Pune DC,03-02-2025,66,0,34,32,0
INV001306,P009,Pune DC,10-02-2025,32,79,31,80,0
INV001307,P009,Pune DC,17-02-2025,80,0,23,57,0
INV001308,P009,Pune DC,24-02-2025,57,0,0,57,0
INV001309,P009,Pune DC,03-03-2025,57,72,12,117,0
INV001310,P009,Pune DC,10-03-2025,117,0,18,99,0
INV001311,P009,Pune DC,17-03-2025,99,0,0,99,0
INV001312,P009,Pune DC,24-03-2025,99,0,0,99,0
INV001313,P009,Pune DC,31-03-2025,99,0,25,74,0
INV001314,P009,Pune DC,07-04-2025,74,69,51,92,0
INV001315,P009,Pune DC,14-04-2025,92,0,49,43,0
INV001316,P009,Pune DC,21-04-2025,43,0,21,22,0
INV001317,P009,Pune DC,28-04-2025,22,0,0,22,0
INV001318,P009,Pune DC,05-05-2025,22,0,0,22,0
INV001319,P009,Pune DC,12-05-2025,22,0,23,0,1
INV001320,P009,Pune DC,19-05-2025,0,0,22,0,22
INV001321,P009,Pune DC,26-05-2025,0,60,15,45,0
INV001322,P009,Pune DC,02-06-2025,45,0,0,45,0
INV001323,P009,Pune DC,09-06-2025,45,0,29,16,0
INV001324,P009,Pune DC,16-06-2025,16,0,16,0,0
INV001325,P009,Pune DC,23-06-2025,0,47,50,0,3
INV001326,P009,Pune DC,30-06-2025,0,0,0,0,0
INV001327,P009,Pune DC,07-07-2025,0,0,15,0,15
INV001328,P009,Pune DC,14-07-2025,0,0,19,0,19
INV001329,P009,Pune DC,21-07-2025,0,0,0,0,0
INV001330,P009,Pune DC,28-07-2025,0,0,21,0,21
INV001331,P009,Pune DC,04-08-2025,0,0,0,0,0
INV001332,P009,Pune DC,11-08-2025,0,50,16,34,0
INV001333,P009,Pune DC,18-08-2025,34,0,25,9,0
INV001334,P009,Pune DC,25-08-2025,9,0,0,9,0
INV001335,P009,Pune DC,01-09-2025,9,76,16,69,0
INV001336,P009,Pune DC,08-09-2025,69,0,0,69,0
INV001337,P009,Pune DC,15-09-2025,69,0,41,28,0
INV001338,P009,Pune DC,22-09-2025,28,0,26,2,0
INV001339,P009,Pune DC,29-09-2025,2,0,0,2,0
INV001340,P009,Pune DC,06-10-2025,2,0,0,2,0
INV001341,P009,Pune DC,13-10-2025,2,57,52,7,0
INV001342,P009,Pune DC,20-10-2025,7,0,0,7,0
INV001343,P009,Pune DC,27-10-2025,7,0,11,0,4
INV001344,P009,Pune DC,03-11-2025,0,0,51,0,51
INV001345,P009,Pune DC,10-11-2025,0,0,37,0,37
INV001346,P009,Pune DC,17-11-2025,0,64,29,35,0
INV001347,P009,Pune DC,24-11-2025,35,0,12,23,0
INV001348,P009,Pune DC,01-12-2025,23,76,0,99,0
INV001349,P009,Pune DC,08-12-2025,99,0,25,74,0
INV001350,P009,Pune DC,15-12-2025,74,0,0,74,0
INV001351,P009,Pune DC,22-12-2025,74,0,50,24,0
INV001352,P009,Pune DC,29-12-2025,24,0,0,24,0
INV001353,P009,Chennai DC,06-01-2025,113,0,22,91,0
INV001354,P009,Chennai DC,13-01-2025,91,0,0,91,0
INV001355,P009,Chennai DC,20-01-2025,91,0,0,91,0
INV001356,P009,Chennai DC,27-01-2025,91,0,0,91,0
INV001357,P009,Chennai DC,03-02-2025,91,0,0,91,0
INV001358,P009,Chennai DC,10-02-2025,91,79,10,160,0
INV001359,P009,Chennai DC,17-02-2025,160,0,0,160,0
INV001360,P009,Chennai DC,24-02-2025,160,0,0,160,0
INV001361,P009,Chennai DC,03-03-2025,160,72,0,232,0
INV001362,P009,Chennai DC,10-03-2025,232,0,14,218,0
INV001363,P009,Chennai DC,17-03-2025,218,0,0,218,0
INV001364,P009,Chennai DC,24-03-2025,218,0,0,218,0
INV001365,P009,Chennai DC,31-03-2025,218,0,19,199,0
INV001366,P009,Chennai DC,07-04-2025,199,69,0,268,0
INV001367,P009,Chennai DC,14-04-2025,268,0,0,268,0
INV001368,P009,Chennai DC,21-04-2025,268,0,0,268,0
INV001369,P009,Chennai DC,28-04-2025,268,0,53,215,0
INV001370,P009,Chennai DC,05-05-2025,215,0,0,215,0
INV001371,P009,Chennai DC,12-05-2025,215,0,0,215,0
INV001372,P009,Chennai DC,19-05-2025,215,0,0,215,0
INV001373,P009,Chennai DC,26-05-2025,215,60,0,275,0
INV001374,P009,Chennai DC,02-06-2025,275,0,20,255,0
INV001375,P009,Chennai DC,09-06-2025,255,0,14,241,0
INV001376,P009,Chennai DC,16-06-2025,241,0,33,208,0
INV001377,P009,Chennai DC,23-06-2025,208,47,0,255,0
INV001378,P009,Chennai DC,30-06-2025,255,0,44,211,0
INV001379,P009,Chennai DC,07-07-2025,211,0,14,197,0
INV001380,P009,Chennai DC,14-07-2025,197,0,0,197,0
INV001381,P009,Chennai DC,21-07-2025,197,0,0,197,0
INV001382,P009,Chennai DC,28-07-2025,197,0,12,185,0
INV001383,P009,Chennai DC,04-08-2025,185,0,0,185,0
INV001384,P009,Chennai DC,11-08-2025,185,50,22,213,0
INV001385,P009,Chennai DC,18-08-2025,213,0,14,199,0
INV001386,P009,Chennai DC,25-08-2025,199,0,29,170,0
INV001387,P009,Chennai DC,01-09-2025,170,76,0,246,0
INV001388,P009,Chennai DC,08-09-2025,246,0,0,246,0
INV001389,P009,Chennai DC,15-09-2025,246,0,0,246,0
INV001390,P009,Chennai DC,22-09-2025,246,0,23,223,0
INV001391,P009,Chennai DC,29-09-2025,223,0,39,184,0
INV001392,P009,Chennai DC,06-10-2025,184,0,27,157,0
INV001393,P009,Chennai DC,13-10-2025,157,57,0,214,0
INV001394,P009,Chennai DC,20-10-2025,214,0,38,176,0
INV001395,P009,Chennai DC,27-10-2025,176,0,31,145,0
INV001396,P009,Chennai DC,03-11-2025,145,0,0,145,0
INV001397,P009,Chennai DC,10-11-2025,145,0,0,145,0
INV001398,P009,Chennai DC,17-11-2025,145,64,0,209,0
INV001399,P009,Chennai DC,24-11-2025,209,0,0,209,0
INV001400,P009,Chennai DC,01-12-2025,209,76,0,285,0
INV001401,P009,Chennai DC,08-12-2025,285,0,7,278,0
INV001402,P009,Chennai DC,15-12-2025,278,0,0,278,0
INV001403,P009,Chennai DC,22-12-2025,278,0,0,278,0
INV001404,P009,Chennai DC,29-12-2025,278,0,0,278,0
INV001405,P010,Bengaluru DC,06-01-2025,63,0,0,63,0
INV001406,P010,Bengaluru DC,13-01-2025,63,43,11,95,0
INV001407,P010,Bengaluru DC,20-01-2025,95,0,9,86,0
INV001408,P010,Bengaluru DC,27-01-2025,86,0,0,86,0
INV001409,P010,Bengaluru DC,03-02-2025,86,0,0,86,0
INV001410,P010,Bengaluru DC,10-02-2025,86,0,0,86,0
INV001411,P010,Bengaluru DC,17-02-2025,86,0,0,86,0
INV001412,P010,Bengaluru DC,24-02-2025,86,0,0,86,0
INV001413,P010,Bengaluru DC,03-03-2025,86,32,17,101,0
INV001414,P010,Bengaluru DC,10-03-2025,101,0,0,101,0
INV001415,P010,Bengaluru DC,17-03-2025,101,31,11,121,0
INV001416,P010,Bengaluru DC,24-03-2025,121,0,0,121,0
INV001417,P010,Bengaluru DC,31-03-2025,121,0,0,121,0
INV001418,P010,Bengaluru DC,07-04-2025,121,34,20,135,0
INV001419,P010,Bengaluru DC,14-04-2025,135,0,26,109,0
INV001420,P010,Bengaluru DC,21-04-2025,109,0,0,109,0
INV001421,P010,Bengaluru DC,28-04-2025,109,0,0,109,0
INV001422,P010,Bengaluru DC,05-05-2025,109,0,0,109,0
INV001423,P010,Bengaluru DC,12-05-2025,109,34,14,129,0
INV001424,P010,Bengaluru DC,19-05-2025,129,0,28,101,0
INV001425,P010,Bengaluru DC,26-05-2025,101,0,13,88,0
INV001426,P010,Bengaluru DC,02-06-2025,88,0,0,88,0
INV001427,P010,Bengaluru DC,09-06-2025,88,37,0,125,0
INV001428,P010,Bengaluru DC,16-06-2025,125,0,0,125,0
INV001429,P010,Bengaluru DC,23-06-2025,125,0,0,125,0
INV001430,P010,Bengaluru DC,30-06-2025,125,0,0,125,0
INV001431,P010,Bengaluru DC,07-07-2025,125,31,20,136,0
INV001432,P010,Bengaluru DC,14-07-2025,136,0,0,136,0
INV001433,P010,Bengaluru DC,21-07-2025,136,0,19,117,0
INV001434,P010,Bengaluru DC,28-07-2025,117,0,18,99,0
INV001435,P010,Bengaluru DC,04-08-2025,99,0,4,95,0
INV001436,P010,Bengaluru DC,11-08-2025,95,0,0,95,0
INV001437,P010,Bengaluru DC,18-08-2025,95,22,21,96,0
INV001438,P010,Bengaluru DC,25-08-2025,96,0,0,96,0
INV001439,P010,Bengaluru DC,01-09-2025,96,0,0,96,0
INV001440,P010,Bengaluru DC,08-09-2025,96,0,0,96,0
INV001441,P010,Bengaluru DC,15-09-2025,96,0,0,96,0
INV001442,P010,Bengaluru DC,22-09-2025,96,25,0,121,0
INV001443,P010,Bengaluru DC,29-09-2025,121,0,0,121,0
INV001444,P010,Bengaluru DC,06-10-2025,121,0,15,106,0
INV001445,P010,Bengaluru DC,13-10-2025,106,0,5,101,0
INV001446,P010,Bengaluru DC,20-10-2025,101,0,0,101,0
INV001447,P010,Bengaluru DC,27-10-2025,101,0,12,89,0
INV001448,P010,Bengaluru DC,03-11-2025,89,28,0,117,0
INV001449,P010,Bengaluru DC,10-11-2025,117,0,3,114,0
INV001450,P010,Bengaluru DC,17-11-2025,114,0,21,93,0
INV001451,P010,Bengaluru DC,24-11-2025,93,0,0,93,0
INV001452,P010,Bengaluru DC,01-12-2025,93,22,24,91,0
INV001453,P010,Bengaluru DC,08-12-2025,91,0,7,84,0
INV001454,P010,Bengaluru DC,15-12-2025,84,0,0,84,0
INV001455,P010,Bengaluru DC,22-12-2025,84,0,34,50,0
INV001456,P010,Bengaluru DC,29-12-2025,50,0,18,32,0
INV001457,P010,Pune DC,06-01-2025,64,0,15,49,0
INV001458,P010,Pune DC,13-01-2025,49,43,0,92,0
INV001459,P010,Pune DC,20-01-2025,92,0,11,81,0
INV001460,P010,Pune DC,27-01-2025,81,0,25,56,0
INV001461,P010,Pune DC,03-02-2025,56,0,14,42,0
INV001462,P010,Pune DC,10-02-2025,42,0,27,15,0
INV001463,P010,Pune DC,17-02-2025,15,0,13,2,0
INV001464,P010,Pune DC,24-02-2025,2,0,13,0,11
INV001465,P010,Pune DC,03-03-2025,0,32,20,12,0
INV001466,P010,Pune DC,10-03-2025,12,0,27,0,15
INV001467,P010,Pune DC,17-03-2025,0,31,13,18,0
INV001468,P010,Pune DC,24-03-2025,18,0,0,18,0
INV001469,P010,Pune DC,31-03-2025,18,0,19,0,1
INV001470,P010,Pune DC,07-04-2025,0,34,10,24,0
INV001471,P010,Pune DC,14-04-2025,24,0,15,9,0
INV001472,P010,Pune DC,21-04-2025,9,0,33,0,24
INV001473,P010,Pune DC,28-04-2025,0,0,31,0,31
INV001474,P010,Pune DC,05-05-2025,0,0,17,0,17
INV001475,P010,Pune DC,12-05-2025,0,34,13,21,0
INV001476,P010,Pune DC,19-05-2025,21,0,0,21,0
INV001477,P010,Pune DC,26-05-2025,21,0,0,21,0
INV001478,P010,Pune DC,02-06-2025,21,0,19,2,0
INV001479,P010,Pune DC,09-06-2025,2,37,0,39,0
INV001480,P010,Pune DC,16-06-2025,39,0,30,9,0
INV001481,P010,Pune DC,23-06-2025,9,0,13,0,4
INV001482,P010,Pune DC,30-06-2025,0,0,0,0,0
INV001483,P010,Pune DC,07-07-2025,0,31,0,31,0
INV001484,P010,Pune DC,14-07-2025,31,0,27,4,0
INV001485,P010,Pune DC,21-07-2025,4,0,0,4,0
INV001486,P010,Pune DC,28-07-2025,4,0,0,4,0
INV001487,P010,Pune DC,04-08-2025,4,0,16,0,12
INV001488,P010,Pune DC,11-08-2025,0,0,0,0,0
INV001489,P010,Pune DC,18-08-2025,0,22,0,22,0
INV001490,P010,Pune DC,25-08-2025,22,0,18,4,0
INV001491,P010,Pune DC,01-09-2025,4,0,18,0,14
INV001492,P010,Pune DC,08-09-2025,0,0,9,0,9
INV001493,P010,Pune DC,15-09-2025,0,0,23,0,23
INV001494,P010,Pune DC,22-09-2025,0,25,7,18,0
INV001495,P010,Pune DC,29-09-2025,18,0,0,18,0
INV001496,P010,Pune DC,06-10-2025,18,0,0,18,0
INV001497,P010,Pune DC,13-10-2025,18,0,7,11,0
INV001498,P010,Pune DC,20-10-2025,11,0,12,0,1
INV001499,P010,Pune DC,27-10-2025,0,0,7,0,7
INV001500,P010,Pune DC,03-11-2025,0,28,16,12,0
INV001501,P010,Pune DC,10-11-2025,12,0,3,9,0
INV001502,P010,Pune DC,17-11-2025,9,0,0,9,0
INV001503,P010,Pune DC,24-11-2025,9,0,22,0,13
INV001504,P010,Pune DC,01-12-2025,0,22,0,22,0
INV001505,P010,Pune DC,08-12-2025,22,0,12,10,0
INV001506,P010,Pune DC,15-12-2025,10,0,19,0,9
INV001507,P010,Pune DC,22-12-2025,0,0,0,0,0
INV001508,P010,Pune DC,29-12-2025,0,0,13,0,13
INV001509,P010,Chennai DC,06-01-2025,69,0,0,69,0
INV001510,P010,Chennai DC,13-01-2025,69,43,6,106,0
INV001511,P010,Chennai DC,20-01-2025,106,0,0,106,0
INV001512,P010,Chennai DC,27-01-2025,106,0,0,106,0
INV001513,P010,Chennai DC,03-02-2025,106,0,8,98,0
INV001514,P010,Chennai DC,10-02-2025,98,0,0,98,0
INV001515,P010,Chennai DC,17-02-2025,98,0,10,88,0
INV001516,P010,Chennai DC,24-02-2025,88,0,12,76,0
INV001517,P010,Chennai DC,03-03-2025,76,32,7,101,0
INV001518,P010,Chennai DC,10-03-2025,101,0,0,101,0
INV001519,P010,Chennai DC,17-03-2025,101,31,8,124,0
INV001520,P010,Chennai DC,24-03-2025,124,0,34,90,0
INV001521,P010,Chennai DC,31-03-2025,90,0,11,79,0
INV001522,P010,Chennai DC,07-04-2025,79,34,0,113,0
INV001523,P010,Chennai DC,14-04-2025,113,0,0,113,0
INV001524,P010,Chennai DC,21-04-2025,113,0,0,113,0
INV001525,P010,Chennai DC,28-04-2025,113,0,0,113,0
INV001526,P010,Chennai DC,05-05-2025,113,0,19,94,0
INV001527,P010,Chennai DC,12-05-2025,94,34,0,128,0
INV001528,P010,Chennai DC,19-05-2025,128,0,0,128,0
INV001529,P010,Chennai DC,26-05-2025,128,0,13,115,0
INV001530,P010,Chennai DC,02-06-2025,115,0,3,112,0
INV001531,P010,Chennai DC,09-06-2025,112,37,35,114,0
INV001532,P010,Chennai DC,16-06-2025,114,0,0,114,0
INV001533,P010,Chennai DC,23-06-2025,114,0,13,101,0
INV001534,P010,Chennai DC,30-06-2025,101,0,30,71,0
INV001535,P010,Chennai DC,07-07-2025,71,31,0,102,0
INV001536,P010,Chennai DC,14-07-2025,102,0,0,102,0
INV001537,P010,Chennai DC,21-07-2025,102,0,0,102,0
INV001538,P010,Chennai DC,28-07-2025,102,0,0,102,0
INV001539,P010,Chennai DC,04-08-2025,102,0,0,102,0
INV001540,P010,Chennai DC,11-08-2025,102,0,17,85,0
INV001541,P010,Chennai DC,18-08-2025,85,22,0,107,0
INV001542,P010,Chennai DC,25-08-2025,107,0,0,107,0
INV001543,P010,Chennai DC,01-09-2025,107,0,0,107,0
INV001544,P010,Chennai DC,08-09-2025,107,0,5,102,0
INV001545,P010,Chennai DC,15-09-2025,102,0,0,102,0
INV001546,P010,Chennai DC,22-09-2025,102,25,9,118,0
INV001547,P010,Chennai DC,29-09-2025,118,0,15,103,0
INV001548,P010,Chennai DC,06-10-2025,103,0,0,103,0
INV001549,P010,Chennai DC,13-10-2025,103,0,3,100,0
INV001550,P010,Chennai DC,20-10-2025,100,0,0,100,0
INV001551,P010,Chennai DC,27-10-2025,100,0,0,100,0
INV001552,P010,Chennai DC,03-11-2025,100,28,0,128,0
INV001553,P010,Chennai DC,10-11-2025,128,0,6,122,0
INV001554,P010,Chennai DC,17-11-2025,122,0,0,122,0
INV001555,P010,Chennai DC,24-11-2025,122,0,0,122,0
INV001556,P010,Chennai DC,01-12-2025,122,22,0,144,0
INV001557,P010,Chennai DC,08-12-2025,144,0,0,144,0
INV001558,P010,Chennai DC,15-12-2025,144,0,8,136,0
INV001559,P010,Chennai DC,22-12-2025,136,0,0,136,0
INV001560,P010,Chennai DC,29-12-2025,136,0,0,136,0
INV001561,P011,Bengaluru DC,06-01-2025,355,0,0,355,0
INV001562,P011,Bengaluru DC,13-01-2025,355,0,48,307,0
INV001563,P011,Bengaluru DC,20-01-2025,307,0,65,242,0
INV001564,P011,Bengaluru DC,27-01-2025,242,0,29,213,0
INV001565,P011,Bengaluru DC,03-02-2025,213,127,0,340,0
INV001566,P011,Bengaluru DC,10-02-2025,340,0,0,340,0
INV001567,P011,Bengaluru DC,17-02-2025,340,0,77,263,0
INV001568,P011,Bengaluru DC,24-02-2025,263,0,45,218,0
INV001569,P011,Bengaluru DC,03-03-2025,218,0,136,82,0
INV001570,P011,Bengaluru DC,10-03-2025,82,0,55,27,0
INV001571,P011,Bengaluru DC,17-03-2025,27,0,48,0,21
INV001572,P011,Bengaluru DC,24-03-2025,0,164,45,119,0
INV001573,P011,Bengaluru DC,31-03-2025,119,0,40,79,0
INV001574,P011,Bengaluru DC,07-04-2025,79,0,128,0,49
INV001575,P011,Bengaluru DC,14-04-2025,0,0,88,0,88
INV001576,P011,Bengaluru DC,21-04-2025,0,108,114,0,6
INV001577,P011,Bengaluru DC,28-04-2025,0,0,120,0,120
INV001578,P011,Bengaluru DC,05-05-2025,0,0,0,0,0
INV001579,P011,Bengaluru DC,12-05-2025,0,0,0,0,0
INV001580,P011,Bengaluru DC,19-05-2025,0,0,62,0,62
INV001581,P011,Bengaluru DC,26-05-2025,0,133,0,133,0
INV001582,P011,Bengaluru DC,02-06-2025,133,0,0,133,0
INV001583,P011,Bengaluru DC,09-06-2025,133,119,56,196,0
INV001584,P011,Bengaluru DC,16-06-2025,196,0,54,142,0
INV001585,P011,Bengaluru DC,23-06-2025,142,0,25,117,0
INV001586,P011,Bengaluru DC,30-06-2025,117,0,0,117,0
INV001587,P011,Bengaluru DC,07-07-2025,117,0,0,117,0
INV001588,P011,Bengaluru DC,14-07-2025,117,198,63,252,0
INV001589,P011,Bengaluru DC,21-07-2025,252,0,60,192,0
INV001590,P011,Bengaluru DC,28-07-2025,192,0,0,192,0
INV001591,P011,Bengaluru DC,04-08-2025,192,0,36,156,0
INV001592,P011,Bengaluru DC,11-08-2025,156,0,0,156,0
INV001593,P011,Bengaluru DC,18-08-2025,156,187,28,315,0
INV001594,P011,Bengaluru DC,25-08-2025,315,0,23,292,0
INV001595,P011,Bengaluru DC,01-09-2025,292,0,0,292,0
INV001596,P011,Bengaluru DC,08-09-2025,292,174,76,390,0
INV001597,P011,Bengaluru DC,15-09-2025,390,0,0,390,0
INV001598,P011,Bengaluru DC,22-09-2025,390,0,0,390,0
INV001599,P011,Bengaluru DC,29-09-2025,390,0,0,390,0
INV001600,P011,Bengaluru DC,06-10-2025,390,0,22,368,0
INV001601,P011,Bengaluru DC,13-10-2025,368,0,38,330,0
INV001602,P011,Bengaluru DC,20-10-2025,330,108,0,438,0
INV001603,P011,Bengaluru DC,27-10-2025,438,0,0,438,0
INV001604,P011,Bengaluru DC,03-11-2025,438,0,0,438,0
INV001605,P011,Bengaluru DC,10-11-2025,438,199,73,564,0
INV001606,P011,Bengaluru DC,17-11-2025,564,0,76,488,0
INV001607,P011,Bengaluru DC,24-11-2025,488,0,28,460,0
INV001608,P011,Bengaluru DC,01-12-2025,460,0,32,428,0
INV001609,P011,Bengaluru DC,08-12-2025,428,0,25,403,0
INV001610,P011,Bengaluru DC,15-12-2025,403,129,0,532,0
INV001611,P011,Bengaluru DC,22-12-2025,532,0,58,474,0
INV001612,P011,Bengaluru DC,29-12-2025,474,0,40,434,0
INV001613,P011,Pune DC,06-01-2025,299,0,58,241,0
INV001614,P011,Pune DC,13-01-2025,241,0,46,195,0
INV001615,P011,Pune DC,20-01-2025,195,0,0,195,0
INV001616,P011,Pune DC,27-01-2025,195,0,30,165,0
INV001617,P011,Pune DC,03-02-2025,165,127,0,292,0
INV001618,P011,Pune DC,10-02-2025,292,0,123,169,0
INV001619,P011,Pune DC,17-02-2025,169,0,0,169,0
INV001620,P011,Pune DC,24-02-2025,169,0,76,93,0
INV001621,P011,Pune DC,03-03-2025,93,0,0,93,0
INV001622,P011,Pune DC,10-03-2025,93,0,0,93,0
INV001623,P011,Pune DC,17-03-2025,93,0,0,93,0
INV001624,P011,Pune DC,24-03-2025,93,164,42,215,0
INV001625,P011,Pune DC,31-03-2025,215,0,56,159,0
INV001626,P011,Pune DC,07-04-2025,159,0,0,159,0
INV001627,P011,Pune DC,14-04-2025,159,0,0,159,0
INV001628,P011,Pune DC,21-04-2025,159,108,0,267,0
INV001629,P011,Pune DC,28-04-2025,267,0,0,267,0
INV001630,P011,Pune DC,05-05-2025,267,0,118,149,0
INV001631,P011,Pune DC,12-05-2025,149,0,68,81,0
INV001632,P011,Pune DC,19-05-2025,81,0,61,20,0
INV001633,P011,Pune DC,26-05-2025,20,133,47,106,0
INV001634,P011,Pune DC,02-06-2025,106,0,110,0,4
INV001635,P011,Pune DC,09-06-2025,0,119,0,119,0
INV001636,P011,Pune DC,16-06-2025,119,0,0,119,0
INV001637,P011,Pune DC,23-06-2025,119,0,0,119,0
INV001638,P011,Pune DC,30-06-2025,119,0,103,16,0
INV001639,P011,Pune DC,07-07-2025,16,0,0,16,0
INV001640,P011,Pune DC,14-07-2025,16,198,0,214,0
INV001641,P011,Pune DC,21-07-2025,214,0,0,214,0
INV001642,P011,Pune DC,28-07-2025,214,0,29,185,0
INV001643,P011,Pune DC,04-08-2025,185,0,40,145,0
INV001644,P011,Pune DC,11-08-2025,145,0,0,145,0
INV001645,P011,Pune DC,18-08-2025,145,187,50,282,0
INV001646,P011,Pune DC,25-08-2025,282,0,21,261,0
INV001647,P011,Pune DC,01-09-2025,261,0,19,242,0
INV001648,P011,Pune DC,08-09-2025,242,174,0,416,0
INV001649,P011,Pune DC,15-09-2025,416,0,72,344,0
INV001650,P011,Pune DC,22-09-2025,344,0,34,310,0
INV001651,P011,Pune DC,29-09-2025,310,0,0,310,0
INV001652,P011,Pune DC,06-10-2025,310,0,26,284,0
INV001653,P011,Pune DC,13-10-2025,284,0,20,264,0
INV001654,P011,Pune DC,20-10-2025,264,108,0,372,0
INV001655,P011,Pune DC,27-10-2025,372,0,71,301,0
INV001656,P011,Pune DC,03-11-2025,301,0,45,256,0
INV001657,P011,Pune DC,10-11-2025,256,199,0,455,0
INV001658,P011,Pune DC,17-11-2025,455,0,0,455,0
INV001659,P011,Pune DC,24-11-2025,455,0,48,407,0
INV001660,P011,Pune DC,01-12-2025,407,0,56,351,0
INV001661,P011,Pune DC,08-12-2025,351,0,21,330,0
INV001662,P011,Pune DC,15-12-2025,330,129,0,459,0
INV001663,P011,Pune DC,22-12-2025,459,0,0,459,0
INV001664,P011,Pune DC,29-12-2025,459,0,35,424,0
INV001665,P011,Chennai DC,06-01-2025,378,0,29,349,0
INV001666,P011,Chennai DC,13-01-2025,349,0,0,349,0
INV001667,P011,Chennai DC,20-01-2025,349,0,67,282,0
INV001668,P011,Chennai DC,27-01-2025,282,0,37,245,0
INV001669,P011,Chennai DC,03-02-2025,245,127,111,261,0
INV001670,P011,Chennai DC,10-02-2025,261,0,0,261,0
INV001671,P011,Chennai DC,17-02-2025,261,0,40,221,0
INV001672,P011,Chennai DC,24-02-2025,221,0,0,221,0
INV001673,P011,Chennai DC,03-03-2025,221,0,0,221,0
INV001674,P011,Chennai DC,10-03-2025,221,0,73,148,0
INV001675,P011,Chennai DC,17-03-2025,148,0,87,61,0
INV001676,P011,Chennai DC,24-03-2025,61,164,53,172,0
INV001677,P011,Chennai DC,31-03-2025,172,0,47,125,0
INV001678,P011,Chennai DC,07-04-2025,125,0,0,125,0
INV001679,P011,Chennai DC,14-04-2025,125,0,63,62,0
INV001680,P011,Chennai DC,21-04-2025,62,108,0,170,0
INV001681,P011,Chennai DC,28-04-2025,170,0,0,170,0
INV001682,P011,Chennai DC,05-05-2025,170,0,0,170,0
INV001683,P011,Chennai DC,12-05-2025,170,0,62,108,0
INV001684,P011,Chennai DC,19-05-2025,108,0,0,108,0
INV001685,P011,Chennai DC,26-05-2025,108,133,84,157,0
INV001686,P011,Chennai DC,02-06-2025,157,0,0,157,0
INV001687,P011,Chennai DC,09-06-2025,157,119,29,247,0
INV001688,P011,Chennai DC,16-06-2025,247,0,56,191,0
INV001689,P011,Chennai DC,23-06-2025,191,0,68,123,0
INV001690,P011,Chennai DC,30-06-2025,123,0,0,123,0
INV001691,P011,Chennai DC,07-07-2025,123,0,98,25,0
INV001692,P011,Chennai DC,14-07-2025,25,198,27,196,0
INV001693,P011,Chennai DC,21-07-2025,196,0,26,170,0
INV001694,P011,Chennai DC,28-07-2025,170,0,62,108,0
INV001695,P011,Chennai DC,04-08-2025,108,0,0,108,0
INV001696,P011,Chennai DC,11-08-2025,108,0,79,29,0
INV001697,P011,Chennai DC,18-08-2025,29,187,0,216,0
INV001698,P011,Chennai DC,25-08-2025,216,0,21,195,0
INV001699,P011,Chennai DC,01-09-2025,195,0,47,148,0
INV001700,P011,Chennai DC,08-09-2025,148,174,0,322,0
INV001701,P011,Chennai DC,15-09-2025,322,0,0,322,0
INV001702,P011,Chennai DC,22-09-2025,322,0,36,286,0
INV001703,P011,Chennai DC,29-09-2025,286,0,61,225,0
INV001704,P011,Chennai DC,06-10-2025,225,0,20,205,0
INV001705,P011,Chennai DC,13-10-2025,205,0,0,205,0
INV001706,P011,Chennai DC,20-10-2025,205,108,69,244,0
INV001707,P011,Chennai DC,27-10-2025,244,0,0,244,0
INV001708,P011,Chennai DC,03-11-2025,244,0,14,230,0
INV001709,P011,Chennai DC,10-11-2025,230,199,0,429,0
INV001710,P011,Chennai DC,17-11-2025,429,0,0,429,0
INV001711,P011,Chennai DC,24-11-2025,429,0,0,429,0
INV001712,P011,Chennai DC,01-12-2025,429,0,0,429,0
INV001713,P011,Chennai DC,08-12-2025,429,0,19,410,0
INV001714,P011,Chennai DC,15-12-2025,410,129,80,459,0
INV001715,P011,Chennai DC,22-12-2025,459,0,23,436,0
INV001716,P011,Chennai DC,29-12-2025,436,0,0,436,0
INV001717,P012,Bengaluru DC,06-01-2025,110,0,20,90,0
INV001718,P012,Bengaluru DC,13-01-2025,90,0,41,49,0
INV001719,P012,Bengaluru DC,20-01-2025,49,0,0,49,0
INV001720,P012,Bengaluru DC,27-01-2025,49,62,0,111,0
INV001721,P012,Bengaluru DC,03-02-2025,111,0,0,111,0
INV001722,P012,Bengaluru DC,10-02-2025,111,0,0,111,0
INV001723,P012,Bengaluru DC,17-02-2025,111,0,0,111,0
INV001724,P012,Bengaluru DC,24-02-2025,111,46,0,157,0
INV001725,P012,Bengaluru DC,03-03-2025,157,0,0,157,0
INV001726,P012,Bengaluru DC,10-03-2025,157,59,47,169,0
INV001727,P012,Bengaluru DC,17-03-2025,169,0,0,169,0
INV001728,P012,Bengaluru DC,24-03-2025,169,0,34,135,0
INV001729,P012,Bengaluru DC,31-03-2025,135,0,20,115,0
INV001730,P012,Bengaluru DC,07-04-2025,115,53,15,153,0
INV001731,P012,Bengaluru DC,14-04-2025,153,0,14,139,0
INV001732,P012,Bengaluru DC,21-04-2025,139,0,0,139,0
INV001733,P012,Bengaluru DC,28-04-2025,139,0,28,111,0
INV001734,P012,Bengaluru DC,05-05-2025,111,0,0,111,0
INV001735,P012,Bengaluru DC,12-05-2025,111,74,0,185,0
INV001736,P012,Bengaluru DC,19-05-2025,185,0,0,185,0
INV001737,P012,Bengaluru DC,26-05-2025,185,0,21,164,0
INV001738,P012,Bengaluru DC,02-06-2025,164,0,18,146,0
INV001739,P012,Bengaluru DC,09-06-2025,146,0,0,146,0
INV001740,P012,Bengaluru DC,16-06-2025,146,0,0,146,0
INV001741,P012,Bengaluru DC,23-06-2025,146,67,0,213,0
INV001742,P012,Bengaluru DC,30-06-2025,213,0,0,213,0
INV001743,P012,Bengaluru DC,07-07-2025,213,0,0,213,0
INV001744,P012,Bengaluru DC,14-07-2025,213,80,40,253,0
INV001745,P012,Bengaluru DC,21-07-2025,253,0,0,253,0
INV001746,P012,Bengaluru DC,28-07-2025,253,0,18,235,0
INV001747,P012,Bengaluru DC,04-08-2025,235,0,0,235,0
INV001748,P012,Bengaluru DC,11-08-2025,235,0,0,235,0
INV001749,P012,Bengaluru DC,18-08-2025,235,0,35,200,0
INV001750,P012,Bengaluru DC,25-08-2025,200,48,0,248,0
INV001751,P012,Bengaluru DC,01-09-2025,248,0,0,248,0
INV001752,P012,Bengaluru DC,08-09-2025,248,0,42,206,0
INV001753,P012,Bengaluru DC,15-09-2025,206,0,0,206,0
INV001754,P012,Bengaluru DC,22-09-2025,206,0,9,197,0
INV001755,P012,Bengaluru DC,29-09-2025,197,0,0,197,0
INV001756,P012,Bengaluru DC,06-10-2025,197,80,0,277,0
INV001757,P012,Bengaluru DC,13-10-2025,277,0,43,234,0
INV001758,P012,Bengaluru DC,20-10-2025,234,0,8,226,0
INV001759,P012,Bengaluru DC,27-10-2025,226,0,30,196,0
INV001760,P012,Bengaluru DC,03-11-2025,196,50,0,246,0
INV001761,P012,Bengaluru DC,10-11-2025,246,0,14,232,0
INV001762,P012,Bengaluru DC,17-11-2025,232,0,47,185,0
INV001763,P012,Bengaluru DC,24-11-2025,185,0,0,185,0
INV001764,P012,Bengaluru DC,01-12-2025,185,0,0,185,0
INV001765,P012,Bengaluru DC,08-12-2025,185,0,0,185,0
INV001766,P012,Bengaluru DC,15-12-2025,185,77,0,262,0
INV001767,P012,Bengaluru DC,22-12-2025,262,0,32,230,0
INV001768,P012,Bengaluru DC,29-12-2025,230,0,12,218,0
INV001769,P012,Pune DC,06-01-2025,166,0,0,166,0
INV001770,P012,Pune DC,13-01-2025,166,0,0,166,0
INV001771,P012,Pune DC,20-01-2025,166,0,56,110,0
INV001772,P012,Pune DC,27-01-2025,110,62,17,155,0
INV001773,P012,Pune DC,03-02-2025,155,0,14,141,0
INV001774,P012,Pune DC,10-02-2025,141,0,26,115,0
INV001775,P012,Pune DC,17-02-2025,115,0,0,115,0
INV001776,P012,Pune DC,24-02-2025,115,46,0,161,0
INV001777,P012,Pune DC,03-03-2025,161,0,35,126,0
INV001778,P012,Pune DC,10-03-2025,126,59,0,185,0
INV001779,P012,Pune DC,17-03-2025,185,0,47,138,0
INV001780,P012,Pune DC,24-03-2025,138,0,0,138,0
INV001781,P012,Pune DC,31-03-2025,138,0,18,120,0
INV001782,P012,Pune DC,07-04-2025,120,53,0,173,0
INV001783,P012,Pune DC,14-04-2025,173,0,35,138,0
INV001784,P012,Pune DC,21-04-2025,138,0,0,138,0
INV001785,P012,Pune DC,28-04-2025,138,0,10,128,0
INV001786,P012,Pune DC,05-05-2025,128,0,0,128,0
INV001787,P012,Pune DC,12-05-2025,128,74,48,154,0
INV001788,P012,Pune DC,19-05-2025,154,0,0,154,0
INV001789,P012,Pune DC,26-05-2025,154,0,29,125,0
INV001790,P012,Pune DC,02-06-2025,125,0,36,89,0
INV001791,P012,Pune DC,09-06-2025,89,0,42,47,0
INV001792,P012,Pune DC,16-06-2025,47,0,38,9,0
INV001793,P012,Pune DC,23-06-2025,9,67,18,58,0
INV001794,P012,Pune DC,30-06-2025,58,0,33,25,0
INV001795,P012,Pune DC,07-07-2025,25,0,46,0,21
INV001796,P012,Pune DC,14-07-2025,0,80,0,80,0
INV001797,P012,Pune DC,21-07-2025,80,0,28,52,0
INV001798,P012,Pune DC,28-07-2025,52,0,11,41,0
INV001799,P012,Pune DC,04-08-2025,41,0,12,29,0
INV001800,P012,Pune DC,11-08-2025,29,0,13,16,0
INV001801,P012,Pune DC,18-08-2025,16,0,0,16,0
INV001802,P012,Pune DC,25-08-2025,16,48,27,37,0
INV001803,P012,Pune DC,01-09-2025,37,0,38,0,1
INV001804,P012,Pune DC,08-09-2025,0,0,0,0,0
INV001805,P012,Pune DC,15-09-2025,0,0,0,0,0
INV001806,P012,Pune DC,22-09-2025,0,0,21,0,21
INV001807,P012,Pune DC,29-09-2025,0,0,18,0,18
INV001808,P012,Pune DC,06-10-2025,0,80,28,52,0
INV001809,P012,Pune DC,13-10-2025,52,0,0,52,0
INV001810,P012,Pune DC,20-10-2025,52,0,6,46,0
INV001811,P012,Pune DC,27-10-2025,46,0,0,46,0
INV001812,P012,Pune DC,03-11-2025,46,50,0,96,0
INV001813,P012,Pune DC,10-11-2025,96,0,15,81,0
INV001814,P012,Pune DC,17-11-2025,81,0,0,81,0
INV001815,P012,Pune DC,24-11-2025,81,0,34,47,0
INV001816,P012,Pune DC,01-12-2025,47,0,44,3,0
INV001817,P012,Pune DC,08-12-2025,3,0,0,3,0
INV001818,P012,Pune DC,15-12-2025,3,77,0,80,0
INV001819,P012,Pune DC,22-12-2025,80,0,0,80,0
INV001820,P012,Pune DC,29-12-2025,80,0,31,49,0
INV001821,P012,Chennai DC,06-01-2025,130,0,19,111,0
INV001822,P012,Chennai DC,13-01-2025,111,0,0,111,0
INV001823,P012,Chennai DC,20-01-2025,111,0,0,111,0
INV001824,P012,Chennai DC,27-01-2025,111,62,28,145,0
INV001825,P012,Chennai DC,03-02-2025,145,0,26,119,0
INV001826,P012,Chennai DC,10-02-2025,119,0,8,111,0
INV001827,P012,Chennai DC,17-02-2025,111,0,41,70,0
INV001828,P012,Chennai DC,24-02-2025,70,46,44,72,0
INV001829,P012,Chennai DC,03-03-2025,72,0,0,72,0
INV001830,P012,Chennai DC,10-03-2025,72,59,0,131,0
INV001831,P012,Chennai DC,17-03-2025,131,0,0,131,0
INV001832,P012,Chennai DC,24-03-2025,131,0,19,112,0
INV001833,P012,Chennai DC,31-03-2025,112,0,19,93,0
INV001834,P012,Chennai DC,07-04-2025,93,53,21,125,0
INV001835,P012,Chennai DC,14-04-2025,125,0,0,125,0
INV001836,P012,Chennai DC,21-04-2025,125,0,41,84,0
INV001837,P012,Chennai DC,28-04-2025,84,0,0,84,0
INV001838,P012,Chennai DC,05-05-2025,84,0,51,33,0
INV001839,P012,Chennai DC,12-05-2025,33,74,0,107,0
INV001840,P012,Chennai DC,19-05-2025,107,0,45,62,0
INV001841,P012,Chennai DC,26-05-2025,62,0,0,62,0
INV001842,P012,Chennai DC,02-06-2025,62,0,0,62,0
INV001843,P012,Chennai DC,09-06-2025,62,0,0,62,0
INV001844,P012,Chennai DC,16-06-2025,62,0,0,62,0
INV001845,P012,Chennai DC,23-06-2025,62,67,29,100,0
INV001846,P012,Chennai DC,30-06-2025,100,0,0,100,0
INV001847,P012,Chennai DC,07-07-2025,100,0,0,100,0
INV001848,P012,Chennai DC,14-07-2025,100,80,0,180,0
INV001849,P012,Chennai DC,21-07-2025,180,0,17,163,0
INV001850,P012,Chennai DC,28-07-2025,163,0,0,163,0
INV001851,P012,Chennai DC,04-08-2025,163,0,22,141,0
INV001852,P012,Chennai DC,11-08-2025,141,0,15,126,0
INV001853,P012,Chennai DC,18-08-2025,126,0,0,126,0
INV001854,P012,Chennai DC,25-08-2025,126,48,16,158,0
INV001855,P012,Chennai DC,01-09-2025,158,0,0,158,0
INV001856,P012,Chennai DC,08-09-2025,158,0,0,158,0
INV001857,P012,Chennai DC,15-09-2025,158,0,34,124,0
INV001858,P012,Chennai DC,22-09-2025,124,0,0,124,0
INV001859,P012,Chennai DC,29-09-2025,124,0,16,108,0
INV001860,P012,Chennai DC,06-10-2025,108,80,0,188,0
INV001861,P012,Chennai DC,13-10-2025,188,0,0,188,0
INV001862,P012,Chennai DC,20-10-2025,188,0,11,177,0
INV001863,P012,Chennai DC,27-10-2025,177,0,0,177,0
INV001864,P012,Chennai DC,03-11-2025,177,50,38,189,0
INV001865,P012,Chennai DC,10-11-2025,189,0,12,177,0
INV001866,P012,Chennai DC,17-11-2025,177,0,0,177,0
INV001867,P012,Chennai DC,24-11-2025,177,0,0,177,0
INV001868,P012,Chennai DC,01-12-2025,177,0,0,177,0
INV001869,P012,Chennai DC,08-12-2025,177,0,38,139,0
INV001870,P012,Chennai DC,15-12-2025,139,77,40,176,0
INV001871,P012,Chennai DC,22-12-2025,176,0,0,176,0
INV001872,P012,Chennai DC,29-12-2025,176,0,0,176,0
INV001873,P013,Bengaluru DC,06-01-2025,231,0,0,231,0
INV001874,P013,Bengaluru DC,13-01-2025,231,0,0,231,0
INV001875,P013,Bengaluru DC,20-01-2025,231,0,60,171,0
INV001876,P013,Bengaluru DC,27-01-2025,171,0,0,171,0
INV001877,P013,Bengaluru DC,03-02-2025,171,0,53,118,0
INV001878,P013,Bengaluru DC,10-02-2025,118,99,94,123,0
INV001879,P013,Bengaluru DC,17-02-2025,123,0,0,123,0
INV001880,P013,Bengaluru DC,24-02-2025,123,0,0,123,0
INV001881,P013,Bengaluru DC,03-03-2025,123,0,0,123,0
INV001882,P013,Bengaluru DC,10-03-2025,123,0,32,91,0
INV001883,P013,Bengaluru DC,17-03-2025,91,118,71,138,0
INV001884,P013,Bengaluru DC,24-03-2025,138,0,41,97,0
INV001885,P013,Bengaluru DC,31-03-2025,97,0,0,97,0
INV001886,P013,Bengaluru DC,07-04-2025,97,0,0,97,0
INV001887,P013,Bengaluru DC,14-04-2025,97,102,0,199,0
INV001888,P013,Bengaluru DC,21-04-2025,199,0,0,199,0
INV001889,P013,Bengaluru DC,28-04-2025,199,0,0,199,0
INV001890,P013,Bengaluru DC,05-05-2025,199,160,0,359,0
INV001891,P013,Bengaluru DC,12-05-2025,359,0,44,315,0
INV001892,P013,Bengaluru DC,19-05-2025,315,0,37,278,0
INV001893,P013,Bengaluru DC,26-05-2025,278,0,104,174,0
INV001894,P013,Bengaluru DC,02-06-2025,174,99,0,273,0
INV001895,P013,Bengaluru DC,09-06-2025,273,0,57,216,0
INV001896,P013,Bengaluru DC,16-06-2025,216,0,0,216,0
INV001897,P013,Bengaluru DC,23-06-2025,216,0,27,189,0
INV001898,P013,Bengaluru DC,30-06-2025,189,153,0,342,0
INV001899,P013,Bengaluru DC,07-07-2025,342,0,43,299,0
INV001900,P013,Bengaluru DC,14-07-2025,299,0,0,299,0
INV001901,P013,Bengaluru DC,21-07-2025,299,0,0,299,0
INV001902,P013,Bengaluru DC,28-07-2025,299,116,0,415,0
INV001903,P013,Bengaluru DC,04-08-2025,415,0,83,332,0
INV001904,P013,Bengaluru DC,11-08-2025,332,0,28,304,0
INV001905,P013,Bengaluru DC,18-08-2025,304,141,0,445,0
INV001906,P013,Bengaluru DC,25-08-2025,445,0,50,395,0
INV001907,P013,Bengaluru DC,01-09-2025,395,0,0,395,0
INV001908,P013,Bengaluru DC,08-09-2025,395,92,0,487,0
INV001909,P013,Bengaluru DC,15-09-2025,487,0,22,465,0
INV001910,P013,Bengaluru DC,22-09-2025,465,0,0,465,0
INV001911,P013,Bengaluru DC,29-09-2025,465,0,57,408,0
INV001912,P013,Bengaluru DC,06-10-2025,408,0,0,408,0
INV001913,P013,Bengaluru DC,13-10-2025,408,137,0,545,0
INV001914,P013,Bengaluru DC,20-10-2025,545,0,0,545,0
INV001915,P013,Bengaluru DC,27-10-2025,545,0,0,545,0
INV001916,P013,Bengaluru DC,03-11-2025,545,0,25,520,0
INV001917,P013,Bengaluru DC,10-11-2025,520,110,0,630,0
INV001918,P013,Bengaluru DC,17-11-2025,630,0,29,601,0
INV001919,P013,Bengaluru DC,24-11-2025,601,0,0,601,0
INV001920,P013,Bengaluru DC,01-12-2025,601,93,0,694,0
INV001921,P013,Bengaluru DC,08-12-2025,694,0,0,694,0
INV001922,P013,Bengaluru DC,15-12-2025,694,0,66,628,0
INV001923,P013,Bengaluru DC,22-12-2025,628,110,30,708,0
INV001924,P013,Bengaluru DC,29-12-2025,708,0,0,708,0
INV001925,P013,Pune DC,06-01-2025,265,0,27,238,0
INV001926,P013,Pune DC,13-01-2025,238,0,92,146,0
INV001927,P013,Pune DC,20-01-2025,146,0,31,115,0
INV001928,P013,Pune DC,27-01-2025,115,0,42,73,0
INV001929,P013,Pune DC,03-02-2025,73,0,0,73,0
INV001930,P013,Pune DC,10-02-2025,73,99,0,172,0
INV001931,P013,Pune DC,17-02-2025,172,0,0,172,0
INV001932,P013,Pune DC,24-02-2025,172,0,91,81,0
INV001933,P013,Pune DC,03-03-2025,81,0,44,37,0
INV001934,P013,Pune DC,10-03-2025,37,0,0,37,0
INV001935,P013,Pune DC,17-03-2025,37,118,0,155,0
INV001936,P013,Pune DC,24-03-2025,155,0,44,111,0
INV001937,P013,Pune DC,31-03-2025,111,0,51,60,0
INV001938,P013,Pune DC,07-04-2025,60,0,114,0,54
INV001939,P013,Pune DC,14-04-2025,0,102,0,102,0
INV001940,P013,Pune DC,21-04-2025,102,0,0,102,0
INV001941,P013,Pune DC,28-04-2025,102,0,101,1,0
INV001942,P013,Pune DC,05-05-2025,1,160,95,66,0
INV001943,P013,Pune DC,12-05-2025,66,0,50,16,0
INV001944,P013,Pune DC,19-05-2025,16,0,40,0,24
INV001945,P013,Pune DC,26-05-2025,0,0,0,0,0
INV001946,P013,Pune DC,02-06-2025,0,99,50,49,0
INV001947,P013,Pune DC,09-06-2025,49,0,45,4,0
INV001948,P013,Pune DC,16-06-2025,4,0,0,4,0
INV001949,P013,Pune DC,23-06-2025,4,0,54,0,50
INV001950,P013,Pune DC,30-06-2025,0,153,103,50,0
INV001951,P013,Pune DC,07-07-2025,50,0,46,4,0
INV001952,P013,Pune DC,14-07-2025,4,0,100,0,96
INV001953,P013,Pune DC,21-07-2025,0,0,94,0,94
INV001954,P013,Pune DC,28-07-2025,0,116,36,80,0
INV001955,P013,Pune DC,04-08-2025,80,0,0,80,0
INV001956,P013,Pune DC,11-08-2025,80,0,26,54,0
INV001957,P013,Pune DC,18-08-2025,54,141,39,156,0
INV001958,P013,Pune DC,25-08-2025,156,0,0,156,0
INV001959,P013,Pune DC,01-09-2025,156,0,81,75,0
INV001960,P013,Pune DC,08-09-2025,75,92,0,167,0
INV001961,P013,Pune DC,15-09-2025,167,0,48,119,0
INV001962,P013,Pune DC,22-09-2025,119,0,71,48,0
INV001963,P013,Pune DC,29-09-2025,48,0,0,48,0
INV001964,P013,Pune DC,06-10-2025,48,0,74,0,26
INV001965,P013,Pune DC,13-10-2025,0,137,20,117,0
INV001966,P013,Pune DC,20-10-2025,117,0,67,50,0
INV001967,P013,Pune DC,27-10-2025,50,0,67,0,17
INV001968,P013,Pune DC,03-11-2025,0,0,27,0,27
INV001969,P013,Pune DC,10-11-2025,0,110,63,47,0
INV001970,P013,Pune DC,17-11-2025,47,0,30,17,0
INV001971,P013,Pune DC,24-11-2025,17,0,86,0,69
INV001972,P013,Pune DC,01-12-2025,0,93,95,0,2
INV001973,P013,Pune DC,08-12-2025,0,0,31,0,31
INV001974,P013,Pune DC,15-12-2025,0,0,0,0,0
INV001975,P013,Pune DC,22-12-2025,0,110,0,110,0
INV001976,P013,Pune DC,29-12-2025,110,0,83,27,0
INV001977,P013,Chennai DC,06-01-2025,273,0,42,231,0
INV001978,P013,Chennai DC,13-01-2025,231,0,0,231,0
INV001979,P013,Chennai DC,20-01-2025,231,0,0,231,0
INV001980,P013,Chennai DC,27-01-2025,231,0,45,186,0
INV001981,P013,Chennai DC,03-02-2025,186,0,26,160,0
INV001982,P013,Chennai DC,10-02-2025,160,99,0,259,0
INV001983,P013,Chennai DC,17-02-2025,259,0,109,150,0
INV001984,P013,Chennai DC,24-02-2025,150,0,0,150,0
INV001985,P013,Chennai DC,03-03-2025,150,0,50,100,0
INV001986,P013,Chennai DC,10-03-2025,100,0,68,32,0
INV001987,P013,Chennai DC,17-03-2025,32,118,36,114,0
INV001988,P013,Chennai DC,24-03-2025,114,0,0,114,0
INV001989,P013,Chennai DC,31-03-2025,114,0,45,69,0
INV001990,P013,Chennai DC,07-04-2025,69,0,0,69,0
INV001991,P013,Chennai DC,14-04-2025,69,102,111,60,0
INV001992,P013,Chennai DC,21-04-2025,60,0,102,0,42
INV001993,P013,Chennai DC,28-04-2025,0,0,0,0,0
INV001994,P013,Chennai DC,05-05-2025,0,160,0,160,0
INV001995,P013,Chennai DC,12-05-2025,160,0,0,160,0
INV001996,P013,Chennai DC,19-05-2025,160,0,32,128,0
INV001997,P013,Chennai DC,26-05-2025,128,0,0,128,0
INV001998,P013,Chennai DC,02-06-2025,128,99,49,178,0
INV001999,P013,Chennai DC,09-06-2025,178,0,0,178,0
INV002000,P013,Chennai DC,16-06-2025,178,0,86,92,0
INV002001,P013,Chennai DC,23-06-2025,92,0,0,92,0
INV002002,P013,Chennai DC,30-06-2025,92,153,0,245,0
INV002003,P013,Chennai DC,07-07-2025,245,0,0,245,0
INV002004,P013,Chennai DC,14-07-2025,245,0,0,245,0
INV002005,P013,Chennai DC,21-07-2025,245,0,0,245,0
INV002006,P013,Chennai DC,28-07-2025,245,116,33,328,0
INV002007,P013,Chennai DC,04-08-2025,328,0,0,328,0
INV002008,P013,Chennai DC,11-08-2025,328,0,20,308,0
INV002009,P013,Chennai DC,18-08-2025,308,141,33,416,0
INV002010,P013,Chennai DC,25-08-2025,416,0,20,396,0
INV002011,P013,Chennai DC,01-09-2025,396,0,0,396,0
INV002012,P013,Chennai DC,08-09-2025,396,92,77,411,0
INV002013,P013,Chennai DC,15-09-2025,411,0,0,411,0
INV002014,P013,Chennai DC,22-09-2025,411,0,0,411,0
INV002015,P013,Chennai DC,29-09-2025,411,0,24,387,0
INV002016,P013,Chennai DC,06-10-2025,387,0,0,387,0
INV002017,P013,Chennai DC,13-10-2025,387,137,56,468,0
INV002018,P013,Chennai DC,20-10-2025,468,0,0,468,0
INV002019,P013,Chennai DC,27-10-2025,468,0,0,468,0
INV002020,P013,Chennai DC,03-11-2025,468,0,18,450,0
INV002021,P013,Chennai DC,10-11-2025,450,110,0,560,0
INV002022,P013,Chennai DC,17-11-2025,560,0,35,525,0
INV002023,P013,Chennai DC,24-11-2025,525,0,0,525,0
INV002024,P013,Chennai DC,01-12-2025,525,93,0,618,0
INV002025,P013,Chennai DC,08-12-2025,618,0,44,574,0
INV002026,P013,Chennai DC,15-12-2025,574,0,0,574,0
INV002027,P013,Chennai DC,22-12-2025,574,110,67,617,0
INV002028,P013,Chennai DC,29-12-2025,617,0,0,617,0
INV002029,P014,Bengaluru DC,06-01-2025,111,0,0,111,0
INV002030,P014,Bengaluru DC,13-01-2025,111,0,4,107,0
INV002031,P014,Bengaluru DC,20-01-2025,107,0,13,94,0
INV002032,P014,Bengaluru DC,27-01-2025,94,0,17,77,0
INV002033,P014,Bengaluru DC,03-02-2025,77,0,35,42,0
INV002034,P014,Bengaluru DC,10-02-2025,42,50,0,92,0
INV002035,P014,Bengaluru DC,17-02-2025,92,0,0,92,0
INV002036,P014,Bengaluru DC,24-02-2025,92,0,7,85,0
INV002037,P014,Bengaluru DC,03-03-2025,85,0,23,62,0
INV002038,P014,Bengaluru DC,10-03-2025,62,0,0,62,0
INV002039,P014,Bengaluru DC,17-03-2025,62,59,18,103,0
INV002040,P014,Bengaluru DC,24-03-2025,103,0,41,62,0
INV002041,P014,Bengaluru DC,31-03-2025,62,0,13,49,0
INV002042,P014,Bengaluru DC,07-04-2025,49,0,16,33,0
INV002043,P014,Bengaluru DC,14-04-2025,33,0,0,33,0
INV002044,P014,Bengaluru DC,21-04-2025,33,0,9,24,0
INV002045,P014,Bengaluru DC,28-04-2025,24,36,12,48,0
INV002046,P014,Bengaluru DC,05-05-2025,48,0,23,25,0
INV002047,P014,Bengaluru DC,12-05-2025,25,0,0,25,0
INV002048,P014,Bengaluru DC,19-05-2025,25,0,24,1,0
INV002049,P014,Bengaluru DC,26-05-2025,1,0,0,1,0
INV002050,P014,Bengaluru DC,02-06-2025,1,0,0,1,0
INV002051,P014,Bengaluru DC,09-06-2025,1,0,47,0,46
INV002052,P014,Bengaluru DC,16-06-2025,0,53,0,53,0
INV002053,P014,Bengaluru DC,23-06-2025,53,0,0,53,0
INV002054,P014,Bengaluru DC,30-06-2025,53,0,6,47,0
INV002055,P014,Bengaluru DC,07-07-2025,47,56,0,103,0
INV002056,P014,Bengaluru DC,14-07-2025,103,0,26,77,0
INV002057,P014,Bengaluru DC,21-07-2025,77,0,10,67,0
INV002058,P014,Bengaluru DC,28-07-2025,67,0,0,67,0
INV002059,P014,Bengaluru DC,04-08-2025,67,0,0,67,0
INV002060,P014,Bengaluru DC,11-08-2025,67,0,0,67,0
INV002061,P014,Bengaluru DC,18-08-2025,67,50,31,86,0
INV002062,P014,Bengaluru DC,25-08-2025,86,0,0,86,0
INV002063,P014,Bengaluru DC,01-09-2025,86,0,0,86,0
INV002064,P014,Bengaluru DC,08-09-2025,86,0,15,71,0
INV002065,P014,Bengaluru DC,15-09-2025,71,0,4,67,0
INV002066,P014,Bengaluru DC,22-09-2025,67,0,0,67,0
INV002067,P014,Bengaluru DC,29-09-2025,67,57,32,92,0
INV002068,P014,Bengaluru DC,06-10-2025,92,0,0,92,0
INV002069,P014,Bengaluru DC,13-10-2025,92,0,0,92,0
INV002070,P014,Bengaluru DC,20-10-2025,92,0,0,92,0
INV002071,P014,Bengaluru DC,27-10-2025,92,0,0,92,0
INV002072,P014,Bengaluru DC,03-11-2025,92,41,0,133,0
INV002073,P014,Bengaluru DC,10-11-2025,133,0,0,133,0
INV002074,P014,Bengaluru DC,17-11-2025,133,0,17,116,0
INV002075,P014,Bengaluru DC,24-11-2025,116,0,32,84,0
INV002076,P014,Bengaluru DC,01-12-2025,84,0,33,51,0
INV002077,P014,Bengaluru DC,08-12-2025,51,45,8,88,0
INV002078,P014,Bengaluru DC,15-12-2025,88,0,0,88,0
INV002079,P014,Bengaluru DC,22-12-2025,88,0,0,88,0
INV002080,P014,Bengaluru DC,29-12-2025,88,0,0,88,0
INV002081,P014,Pune DC,06-01-2025,112,0,14,98,0
INV002082,P014,Pune DC,13-01-2025,98,0,9,89,0
INV002083,P014,Pune DC,20-01-2025,89,0,25,64,0
INV002084,P014,Pune DC,27-01-2025,64,0,8,56,0
INV002085,P014,Pune DC,03-02-2025,56,0,0,56,0
INV002086,P014,Pune DC,10-02-2025,56,50,28,78,0
INV002087,P014,Pune DC,17-02-2025,78,0,0,78,0
INV002088,P014,Pune DC,24-02-2025,78,0,11,67,0
INV002089,P014,Pune DC,03-03-2025,67,0,0,67,0
INV002090,P014,Pune DC,10-03-2025,67,0,17,50,0
INV002091,P014,Pune DC,17-03-2025,50,59,0,109,0
INV002092,P014,Pune DC,24-03-2025,109,0,0,109,0
INV002093,P014,Pune DC,31-03-2025,109,0,21,88,0
INV002094,P014,Pune DC,07-04-2025,88,0,12,76,0
INV002095,P014,Pune DC,14-04-2025,76,0,42,34,0
INV002096,P014,Pune DC,21-04-2025,34,0,12,22,0
INV002097,P014,Pune DC,28-04-2025,22,36,21,37,0
INV002098,P014,Pune DC,05-05-2025,37,0,0,37,0
INV002099,P014,Pune DC,12-05-2025,37,0,32,5,0
INV002100,P014,Pune DC,19-05-2025,5,0,0,5,0
INV002101,P014,Pune DC,26-05-2025,5,0,25,0,20
INV002102,P014,Pune DC,02-06-2025,0,0,15,0,15
INV002103,P014,Pune DC,09-06-2025,0,0,0,0,0
INV002104,P014,Pune DC,16-06-2025,0,53,28,25,0
INV002105,P014,Pune DC,23-06-2025,25,0,28,0,3
INV002106,P014,Pune DC,30-06-2025,0,0,11,0,11
INV002107,P014,Pune DC,07-07-2025,0,56,30,26,0
INV002108,P014,Pune DC,14-07-2025,26,0,0,26,0
INV002109,P014,Pune DC,21-07-2025,26,0,8,18,0
INV002110,P014,Pune DC,28-07-2025,18,0,15,3,0
INV002111,P014,Pune DC,04-08-2025,3,0,31,0,28
INV002112,P014,Pune DC,11-08-2025,0,0,14,0,14
INV002113,P014,Pune DC,18-08-2025,0,50,0,50,0
INV002114,P014,Pune DC,25-08-2025,50,0,0,50,0
INV002115,P014,Pune DC,01-09-2025,50,0,29,21,0
INV002116,P014,Pune DC,08-09-2025,21,0,0,21,0
INV002117,P014,Pune DC,15-09-2025,21,0,11,10,0
INV002118,P014,Pune DC,22-09-2025,10,0,8,2,0
INV002119,P014,Pune DC,29-09-2025,2,57,0,59,0
INV002120,P014,Pune DC,06-10-2025,59,0,26,33,0
INV002121,P014,Pune DC,13-10-2025,33,0,22,11,0
INV002122,P014,Pune DC,20-10-2025,11,0,13,0,2
INV002123,P014,Pune DC,27-10-2025,0,0,19,0,19
INV002124,P014,Pune DC,03-11-2025,0,41,31,10,0
INV002125,P014,Pune DC,10-11-2025,10,0,10,0,0
INV002126,P014,Pune DC,17-11-2025,0,0,22,0,22
INV002127,P014,Pune DC,24-11-2025,0,0,0,0,0
INV002128,P014,Pune DC,01-12-2025,0,0,0,0,0
INV002129,P014,Pune DC,08-12-2025,0,45,5,40,0
INV002130,P014,Pune DC,15-12-2025,40,0,26,14,0
INV002131,P014,Pune DC,22-12-2025,14,0,35,0,21
INV002132,P014,Pune DC,29-12-2025,0,0,0,0,0
INV002133,P014,Chennai DC,06-01-2025,115,0,8,107,0
INV002134,P014,Chennai DC,13-01-2025,107,0,8,99,0
INV002135,P014,Chennai DC,20-01-2025,99,0,0,99,0
INV002136,P014,Chennai DC,27-01-2025,99,0,0,99,0
INV002137,P014,Chennai DC,03-02-2025,99,0,0,99,0
INV002138,P014,Chennai DC,10-02-2025,99,50,0,149,0
INV002139,P014,Chennai DC,17-02-2025,149,0,44,105,0
INV002140,P014,Chennai DC,24-02-2025,105,0,9,96,0
INV002141,P014,Chennai DC,03-03-2025,96,0,0,96,0
INV002142,P014,Chennai DC,10-03-2025,96,0,10,86,0
INV002143,P014,Chennai DC,17-03-2025,86,59,10,135,0
INV002144,P014,Chennai DC,24-03-2025,135,0,0,135,0
INV002145,P014,Chennai DC,31-03-2025,135,0,0,135,0
INV002146,P014,Chennai DC,07-04-2025,135,0,5,130,0
INV002147,P014,Chennai DC,14-04-2025,130,0,0,130,0
INV002148,P014,Chennai DC,21-04-2025,130,0,20,110,0
INV002149,P014,Chennai DC,28-04-2025,110,36,0,146,0
INV002150,P014,Chennai DC,05-05-2025,146,0,14,132,0
INV002151,P014,Chennai DC,12-05-2025,132,0,0,132,0
INV002152,P014,Chennai DC,19-05-2025,132,0,14,118,0
INV002153,P014,Chennai DC,26-05-2025,118,0,17,101,0
INV002154,P014,Chennai DC,02-06-2025,101,0,19,82,0
INV002155,P014,Chennai DC,09-06-2025,82,0,0,82,0
INV002156,P014,Chennai DC,16-06-2025,82,53,0,135,0
INV002157,P014,Chennai DC,23-06-2025,135,0,0,135,0
INV002158,P014,Chennai DC,30-06-2025,135,0,10,125,0
INV002159,P014,Chennai DC,07-07-2025,125,56,0,181,0
INV002160,P014,Chennai DC,14-07-2025,181,0,15,166,0
INV002161,P014,Chennai DC,21-07-2025,166,0,11,155,0
INV002162,P014,Chennai DC,28-07-2025,155,0,8,147,0
INV002163,P014,Chennai DC,04-08-2025,147,0,0,147,0
INV002164,P014,Chennai DC,11-08-2025,147,0,16,131,0
INV002165,P014,Chennai DC,18-08-2025,131,50,0,181,0
INV002166,P014,Chennai DC,25-08-2025,181,0,25,156,0
INV002167,P014,Chennai DC,01-09-2025,156,0,0,156,0
INV002168,P014,Chennai DC,08-09-2025,156,0,12,144,0
INV002169,P014,Chennai DC,15-09-2025,144,0,7,137,0
INV002170,P014,Chennai DC,22-09-2025,137,0,9,128,0
INV002171,P014,Chennai DC,29-09-2025,128,57,0,185,0
INV002172,P014,Chennai DC,06-10-2025,185,0,0,185,0
INV002173,P014,Chennai DC,13-10-2025,185,0,0,185,0
INV002174,P014,Chennai DC,20-10-2025,185,0,7,178,0
INV002175,P014,Chennai DC,27-10-2025,178,0,8,170,0
INV002176,P014,Chennai DC,03-11-2025,170,41,0,211,0
INV002177,P014,Chennai DC,10-11-2025,211,0,19,192,0
INV002178,P014,Chennai DC,17-11-2025,192,0,0,192,0
INV002179,P014,Chennai DC,24-11-2025,192,0,0,192,0
INV002180,P014,Chennai DC,01-12-2025,192,0,0,192,0
INV002181,P014,Chennai DC,08-12-2025,192,45,6,231,0
INV002182,P014,Chennai DC,15-12-2025,231,0,0,231,0
INV002183,P014,Chennai DC,22-12-2025,231,0,0,231,0
INV002184,P014,Chennai DC,29-12-2025,231,0,31,200,0
INV002185,P015,Bengaluru DC,06-01-2025,428,0,140,288,0
INV002186,P015,Bengaluru DC,13-01-2025,288,0,0,288,0
INV002187,P015,Bengaluru DC,20-01-2025,288,0,45,243,0
INV002188,P015,Bengaluru DC,27-01-2025,243,182,0,425,0
INV002189,P015,Bengaluru DC,03-02-2025,425,0,147,278,0
INV002190,P015,Bengaluru DC,10-02-2025,278,0,77,201,0
INV002191,P015,Bengaluru DC,17-02-2025,201,0,0,201,0
INV002192,P015,Bengaluru DC,24-02-2025,201,0,0,201,0
INV002193,P015,Bengaluru DC,03-03-2025,201,124,0,325,0
INV002194,P015,Bengaluru DC,10-03-2025,325,0,0,325,0
INV002195,P015,Bengaluru DC,17-03-2025,325,0,0,325,0
INV002196,P015,Bengaluru DC,24-03-2025,325,0,95,230,0
INV002197,P015,Bengaluru DC,31-03-2025,230,0,184,46,0
INV002198,P015,Bengaluru DC,07-04-2025,46,0,0,46,0
INV002199,P015,Bengaluru DC,14-04-2025,46,188,94,140,0
INV002200,P015,Bengaluru DC,21-04-2025,140,0,0,140,0
INV002201,P015,Bengaluru DC,28-04-2025,140,0,0,140,0
INV002202,P015,Bengaluru DC,05-05-2025,140,0,120,20,0
INV002203,P015,Bengaluru DC,12-05-2025,20,0,0,20,0
INV002204,P015,Bengaluru DC,19-05-2025,20,0,0,20,0
INV002205,P015,Bengaluru DC,26-05-2025,20,210,0,230,0
INV002206,P015,Bengaluru DC,02-06-2025,230,0,93,137,0
INV002207,P015,Bengaluru DC,09-06-2025,137,0,0,137,0
INV002208,P015,Bengaluru DC,16-06-2025,137,0,88,49,0
INV002209,P015,Bengaluru DC,23-06-2025,49,0,0,49,0
INV002210,P015,Bengaluru DC,30-06-2025,49,0,0,49,0
INV002211,P015,Bengaluru DC,07-07-2025,49,136,52,133,0
INV002212,P015,Bengaluru DC,14-07-2025,133,0,44,89,0
INV002213,P015,Bengaluru DC,21-07-2025,89,0,55,34,0
INV002214,P015,Bengaluru DC,28-07-2025,34,0,0,34,0
INV002215,P015,Bengaluru DC,04-08-2025,34,0,103,0,69
INV002216,P015,Bengaluru DC,11-08-2025,0,0,0,0,0
INV002217,P015,Bengaluru DC,18-08-2025,0,153,0,153,0
INV002218,P015,Bengaluru DC,25-08-2025,153,0,0,153,0
INV002219,P015,Bengaluru DC,01-09-2025,153,0,0,153,0
INV002220,P015,Bengaluru DC,08-09-2025,153,0,72,81,0
INV002221,P015,Bengaluru DC,15-09-2025,81,0,0,81,0
INV002222,P015,Bengaluru DC,22-09-2025,81,0,0,81,0
INV002223,P015,Bengaluru DC,29-09-2025,81,124,0,205,0
INV002224,P015,Bengaluru DC,06-10-2025,205,0,35,170,0
INV002225,P015,Bengaluru DC,13-10-2025,170,0,63,107,0
INV002226,P015,Bengaluru DC,20-10-2025,107,0,0,107,0
INV002227,P015,Bengaluru DC,27-10-2025,107,0,0,107,0
INV002228,P015,Bengaluru DC,03-11-2025,107,0,0,107,0
INV002229,P015,Bengaluru DC,10-11-2025,107,0,25,82,0
INV002230,P015,Bengaluru DC,17-11-2025,82,123,31,174,0
INV002231,P015,Bengaluru DC,24-11-2025,174,0,46,128,0
INV002232,P015,Bengaluru DC,01-12-2025,128,0,0,128,0
INV002233,P015,Bengaluru DC,08-12-2025,128,133,136,125,0
INV002234,P015,Bengaluru DC,15-12-2025,125,0,41,84,0
INV002235,P015,Bengaluru DC,22-12-2025,84,0,0,84,0
INV002236,P015,Bengaluru DC,29-12-2025,84,0,66,18,0
INV002237,P015,Pune DC,06-01-2025,293,0,0,293,0
INV002238,P015,Pune DC,13-01-2025,293,0,141,152,0
INV002239,P015,Pune DC,20-01-2025,152,0,37,115,0
INV002240,P015,Pune DC,27-01-2025,115,182,63,234,0
INV002241,P015,Pune DC,03-02-2025,234,0,0,234,0
INV002242,P015,Pune DC,10-02-2025,234,0,76,158,0
INV002243,P015,Pune DC,17-02-2025,158,0,48,110,0
INV002244,P015,Pune DC,24-02-2025,110,0,113,0,3
INV002245,P015,Pune DC,03-03-2025,0,124,181,0,57
INV002246,P015,Pune DC,10-03-2025,0,0,162,0,162
INV002247,P015,Pune DC,17-03-2025,0,0,169,0,169
INV002248,P015,Pune DC,24-03-2025,0,0,0,0,0
INV002249,P015,Pune DC,31-03-2025,0,0,0,0,0
INV002250,P015,Pune DC,07-04-2025,0,0,92,0,92
INV002251,P015,Pune DC,14-04-2025,0,188,104,84,0
INV002252,P015,Pune DC,21-04-2025,84,0,182,0,98
INV002253,P015,Pune DC,28-04-2025,0,0,90,0,90
INV002254,P015,Pune DC,05-05-2025,0,0,62,0,62
INV002255,P015,Pune DC,12-05-2025,0,0,112,0,112
INV002256,P015,Pune DC,19-05-2025,0,0,172,0,172
INV002257,P015,Pune DC,26-05-2025,0,210,152,58,0
INV002258,P015,Pune DC,02-06-2025,58,0,0,58,0
INV002259,P015,Pune DC,09-06-2025,58,0,53,5,0
INV002260,P015,Pune DC,16-06-2025,5,0,0,5,0
INV002261,P015,Pune DC,23-06-2025,5,0,170,0,165
INV002262,P015,Pune DC,30-06-2025,0,0,149,0,149
INV002263,P015,Pune DC,07-07-2025,0,136,47,89,0
INV002264,P015,Pune DC,14-07-2025,89,0,85,4,0
INV002265,P015,Pune DC,21-07-2025,4,0,29,0,25
INV002266,P015,Pune DC,28-07-2025,0,0,124,0,124
INV002267,P015,Pune DC,04-08-2025,0,0,0,0,0
INV002268,P015,Pune DC,11-08-2025,0,0,71,0,71
INV002269,P015,Pune DC,18-08-2025,0,153,49,104,0
INV002270,P015,Pune DC,25-08-2025,104,0,69,35,0
INV002271,P015,Pune DC,01-09-2025,35,0,50,0,15
INV002272,P015,Pune DC,08-09-2025,0,0,0,0,0
INV002273,P015,Pune DC,15-09-2025,0,0,0,0,0
INV002274,P015,Pune DC,22-09-2025,0,0,82,0,82
INV002275,P015,Pune DC,29-09-2025,0,124,59,65,0
INV002276,P015,Pune DC,06-10-2025,65,0,40,25,0
INV002277,P015,Pune DC,13-10-2025,25,0,32,0,7
INV002278,P015,Pune DC,20-10-2025,0,0,92,0,92
INV002279,P015,Pune DC,27-10-2025,0,0,106,0,106
INV002280,P015,Pune DC,03-11-2025,0,0,0,0,0
INV002281,P015,Pune DC,10-11-2025,0,0,31,0,31
INV002282,P015,Pune DC,17-11-2025,0,123,35,88,0
INV002283,P015,Pune DC,24-11-2025,88,0,39,49,0
INV002284,P015,Pune DC,01-12-2025,49,0,0,49,0
INV002285,P015,Pune DC,08-12-2025,49,133,0,182,0
INV002286,P015,Pune DC,15-12-2025,182,0,38,144,0
INV002287,P015,Pune DC,22-12-2025,144,0,89,55,0
INV002288,P015,Pune DC,29-12-2025,55,0,72,0,17
INV002289,P015,Chennai DC,06-01-2025,356,0,0,356,0
INV002290,P015,Chennai DC,13-01-2025,356,0,0,356,0
INV002291,P015,Chennai DC,20-01-2025,356,0,45,311,0
INV002292,P015,Chennai DC,27-01-2025,311,182,73,420,0
INV002293,P015,Chennai DC,03-02-2025,420,0,0,420,0
INV002294,P015,Chennai DC,10-02-2025,420,0,0,420,0
INV002295,P015,Chennai DC,17-02-2025,420,0,90,330,0
INV002296,P015,Chennai DC,24-02-2025,330,0,49,281,0
INV002297,P015,Chennai DC,03-03-2025,281,124,0,405,0
INV002298,P015,Chennai DC,10-03-2025,405,0,0,405,0
INV002299,P015,Chennai DC,17-03-2025,405,0,0,405,0
INV002300,P015,Chennai DC,24-03-2025,405,0,88,317,0
INV002301,P015,Chennai DC,31-03-2025,317,0,0,317,0
INV002302,P015,Chennai DC,07-04-2025,317,0,83,234,0
INV002303,P015,Chennai DC,14-04-2025,234,188,0,422,0
INV002304,P015,Chennai DC,21-04-2025,422,0,0,422,0
INV002305,P015,Chennai DC,28-04-2025,422,0,85,337,0
INV002306,P015,Chennai DC,05-05-2025,337,0,0,337,0
INV002307,P015,Chennai DC,12-05-2025,337,0,59,278,0
INV002308,P015,Chennai DC,19-05-2025,278,0,0,278,0
INV002309,P015,Chennai DC,26-05-2025,278,210,0,488,0
INV002310,P015,Chennai DC,02-06-2025,488,0,101,387,0
INV002311,P015,Chennai DC,09-06-2025,387,0,99,288,0
INV002312,P015,Chennai DC,16-06-2025,288,0,72,216,0
INV002313,P015,Chennai DC,23-06-2025,216,0,0,216,0
INV002314,P015,Chennai DC,30-06-2025,216,0,0,216,0
INV002315,P015,Chennai DC,07-07-2025,216,136,36,316,0
INV002316,P015,Chennai DC,14-07-2025,316,0,0,316,0
INV002317,P015,Chennai DC,21-07-2025,316,0,39,277,0
INV002318,P015,Chennai DC,28-07-2025,277,0,0,277,0
INV002319,P015,Chennai DC,04-08-2025,277,0,0,277,0
INV002320,P015,Chennai DC,11-08-2025,277,0,53,224,0
INV002321,P015,Chennai DC,18-08-2025,224,153,57,320,0
INV002322,P015,Chennai DC,25-08-2025,320,0,27,293,0
INV002323,P015,Chennai DC,01-09-2025,293,0,57,236,0
INV002324,P015,Chennai DC,08-09-2025,236,0,28,208,0
INV002325,P015,Chennai DC,15-09-2025,208,0,97,111,0
INV002326,P015,Chennai DC,22-09-2025,111,0,0,111,0
INV002327,P015,Chennai DC,29-09-2025,111,124,29,206,0
INV002328,P015,Chennai DC,06-10-2025,206,0,0,206,0
INV002329,P015,Chennai DC,13-10-2025,206,0,0,206,0
INV002330,P015,Chennai DC,20-10-2025,206,0,0,206,0
INV002331,P015,Chennai DC,27-10-2025,206,0,0,206,0
INV002332,P015,Chennai DC,03-11-2025,206,0,101,105,0
INV002333,P015,Chennai DC,10-11-2025,105,0,25,80,0
INV002334,P015,Chennai DC,17-11-2025,80,123,28,175,0
INV002335,P015,Chennai DC,24-11-2025,175,0,37,138,0
INV002336,P015,Chennai DC,01-12-2025,138,0,122,16,0
INV002337,P015,Chennai DC,08-12-2025,16,133,0,149,0
INV002338,P015,Chennai DC,15-12-2025,149,0,61,88,0
INV002339,P015,Chennai DC,22-12-2025,88,0,36,52,0
INV002340,P015,Chennai DC,29-12-2025,52,0,0,52,0
INV002341,P016,Bengaluru DC,06-01-2025,1149,0,0,1149,0
INV002342,P016,Bengaluru DC,13-01-2025,1149,0,219,930,0
INV002343,P016,Bengaluru DC,20-01-2025,930,0,0,930,0
INV002344,P016,Bengaluru DC,27-01-2025,930,0,108,822,0
INV002345,P016,Bengaluru DC,03-02-2025,822,0,0,822,0
INV002346,P016,Bengaluru DC,10-02-2025,822,570,201,1191,0
INV002347,P016,Bengaluru DC,17-02-2025,1191,0,0,1191,0
INV002348,P016,Bengaluru DC,24-02-2025,1191,0,0,1191,0
INV002349,P016,Bengaluru DC,03-03-2025,1191,0,356,835,0
INV002350,P016,Bengaluru DC,10-03-2025,835,0,0,835,0
INV002351,P016,Bengaluru DC,17-03-2025,835,605,176,1264,0
INV002352,P016,Bengaluru DC,24-03-2025,1264,0,367,897,0
INV002353,P016,Bengaluru DC,31-03-2025,897,0,0,897,0
INV002354,P016,Bengaluru DC,07-04-2025,897,0,0,897,0
INV002355,P016,Bengaluru DC,14-04-2025,897,0,0,897,0
INV002356,P016,Bengaluru DC,21-04-2025,897,0,0,897,0
INV002357,P016,Bengaluru DC,28-04-2025,897,416,0,1313,0
INV002358,P016,Bengaluru DC,05-05-2025,1313,0,0,1313,0
INV002359,P016,Bengaluru DC,12-05-2025,1313,0,0,1313,0
INV002360,P016,Bengaluru DC,19-05-2025,1313,337,0,1650,0
INV002361,P016,Bengaluru DC,26-05-2025,1650,0,0,1650,0
INV002362,P016,Bengaluru DC,02-06-2025,1650,0,0,1650,0
INV002363,P016,Bengaluru DC,09-06-2025,1650,423,0,2073,0
INV002364,P016,Bengaluru DC,16-06-2025,2073,0,290,1783,0
INV002365,P016,Bengaluru DC,23-06-2025,1783,0,0,1783,0
INV002366,P016,Bengaluru DC,30-06-2025,1783,0,74,1709,0
INV002367,P016,Bengaluru DC,07-07-2025,1709,0,0,1709,0
INV002368,P016,Bengaluru DC,14-07-2025,1709,0,158,1551,0
INV002369,P016,Bengaluru DC,21-07-2025,1551,368,90,1829,0
INV002370,P016,Bengaluru DC,28-07-2025,1829,0,95,1734,0
INV002371,P016,Bengaluru DC,04-08-2025,1734,0,0,1734,0
INV002372,P016,Bengaluru DC,11-08-2025,1734,0,140,1594,0
INV002373,P016,Bengaluru DC,18-08-2025,1594,559,83,2070,0
INV002374,P016,Bengaluru DC,25-08-2025,2070,0,240,1830,0
INV002375,P016,Bengaluru DC,01-09-2025,1830,0,142,1688,0
INV002376,P016,Bengaluru DC,08-09-2025,1688,0,0,1688,0
INV002377,P016,Bengaluru DC,15-09-2025,1688,308,0,1996,0
INV002378,P016,Bengaluru DC,22-09-2025,1996,0,63,1933,0
INV002379,P016,Bengaluru DC,29-09-2025,1933,0,0,1933,0
INV002380,P016,Bengaluru DC,06-10-2025,1933,0,236,1697,0
INV002381,P016,Bengaluru DC,13-10-2025,1697,0,240,1457,0
INV002382,P016,Bengaluru DC,20-10-2025,1457,0,0,1457,0
INV002383,P016,Bengaluru DC,27-10-2025,1457,0,170,1287,0
INV002384,P016,Bengaluru DC,03-11-2025,1287,329,248,1368,0
INV002385,P016,Bengaluru DC,10-11-2025,1368,0,73,1295,0
INV002386,P016,Bengaluru DC,17-11-2025,1295,0,0,1295,0
INV002387,P016,Bengaluru DC,24-11-2025,1295,0,0,1295,0
INV002388,P016,Bengaluru DC,01-12-2025,1295,0,212,1083,0
INV002389,P016,Bengaluru DC,08-12-2025,1083,0,0,1083,0
INV002390,P016,Bengaluru DC,15-12-2025,1083,0,150,933,0
INV002391,P016,Bengaluru DC,22-12-2025,933,586,79,1440,0
INV002392,P016,Bengaluru DC,29-12-2025,1440,0,0,1440,0
INV002393,P016,Pune DC,06-01-2025,1106,0,314,792,0
INV002394,P016,Pune DC,13-01-2025,792,0,111,681,0
INV002395,P016,Pune DC,20-01-2025,681,0,0,681,0
INV002396,P016,Pune DC,27-01-2025,681,0,0,681,0
INV002397,P016,Pune DC,03-02-2025,681,0,0,681,0
INV002398,P016,Pune DC,10-02-2025,681,570,0,1251,0
INV002399,P016,Pune DC,17-02-2025,1251,0,156,1095,0
INV002400,P016,Pune DC,24-02-2025,1095,0,361,734,0
INV002401,P016,Pune DC,03-03-2025,734,0,0,734,0
INV002402,P016,Pune DC,10-03-2025,734,0,314,420,0
INV002403,P016,Pune DC,17-03-2025,420,605,170,855,0
INV002404,P016,Pune DC,24-03-2025,855,0,0,855,0
INV002405,P016,Pune DC,31-03-2025,855,0,338,517,0
INV002406,P016,Pune DC,07-04-2025,517,0,338,179,0
INV002407,P016,Pune DC,14-04-2025,179,0,0,179,0
INV002408,P016,Pune DC,21-04-2025,179,0,0,179,0
INV002409,P016,Pune DC,28-04-2025,179,416,152,443,0
INV002410,P016,Pune DC,05-05-2025,443,0,315,128,0
INV002411,P016,Pune DC,12-05-2025,128,0,0,128,0
INV002412,P016,Pune DC,19-05-2025,128,337,153,312,0
INV002413,P016,Pune DC,26-05-2025,312,0,332,0,20
INV002414,P016,Pune DC,02-06-2025,0,0,0,0,0
INV002415,P016,Pune DC,09-06-2025,0,423,210,213,0
INV002416,P016,Pune DC,16-06-2025,213,0,0,213,0
INV002417,P016,Pune DC,23-06-2025,213,0,321,0,108
INV002418,P016,Pune DC,30-06-2025,0,0,86,0,86
INV002419,P016,Pune DC,07-07-2025,0,0,0,0,0
INV002420,P016,Pune DC,14-07-2025,0,0,128,0,128
INV002421,P016,Pune DC,21-07-2025,0,368,93,275,0
INV002422,P016,Pune DC,28-07-2025,275,0,94,181,0
INV002423,P016,Pune DC,04-08-2025,181,0,266,0,85
INV002424,P016,Pune DC,11-08-2025,0,0,132,0,132
INV002425,P016,Pune DC,18-08-2025,0,559,97,462,0
INV002426,P016,Pune DC,25-08-2025,462,0,0,462,0
INV002427,P016,Pune DC,01-09-2025,462,0,117,345,0
INV002428,P016,Pune DC,08-09-2025,345,0,128,217,0
INV002429,P016,Pune DC,15-09-2025,217,308,227,298,0
INV002430,P016,Pune DC,22-09-2025,298,0,171,127,0
INV002431,P016,Pune DC,29-09-2025,127,0,0,127,0
INV002432,P016,Pune DC,06-10-2025,127,0,0,127,0
INV002433,P016,Pune DC,13-10-2025,127,0,0,127,0
INV002434,P016,Pune DC,20-10-2025,127,0,206,0,79
INV002435,P016,Pune DC,27-10-2025,0,0,0,0,0
INV002436,P016,Pune DC,03-11-2025,0,329,0,329,0
INV002437,P016,Pune DC,10-11-2025,329,0,78,251,0
INV002438,P016,Pune DC,17-11-2025,251,0,258,0,7
INV002439,P016,Pune DC,24-11-2025,0,0,225,0,225
INV002440,P016,Pune DC,01-12-2025,0,0,0,0,0
INV002441,P016,Pune DC,08-12-2025,0,0,96,0,96
INV002442,P016,Pune DC,15-12-2025,0,0,0,0,0
INV002443,P016,Pune DC,22-12-2025,0,586,76,510,0
INV002444,P016,Pune DC,29-12-2025,510,0,134,376,0
INV002445,P016,Chennai DC,06-01-2025,1180,0,0,1180,0
INV002446,P016,Chennai DC,13-01-2025,1180,0,0,1180,0
INV002447,P016,Chennai DC,20-01-2025,1180,0,279,901,0
INV002448,P016,Chennai DC,27-01-2025,901,0,227,674,0
INV002449,P016,Chennai DC,03-02-2025,674,0,307,367,0
INV002450,P016,Chennai DC,10-02-2025,367,570,105,832,0
INV002451,P016,Chennai DC,17-02-2025,832,0,158,674,0
INV002452,P016,Chennai DC,24-02-2025,674,0,0,674,0
INV002453,P016,Chennai DC,03-03-2025,674,0,0,674,0
INV002454,P016,Chennai DC,10-03-2025,674,0,0,674,0
INV002455,P016,Chennai DC,17-03-2025,674,605,0,1279,0
INV002456,P016,Chennai DC,24-03-2025,1279,0,0,1279,0
INV002457,P016,Chennai DC,31-03-2025,1279,0,0,1279,0
INV002458,P016,Chennai DC,07-04-2025,1279,0,0,1279,0
INV002459,P016,Chennai DC,14-04-2025,1279,0,340,939,0
INV002460,P016,Chennai DC,21-04-2025,939,0,325,614,0
INV002461,P016,Chennai DC,28-04-2025,614,416,167,863,0
INV002462,P016,Chennai DC,05-05-2025,863,0,0,863,0
INV002463,P016,Chennai DC,12-05-2025,863,0,342,521,0
INV002464,P016,Chennai DC,19-05-2025,521,337,158,700,0
INV002465,P016,Chennai DC,26-05-2025,700,0,0,700,0
INV002466,P016,Chennai DC,02-06-2025,700,0,287,413,0
INV002467,P016,Chennai DC,09-06-2025,413,423,85,751,0
INV002468,P016,Chennai DC,16-06-2025,751,0,0,751,0
INV002469,P016,Chennai DC,23-06-2025,751,0,0,751,0
INV002470,P016,Chennai DC,30-06-2025,751,0,91,660,0
INV002471,P016,Chennai DC,07-07-2025,660,0,263,397,0
INV002472,P016,Chennai DC,14-07-2025,397,0,0,397,0
INV002473,P016,Chennai DC,21-07-2025,397,368,100,665,0
INV002474,P016,Chennai DC,28-07-2025,665,0,68,597,0
INV002475,P016,Chennai DC,04-08-2025,597,0,0,597,0
INV002476,P016,Chennai DC,11-08-2025,597,0,0,597,0
INV002477,P016,Chennai DC,18-08-2025,597,559,84,1072,0
INV002478,P016,Chennai DC,25-08-2025,1072,0,0,1072,0
INV002479,P016,Chennai DC,01-09-2025,1072,0,0,1072,0
INV002480,P016,Chennai DC,08-09-2025,1072,0,114,958,0
INV002481,P016,Chennai DC,15-09-2025,958,308,0,1266,0
INV002482,P016,Chennai DC,22-09-2025,1266,0,0,1266,0
INV002483,P016,Chennai DC,29-09-2025,1266,0,223,1043,0
INV002484,P016,Chennai DC,06-10-2025,1043,0,0,1043,0
INV002485,P016,Chennai DC,13-10-2025,1043,0,0,1043,0
INV002486,P016,Chennai DC,20-10-2025,1043,0,0,1043,0
INV002487,P016,Chennai DC,27-10-2025,1043,0,77,966,0
INV002488,P016,Chennai DC,03-11-2025,966,329,0,1295,0
INV002489,P016,Chennai DC,10-11-2025,1295,0,70,1225,0
INV002490,P016,Chennai DC,17-11-2025,1225,0,0,1225,0
INV002491,P016,Chennai DC,24-11-2025,1225,0,0,1225,0
INV002492,P016,Chennai DC,01-12-2025,1225,0,0,1225,0
INV002493,P016,Chennai DC,08-12-2025,1225,0,171,1054,0
INV002494,P016,Chennai DC,15-12-2025,1054,0,85,969,0
INV002495,P016,Chennai DC,22-12-2025,969,586,81,1474,0
INV002496,P016,Chennai DC,29-12-2025,1474,0,121,1353,0
INV002497,P017,Bengaluru DC,06-01-2025,505,0,0,505,0
INV002498,P017,Bengaluru DC,13-01-2025,505,0,96,409,0
INV002499,P017,Bengaluru DC,20-01-2025,409,0,0,409,0
INV002500,P017,Bengaluru DC,27-01-2025,409,0,50,359,0
INV002501,P017,Bengaluru DC,03-02-2025,359,0,48,311,0
INV002502,P017,Bengaluru DC,10-02-2025,311,206,0,517,0
INV002503,P017,Bengaluru DC,17-02-2025,517,0,91,426,0
INV002504,P017,Bengaluru DC,24-02-2025,426,0,0,426,0
INV002505,P017,Bengaluru DC,03-03-2025,426,0,85,341,0
INV002506,P017,Bengaluru DC,10-03-2025,341,0,0,341,0
INV002507,P017,Bengaluru DC,17-03-2025,341,0,53,288,0
INV002508,P017,Bengaluru DC,24-03-2025,288,184,160,312,0
INV002509,P017,Bengaluru DC,31-03-2025,312,0,118,194,0
INV002510,P017,Bengaluru DC,07-04-2025,194,0,0,194,0
INV002511,P017,Bengaluru DC,14-04-2025,194,0,0,194,0
INV002512,P017,Bengaluru DC,21-04-2025,194,0,45,149,0
INV002513,P017,Bengaluru DC,28-04-2025,149,0,86,63,0
INV002514,P017,Bengaluru DC,05-05-2025,63,233,0,296,0
INV002515,P017,Bengaluru DC,12-05-2025,296,0,0,296,0
INV002516,P017,Bengaluru DC,19-05-2025,296,0,55,241,0
INV002517,P017,Bengaluru DC,26-05-2025,241,0,0,241,0
INV002518,P017,Bengaluru DC,02-06-2025,241,170,61,350,0
INV002519,P017,Bengaluru DC,09-06-2025,350,0,0,350,0
INV002520,P017,Bengaluru DC,16-06-2025,350,0,59,291,0
INV002521,P017,Bengaluru DC,23-06-2025,291,0,0,291,0
INV002522,P017,Bengaluru DC,30-06-2025,291,281,169,403,0
INV002523,P017,Bengaluru DC,07-07-2025,403,0,78,325,0
INV002524,P017,Bengaluru DC,14-07-2025,325,0,0,325,0
INV002525,P017,Bengaluru DC,21-07-2025,325,0,0,325,0
INV002526,P017,Bengaluru DC,28-07-2025,325,0,0,325,0
INV002527,P017,Bengaluru DC,04-08-2025,325,0,0,325,0
INV002528,P017,Bengaluru DC,11-08-2025,325,267,130,462,0
INV002529,P017,Bengaluru DC,18-08-2025,462,0,87,375,0
INV002530,P017,Bengaluru DC,25-08-2025,375,0,0,375,0
INV002531,P017,Bengaluru DC,01-09-2025,375,218,0,593,0
INV002532,P017,Bengaluru DC,08-09-2025,593,0,0,593,0
INV002533,P017,Bengaluru DC,15-09-2025,593,0,127,466,0
INV002534,P017,Bengaluru DC,22-09-2025,466,0,138,328,0
INV002535,P017,Bengaluru DC,29-09-2025,328,0,0,328,0
INV002536,P017,Bengaluru DC,06-10-2025,328,0,69,259,0
INV002537,P017,Bengaluru DC,13-10-2025,259,192,50,401,0
INV002538,P017,Bengaluru DC,20-10-2025,401,0,0,401,0
INV002539,P017,Bengaluru DC,27-10-2025,401,0,74,327,0
INV002540,P017,Bengaluru DC,03-11-2025,327,0,0,327,0
INV002541,P017,Bengaluru DC,10-11-2025,327,0,0,327,0
INV002542,P017,Bengaluru DC,17-11-2025,327,235,72,490,0
INV002543,P017,Bengaluru DC,24-11-2025,490,0,0,490,0
INV002544,P017,Bengaluru DC,01-12-2025,490,0,46,444,0
INV002545,P017,Bengaluru DC,08-12-2025,444,0,83,361,0
INV002546,P017,Bengaluru DC,15-12-2025,361,0,77,284,0
INV002547,P017,Bengaluru DC,22-12-2025,284,167,0,451,0
INV002548,P017,Bengaluru DC,29-12-2025,451,0,53,398,0
INV002549,P017,Pune DC,06-01-2025,406,0,0,406,0
INV002550,P017,Pune DC,13-01-2025,406,0,50,356,0
INV002551,P017,Pune DC,20-01-2025,356,0,154,202,0
INV002552,P017,Pune DC,27-01-2025,202,0,61,141,0
INV002553,P017,Pune DC,03-02-2025,141,0,46,95,0
INV002554,P017,Pune DC,10-02-2025,95,206,169,132,0
INV002555,P017,Pune DC,17-02-2025,132,0,47,85,0
INV002556,P017,Pune DC,24-02-2025,85,0,48,37,0
INV002557,P017,Pune DC,03-03-2025,37,0,0,37,0
INV002558,P017,Pune DC,10-03-2025,37,0,67,0,30
INV002559,P017,Pune DC,17-03-2025,0,0,0,0,0
INV002560,P017,Pune DC,24-03-2025,0,184,0,184,0
INV002561,P017,Pune DC,31-03-2025,184,0,53,131,0
INV002562,P017,Pune DC,07-04-2025,131,0,166,0,35
INV002563,P017,Pune DC,14-04-2025,0,0,169,0,169
INV002564,P017,Pune DC,21-04-2025,0,0,54,0,54
INV002565,P017,Pune DC,28-04-2025,0,0,85,0,85
INV002566,P017,Pune DC,05-05-2025,0,233,120,113,0
INV002567,P017,Pune DC,12-05-2025,113,0,165,0,52
INV002568,P017,Pune DC,19-05-2025,0,0,57,0,57
INV002569,P017,Pune DC,26-05-2025,0,0,85,0,85
INV002570,P017,Pune DC,02-06-2025,0,170,0,170,0
INV002571,P017,Pune DC,09-06-2025,170,0,169,1,0
INV002572,P017,Pune DC,16-06-2025,1,0,0,1,0
INV002573,P017,Pune DC,23-06-2025,1,0,0,1,0
INV002574,P017,Pune DC,30-06-2025,1,281,0,282,0
INV002575,P017,Pune DC,07-07-2025,282,0,0,282,0
INV002576,P017,Pune DC,14-07-2025,282,0,175,107,0
INV002577,P017,Pune DC,21-07-2025,107,0,101,6,0
INV002578,P017,Pune DC,28-07-2025,6,0,82,0,76
INV002579,P017,Pune DC,04-08-2025,0,0,48,0,48
INV002580,P017,Pune DC,11-08-2025,0,267,0,267,0
INV002581,P017,Pune DC,18-08-2025,267,0,63,204,0
INV002582,P017,Pune DC,25-08-2025,204,0,63,141,0
INV002583,P017,Pune DC,01-09-2025,141,218,128,231,0
INV002584,P017,Pune DC,08-09-2025,231,0,135,96,0
INV002585,P017,Pune DC,15-09-2025,96,0,0,96,0
INV002586,P017,Pune DC,22-09-2025,96,0,0,96,0
INV002587,P017,Pune DC,29-09-2025,96,0,63,33,0
INV002588,P017,Pune DC,06-10-2025,33,0,70,0,37
INV002589,P017,Pune DC,13-10-2025,0,192,87,105,0
INV002590,P017,Pune DC,20-10-2025,105,0,0,105,0
INV002591,P017,Pune DC,27-10-2025,105,0,57,48,0
INV002592,P017,Pune DC,03-11-2025,48,0,0,48,0
INV002593,P017,Pune DC,10-11-2025,48,0,126,0,78
INV002594,P017,Pune DC,17-11-2025,0,235,63,172,0
INV002595,P017,Pune DC,24-11-2025,172,0,86,86,0
INV002596,P017,Pune DC,01-12-2025,86,0,34,52,0
INV002597,P017,Pune DC,08-12-2025,52,0,72,0,20
INV002598,P017,Pune DC,15-12-2025,0,0,80,0,80
INV002599,P017,Pune DC,22-12-2025,0,167,93,74,0
INV002600,P017,Pune DC,29-12-2025,74,0,47,27,0
INV002601,P017,Chennai DC,06-01-2025,534,0,151,383,0
INV002602,P017,Chennai DC,13-01-2025,383,0,0,383,0
INV002603,P017,Chennai DC,20-01-2025,383,0,0,383,0
INV002604,P017,Chennai DC,27-01-2025,383,0,56,327,0
INV002605,P017,Chennai DC,03-02-2025,327,0,55,272,0
INV002606,P017,Chennai DC,10-02-2025,272,206,0,478,0
INV002607,P017,Chennai DC,17-02-2025,478,0,0,478,0
INV002608,P017,Chennai DC,24-02-2025,478,0,105,373,0
INV002609,P017,Chennai DC,03-03-2025,373,0,85,288,0
INV002610,P017,Chennai DC,10-03-2025,288,0,89,199,0
INV002611,P017,Chennai DC,17-03-2025,199,0,113,86,0
INV002612,P017,Chennai DC,24-03-2025,86,184,0,270,0
INV002613,P017,Chennai DC,31-03-2025,270,0,0,270,0
INV002614,P017,Chennai DC,07-04-2025,270,0,0,270,0
INV002615,P017,Chennai DC,14-04-2025,270,0,0,270,0
INV002616,P017,Chennai DC,21-04-2025,270,0,56,214,0
INV002617,P017,Chennai DC,28-04-2025,214,0,0,214,0
INV002618,P017,Chennai DC,05-05-2025,214,233,57,390,0
INV002619,P017,Chennai DC,12-05-2025,390,0,0,390,0
INV002620,P017,Chennai DC,19-05-2025,390,0,59,331,0
INV002621,P017,Chennai DC,26-05-2025,331,0,87,244,0
INV002622,P017,Chennai DC,02-06-2025,244,170,111,303,0
INV002623,P017,Chennai DC,09-06-2025,303,0,0,303,0
INV002624,P017,Chennai DC,16-06-2025,303,0,105,198,0
INV002625,P017,Chennai DC,23-06-2025,198,0,149,49,0
INV002626,P017,Chennai DC,30-06-2025,49,281,0,330,0
INV002627,P017,Chennai DC,07-07-2025,330,0,70,260,0
INV002628,P017,Chennai DC,14-07-2025,260,0,0,260,0
INV002629,P017,Chennai DC,21-07-2025,260,0,52,208,0
INV002630,P017,Chennai DC,28-07-2025,208,0,98,110,0
INV002631,P017,Chennai DC,04-08-2025,110,0,84,26,0
INV002632,P017,Chennai DC,11-08-2025,26,267,0,293,0
INV002633,P017,Chennai DC,18-08-2025,293,0,0,293,0
INV002634,P017,Chennai DC,25-08-2025,293,0,58,235,0
INV002635,P017,Chennai DC,01-09-2025,235,218,0,453,0
INV002636,P017,Chennai DC,08-09-2025,453,0,0,453,0
INV002637,P017,Chennai DC,15-09-2025,453,0,0,453,0
INV002638,P017,Chennai DC,22-09-2025,453,0,0,453,0
INV002639,P017,Chennai DC,29-09-2025,453,0,66,387,0
INV002640,P017,Chennai DC,06-10-2025,387,0,0,387,0
INV002641,P017,Chennai DC,13-10-2025,387,192,0,579,0
INV002642,P017,Chennai DC,20-10-2025,579,0,140,439,0
INV002643,P017,Chennai DC,27-10-2025,439,0,0,439,0
INV002644,P017,Chennai DC,03-11-2025,439,0,136,303,0
INV002645,P017,Chennai DC,10-11-2025,303,0,0,303,0
INV002646,P017,Chennai DC,17-11-2025,303,235,0,538,0
INV002647,P017,Chennai DC,24-11-2025,538,0,34,504,0
INV002648,P017,Chennai DC,01-12-2025,504,0,53,451,0
INV002649,P017,Chennai DC,08-12-2025,451,0,0,451,0
INV002650,P017,Chennai DC,15-12-2025,451,0,0,451,0
INV002651,P017,Chennai DC,22-12-2025,451,167,58,560,0
INV002652,P017,Chennai DC,29-12-2025,560,0,60,500,0
INV002653,P018,Bengaluru DC,06-01-2025,135,0,50,85,0
INV002654,P018,Bengaluru DC,13-01-2025,85,0,13,72,0
INV002655,P018,Bengaluru DC,20-01-2025,72,87,0,159,0
INV002656,P018,Bengaluru DC,27-01-2025,159,0,44,115,0
INV002657,P018,Bengaluru DC,03-02-2025,115,0,13,102,0
INV002658,P018,Bengaluru DC,10-02-2025,102,0,0,102,0
INV002659,P018,Bengaluru DC,17-02-2025,102,54,22,134,0
INV002660,P018,Bengaluru DC,24-02-2025,134,0,0,134,0
INV002661,P018,Bengaluru DC,03-03-2025,134,0,0,134,0
INV002662,P018,Bengaluru DC,10-03-2025,134,69,0,203,0
INV002663,P018,Bengaluru DC,17-03-2025,203,0,31,172,0
INV002664,P018,Bengaluru DC,24-03-2025,172,0,0,172,0
INV002665,P018,Bengaluru DC,31-03-2025,172,0,0,172,0
INV002666,P018,Bengaluru DC,07-04-2025,172,74,48,198,0
INV002667,P018,Bengaluru DC,14-04-2025,198,0,0,198,0
INV002668,P018,Bengaluru DC,21-04-2025,198,0,0,198,0
INV002669,P018,Bengaluru DC,28-04-2025,198,0,0,198,0
INV002670,P018,Bengaluru DC,05-05-2025,198,0,40,158,0
INV002671,P018,Bengaluru DC,12-05-2025,158,0,51,107,0
INV002672,P018,Bengaluru DC,19-05-2025,107,78,0,185,0
INV002673,P018,Bengaluru DC,26-05-2025,185,0,0,185,0
INV002674,P018,Bengaluru DC,02-06-2025,185,0,0,185,0
INV002675,P018,Bengaluru DC,09-06-2025,185,49,34,200,0
INV002676,P018,Bengaluru DC,16-06-2025,200,0,0,200,0
INV002677,P018,Bengaluru DC,23-06-2025,200,0,54,146,0
INV002678,P018,Bengaluru DC,30-06-2025,146,69,0,215,0
INV002679,P018,Bengaluru DC,07-07-2025,215,0,0,215,0
INV002680,P018,Bengaluru DC,14-07-2025,215,0,0,215,0
INV002681,P018,Bengaluru DC,21-07-2025,215,0,0,215,0
INV002682,P018,Bengaluru DC,28-07-2025,215,0,18,197,0
INV002683,P018,Bengaluru DC,04-08-2025,197,69,0,266,0
INV002684,P018,Bengaluru DC,11-08-2025,266,0,42,224,0
INV002685,P018,Bengaluru DC,18-08-2025,224,0,9,215,0
INV002686,P018,Bengaluru DC,25-08-2025,215,0,53,162,0
INV002687,P018,Bengaluru DC,01-09-2025,162,0,0,162,0
INV002688,P018,Bengaluru DC,08-09-2025,162,64,0,226,0
INV002689,P018,Bengaluru DC,15-09-2025,226,0,19,207,0
INV002690,P018,Bengaluru DC,22-09-2025,207,0,0,207,0
INV002691,P018,Bengaluru DC,29-09-2025,207,63,0,270,0
INV002692,P018,Bengaluru DC,06-10-2025,270,0,0,270,0
INV002693,P018,Bengaluru DC,13-10-2025,270,0,34,236,0
INV002694,P018,Bengaluru DC,20-10-2025,236,0,0,236,0
INV002695,P018,Bengaluru DC,27-10-2025,236,0,35,201,0
INV002696,P018,Bengaluru DC,03-11-2025,201,59,39,221,0
INV002697,P018,Bengaluru DC,10-11-2025,221,0,0,221,0
INV002698,P018,Bengaluru DC,17-11-2025,221,0,0,221,0
INV002699,P018,Bengaluru DC,24-11-2025,221,0,28,193,0
INV002700,P018,Bengaluru DC,01-12-2025,193,0,0,193,0
INV002701,P018,Bengaluru DC,08-12-2025,193,0,0,193,0
INV002702,P018,Bengaluru DC,15-12-2025,193,0,0,193,0
INV002703,P018,Bengaluru DC,22-12-2025,193,83,29,247,0
INV002704,P018,Bengaluru DC,29-12-2025,247,0,36,211,0
INV002705,P018,Pune DC,06-01-2025,150,0,0,150,0
INV002706,P018,Pune DC,13-01-2025,150,0,18,132,0
INV002707,P018,Pune DC,20-01-2025,132,87,17,202,0
INV002708,P018,Pune DC,27-01-2025,202,0,0,202,0
INV002709,P018,Pune DC,03-02-2025,202,0,18,184,0
INV002710,P018,Pune DC,10-02-2025,184,0,42,142,0
INV002711,P018,Pune DC,17-02-2025,142,54,40,156,0
INV002712,P018,Pune DC,24-02-2025,156,0,0,156,0
INV002713,P018,Pune DC,03-03-2025,156,0,51,105,0
INV002714,P018,Pune DC,10-03-2025,105,69,46,128,0
INV002715,P018,Pune DC,17-03-2025,128,0,12,116,0
INV002716,P018,Pune DC,24-03-2025,116,0,28,88,0
INV002717,P018,Pune DC,31-03-2025,88,0,44,44,0
INV002718,P018,Pune DC,07-04-2025,44,74,18,100,0
INV002719,P018,Pune DC,14-04-2025,100,0,0,100,0
INV002720,P018,Pune DC,21-04-2025,100,0,22,78,0
INV002721,P018,Pune DC,28-04-2025,78,0,60,18,0
INV002722,P018,Pune DC,05-05-2025,18,0,18,0,0
INV002723,P018,Pune DC,12-05-2025,0,0,0,0,0
INV002724,P018,Pune DC,19-05-2025,0,78,51,27,0
INV002725,P018,Pune DC,26-05-2025,27,0,56,0,29
INV002726,P018,Pune DC,02-06-2025,0,0,0,0,0
INV002727,P018,Pune DC,09-06-2025,0,49,0,49,0
INV002728,P018,Pune DC,16-06-2025,49,0,0,49,0
INV002729,P018,Pune DC,23-06-2025,49,0,0,49,0
INV002730,P018,Pune DC,30-06-2025,49,69,28,90,0
INV002731,P018,Pune DC,07-07-2025,90,0,42,48,0
INV002732,P018,Pune DC,14-07-2025,48,0,0,48,0
INV002733,P018,Pune DC,21-07-2025,48,0,22,26,0
INV002734,P018,Pune DC,28-07-2025,26,0,18,8,0
INV002735,P018,Pune DC,04-08-2025,8,69,0,77,0
INV002736,P018,Pune DC,11-08-2025,77,0,26,51,0
INV002737,P018,Pune DC,18-08-2025,51,0,22,29,0
INV002738,P018,Pune DC,25-08-2025,29,0,0,29,0
INV002739,P018,Pune DC,01-09-2025,29,0,45,0,16
INV002740,P018,Pune DC,08-09-2025,0,64,51,13,0
INV002741,P018,Pune DC,15-09-2025,13,0,32,0,19
INV002742,P018,Pune DC,22-09-2025,0,0,40,0,40
INV002743,P018,Pune DC,29-09-2025,0,63,42,21,0
INV002744,P018,Pune DC,06-10-2025,21,0,57,0,36
INV002745,P018,Pune DC,13-10-2025,0,0,17,0,17
INV002746,P018,Pune DC,20-10-2025,0,0,50,0,50
INV002747,P018,Pune DC,27-10-2025,0,0,22,0,22
INV002748,P018,Pune DC,03-11-2025,0,59,0,59,0
INV002749,P018,Pune DC,10-11-2025,59,0,27,32,0
INV002750,P018,Pune DC,17-11-2025,32,0,20,12,0
INV002751,P018,Pune DC,24-11-2025,12,0,15,0,3
INV002752,P018,Pune DC,01-12-2025,0,0,21,0,21
INV002753,P018,Pune DC,08-12-2025,0,0,53,0,53
INV002754,P018,Pune DC,15-12-2025,0,0,30,0,30
INV002755,P018,Pune DC,22-12-2025,0,83,0,83,0
INV002756,P018,Pune DC,29-12-2025,83,0,21,62,0
INV002757,P018,Chennai DC,06-01-2025,149,0,0,149,0
INV002758,P018,Chennai DC,13-01-2025,149,0,14,135,0
INV002759,P018,Chennai DC,20-01-2025,135,87,27,195,0
INV002760,P018,Chennai DC,27-01-2025,195,0,0,195,0
INV002761,P018,Chennai DC,03-02-2025,195,0,19,176,0
INV002762,P018,Chennai DC,10-02-2025,176,0,0,176,0
INV002763,P018,Chennai DC,17-02-2025,176,54,0,230,0
INV002764,P018,Chennai DC,24-02-2025,230,0,53,177,0
INV002765,P018,Chennai DC,03-03-2025,177,0,0,177,0
INV002766,P018,Chennai DC,10-03-2025,177,69,0,246,0
INV002767,P018,Chennai DC,17-03-2025,246,0,0,246,0
INV002768,P018,Chennai DC,24-03-2025,246,0,22,224,0
INV002769,P018,Chennai DC,31-03-2025,224,0,0,224,0
INV002770,P018,Chennai DC,07-04-2025,224,74,0,298,0
INV002771,P018,Chennai DC,14-04-2025,298,0,57,241,0
INV002772,P018,Chennai DC,21-04-2025,241,0,41,200,0
INV002773,P018,Chennai DC,28-04-2025,200,0,0,200,0
INV002774,P018,Chennai DC,05-05-2025,200,0,0,200,0
INV002775,P018,Chennai DC,12-05-2025,200,0,0,200,0
INV002776,P018,Chennai DC,19-05-2025,200,78,0,278,0
INV002777,P018,Chennai DC,26-05-2025,278,0,0,278,0
INV002778,P018,Chennai DC,02-06-2025,278,0,60,218,0
INV002779,P018,Chennai DC,09-06-2025,218,49,17,250,0
INV002780,P018,Chennai DC,16-06-2025,250,0,60,190,0
INV002781,P018,Chennai DC,23-06-2025,190,0,0,190,0
INV002782,P018,Chennai DC,30-06-2025,190,69,33,226,0
INV002783,P018,Chennai DC,07-07-2025,226,0,0,226,0
INV002784,P018,Chennai DC,14-07-2025,226,0,43,183,0
INV002785,P018,Chennai DC,21-07-2025,183,0,11,172,0
INV002786,P018,Chennai DC,28-07-2025,172,0,14,158,0
INV002787,P018,Chennai DC,04-08-2025,158,69,51,176,0
INV002788,P018,Chennai DC,11-08-2025,176,0,0,176,0
INV002789,P018,Chennai DC,18-08-2025,176,0,14,162,0
INV002790,P018,Chennai DC,25-08-2025,162,0,0,162,0
INV002791,P018,Chennai DC,01-09-2025,162,0,0,162,0
INV002792,P018,Chennai DC,08-09-2025,162,64,0,226,0
INV002793,P018,Chennai DC,15-09-2025,226,0,0,226,0
INV002794,P018,Chennai DC,22-09-2025,226,0,0,226,0
INV002795,P018,Chennai DC,29-09-2025,226,63,0,289,0
INV002796,P018,Chennai DC,06-10-2025,289,0,0,289,0
INV002797,P018,Chennai DC,13-10-2025,289,0,0,289,0
INV002798,P018,Chennai DC,20-10-2025,289,0,0,289,0
INV002799,P018,Chennai DC,27-10-2025,289,0,0,289,0
INV002800,P018,Chennai DC,03-11-2025,289,59,0,348,0
INV002801,P018,Chennai DC,10-11-2025,348,0,29,319,0
INV002802,P018,Chennai DC,17-11-2025,319,0,39,280,0
INV002803,P018,Chennai DC,24-11-2025,280,0,0,280,0
INV002804,P018,Chennai DC,01-12-2025,280,0,31,249,0
INV002805,P018,Chennai DC,08-12-2025,249,0,0,249,0
INV002806,P018,Chennai DC,15-12-2025,249,0,23,226,0
INV002807,P018,Chennai DC,22-12-2025,226,83,29,280,0
INV002808,P018,Chennai DC,29-12-2025,280,0,0,280,0
INV002809,P019,Bengaluru DC,06-01-2025,140,0,0,140,0
INV002810,P019,Bengaluru DC,13-01-2025,140,0,0,140,0
INV002811,P019,Bengaluru DC,20-01-2025,140,46,28,158,0
INV002812,P019,Bengaluru DC,27-01-2025,158,0,50,108,0
INV002813,P019,Bengaluru DC,03-02-2025,108,0,0,108,0
INV002814,P019,Bengaluru DC,10-02-2025,108,0,0,108,0
INV002815,P019,Bengaluru DC,17-02-2025,108,59,0,167,0
INV002816,P019,Bengaluru DC,24-02-2025,167,0,0,167,0
INV002817,P019,Bengaluru DC,03-03-2025,167,0,53,114,0
INV002818,P019,Bengaluru DC,10-03-2025,114,76,0,190,0
INV002819,P019,Bengaluru DC,17-03-2025,190,0,49,141,0
INV002820,P019,Bengaluru DC,24-03-2025,141,0,0,141,0
INV002821,P019,Bengaluru DC,31-03-2025,141,51,42,150,0
INV002822,P019,Bengaluru DC,07-04-2025,150,0,49,101,0
INV002823,P019,Bengaluru DC,14-04-2025,101,0,0,101,0
INV002824,P019,Bengaluru DC,21-04-2025,101,59,0,160,0
INV002825,P019,Bengaluru DC,28-04-2025,160,0,41,119,0
INV002826,P019,Bengaluru DC,05-05-2025,119,0,0,119,0
INV002827,P019,Bengaluru DC,12-05-2025,119,0,0,119,0
INV002828,P019,Bengaluru DC,19-05-2025,119,0,64,55,0
INV002829,P019,Bengaluru DC,26-05-2025,55,81,28,108,0
INV002830,P019,Bengaluru DC,02-06-2025,108,0,0,108,0
INV002831,P019,Bengaluru DC,09-06-2025,108,0,0,108,0
INV002832,P019,Bengaluru DC,16-06-2025,108,0,23,85,0
INV002833,P019,Bengaluru DC,23-06-2025,85,58,0,143,0
INV002834,P019,Bengaluru DC,30-06-2025,143,0,0,143,0
INV002835,P019,Bengaluru DC,07-07-2025,143,0,12,131,0
INV002836,P019,Bengaluru DC,14-07-2025,131,0,0,131,0
INV002837,P019,Bengaluru DC,21-07-2025,131,0,0,131,0
INV002838,P019,Bengaluru DC,28-07-2025,131,0,0,131,0
INV002839,P019,Bengaluru DC,04-08-2025,131,0,19,112,0
INV002840,P019,Bengaluru DC,11-08-2025,112,89,0,201,0
INV002841,P019,Bengaluru DC,18-08-2025,201,0,15,186,0
INV002842,P019,Bengaluru DC,25-08-2025,186,0,17,169,0
INV002843,P019,Bengaluru DC,01-09-2025,169,0,22,147,0
INV002844,P019,Bengaluru DC,08-09-2025,147,74,0,221,0
INV002845,P019,Bengaluru DC,15-09-2025,221,0,17,204,0
INV002846,P019,Bengaluru DC,22-09-2025,204,0,0,204,0
INV002847,P019,Bengaluru DC,29-09-2025,204,0,23,181,0
INV002848,P019,Bengaluru DC,06-10-2025,181,0,11,170,0
INV002849,P019,Bengaluru DC,13-10-2025,170,0,0,170,0
INV002850,P019,Bengaluru DC,20-10-2025,170,56,0,226,0
INV002851,P019,Bengaluru DC,27-10-2025,226,0,0,226,0
INV002852,P019,Bengaluru DC,03-11-2025,226,0,25,201,0
INV002853,P019,Bengaluru DC,10-11-2025,201,0,0,201,0
INV002854,P019,Bengaluru DC,17-11-2025,201,0,0,201,0
INV002855,P019,Bengaluru DC,24-11-2025,201,0,23,178,0
INV002856,P019,Bengaluru DC,01-12-2025,178,0,17,161,0
INV002857,P019,Bengaluru DC,08-12-2025,161,49,0,210,0
INV002858,P019,Bengaluru DC,15-12-2025,210,0,51,159,0
INV002859,P019,Bengaluru DC,22-12-2025,159,0,0,159,0
INV002860,P019,Bengaluru DC,29-12-2025,159,0,28,131,0
INV002861,P019,Pune DC,06-01-2025,156,0,49,107,0
INV002862,P019,Pune DC,13-01-2025,107,0,27,80,0
INV002863,P019,Pune DC,20-01-2025,80,46,29,97,0
INV002864,P019,Pune DC,27-01-2025,97,0,0,97,0
INV002865,P019,Pune DC,03-02-2025,97,0,15,82,0
INV002866,P019,Pune DC,10-02-2025,82,0,27,55,0
INV002867,P019,Pune DC,17-02-2025,55,59,58,56,0
INV002868,P019,Pune DC,24-02-2025,56,0,27,29,0
INV002869,P019,Pune DC,03-03-2025,29,0,0,29,0
INV002870,P019,Pune DC,10-03-2025,29,76,38,67,0
INV002871,P019,Pune DC,17-03-2025,67,0,0,67,0
INV002872,P019,Pune DC,24-03-2025,67,0,70,0,3
INV002873,P019,Pune DC,31-03-2025,0,51,0,51,0
INV002874,P019,Pune DC,07-04-2025,51,0,0,51,0
INV002875,P019,Pune DC,14-04-2025,51,0,66,0,15
INV002876,P019,Pune DC,21-04-2025,0,59,70,0,11
INV002877,P019,Pune DC,28-04-2025,0,0,0,0,0
INV002878,P019,Pune DC,05-05-2025,0,0,64,0,64
INV002879,P019,Pune DC,12-05-2025,0,0,74,0,74
INV002880,P019,Pune DC,19-05-2025,0,0,0,0,0
INV002881,P019,Pune DC,26-05-2025,0,81,0,81,0
INV002882,P019,Pune DC,02-06-2025,81,0,51,30,0
INV002883,P019,Pune DC,09-06-2025,30,0,27,3,0
INV002884,P019,Pune DC,16-06-2025,3,0,44,0,41
INV002885,P019,Pune DC,23-06-2025,0,58,61,0,3
INV002886,P019,Pune DC,30-06-2025,0,0,52,0,52
INV002887,P019,Pune DC,07-07-2025,0,0,37,0,37
INV002888,P019,Pune DC,14-07-2025,0,0,49,0,49
INV002889,P019,Pune DC,21-07-2025,0,0,42,0,42
INV002890,P019,Pune DC,28-07-2025,0,0,0,0,0
INV002891,P019,Pune DC,04-08-2025,0,0,9,0,9
INV002892,P019,Pune DC,11-08-2025,0,89,34,55,0
INV002893,P019,Pune DC,18-08-2025,55,0,20,35,0
INV002894,P019,Pune DC,25-08-2025,35,0,15,20,0
INV002895,P019,Pune DC,01-09-2025,20,0,15,5,0
INV002896,P019,Pune DC,08-09-2025,5,74,37,42,0
INV002897,P019,Pune DC,15-09-2025,42,0,14,28,0
INV002898,P019,Pune DC,22-09-2025,28,0,31,0,3
INV002899,P019,Pune DC,29-09-2025,0,0,0,0,0
INV002900,P019,Pune DC,06-10-2025,0,0,9,0,9
INV002901,P019,Pune DC,13-10-2025,0,0,22,0,22
INV002902,P019,Pune DC,20-10-2025,0,56,45,11,0
INV002903,P019,Pune DC,27-10-2025,11,0,38,0,27
INV002904,P019,Pune DC,03-11-2025,0,0,0,0,0
INV002905,P019,Pune DC,10-11-2025,0,0,20,0,20
INV002906,P019,Pune DC,17-11-2025,0,0,22,0,22
INV002907,P019,Pune DC,24-11-2025,0,0,0,0,0
INV002908,P019,Pune DC,01-12-2025,0,0,32,0,32
INV002909,P019,Pune DC,08-12-2025,0,49,0,49,0
INV002910,P019,Pune DC,15-12-2025,49,0,0,49,0
INV002911,P019,Pune DC,22-12-2025,49,0,26,23,0
INV002912,P019,Pune DC,29-12-2025,23,0,0,23,0
INV002913,P019,Chennai DC,06-01-2025,119,0,0,119,0
INV002914,P019,Chennai DC,13-01-2025,119,0,28,91,0
INV002915,P019,Chennai DC,20-01-2025,91,46,0,137,0
INV002916,P019,Chennai DC,27-01-2025,137,0,0,137,0
INV002917,P019,Chennai DC,03-02-2025,137,0,36,101,0
INV002918,P019,Chennai DC,10-02-2025,101,0,31,70,0
INV002919,P019,Chennai DC,17-02-2025,70,59,0,129,0
INV002920,P019,Chennai DC,24-02-2025,129,0,25,104,0
INV002921,P019,Chennai DC,03-03-2025,104,0,0,104,0
INV002922,P019,Chennai DC,10-03-2025,104,76,21,159,0
INV002923,P019,Chennai DC,17-03-2025,159,0,15,144,0
INV002924,P019,Chennai DC,24-03-2025,144,0,0,144,0
INV002925,P019,Chennai DC,31-03-2025,144,51,21,174,0
INV002926,P019,Chennai DC,07-04-2025,174,0,0,174,0
INV002927,P019,Chennai DC,14-04-2025,174,0,0,174,0
INV002928,P019,Chennai DC,21-04-2025,174,59,0,233,0
INV002929,P019,Chennai DC,28-04-2025,233,0,22,211,0
INV002930,P019,Chennai DC,05-05-2025,211,0,0,211,0
INV002931,P019,Chennai DC,12-05-2025,211,0,0,211,0
INV002932,P019,Chennai DC,19-05-2025,211,0,0,211,0
INV002933,P019,Chennai DC,26-05-2025,211,81,25,267,0
INV002934,P019,Chennai DC,02-06-2025,267,0,0,267,0
INV002935,P019,Chennai DC,09-06-2025,267,0,31,236,0
INV002936,P019,Chennai DC,16-06-2025,236,0,0,236,0
INV002937,P019,Chennai DC,23-06-2025,236,58,0,294,0
INV002938,P019,Chennai DC,30-06-2025,294,0,0,294,0
INV002939,P019,Chennai DC,07-07-2025,294,0,0,294,0
INV002940,P019,Chennai DC,14-07-2025,294,0,0,294,0
INV002941,P019,Chennai DC,21-07-2025,294,0,0,294,0
INV002942,P019,Chennai DC,28-07-2025,294,0,46,248,0
INV002943,P019,Chennai DC,04-08-2025,248,0,16,232,0
INV002944,P019,Chennai DC,11-08-2025,232,89,0,321,0
INV002945,P019,Chennai DC,18-08-2025,321,0,0,321,0
INV002946,P019,Chennai DC,25-08-2025,321,0,0,321,0
INV002947,P019,Chennai DC,01-09-2025,321,0,0,321,0
INV002948,P019,Chennai DC,08-09-2025,321,74,0,395,0
INV002949,P019,Chennai DC,15-09-2025,395,0,0,395,0
INV002950,P019,Chennai DC,22-09-2025,395,0,0,395,0
INV002951,P019,Chennai DC,29-09-2025,395,0,18,377,0
INV002952,P019,Chennai DC,06-10-2025,377,0,9,368,0
INV002953,P019,Chennai DC,13-10-2025,368,0,6,362,0
INV002954,P019,Chennai DC,20-10-2025,362,56,0,418,0
INV002955,P019,Chennai DC,27-10-2025,418,0,0,418,0
INV002956,P019,Chennai DC,03-11-2025,418,0,16,402,0
INV002957,P019,Chennai DC,10-11-2025,402,0,29,373,0
INV002958,P019,Chennai DC,17-11-2025,373,0,21,352,0
INV002959,P019,Chennai DC,24-11-2025,352,0,23,329,0
INV002960,P019,Chennai DC,01-12-2025,329,0,0,329,0
INV002961,P019,Chennai DC,08-12-2025,329,49,39,339,0
INV002962,P019,Chennai DC,15-12-2025,339,0,0,339,0
INV002963,P019,Chennai DC,22-12-2025,339,0,24,315,0
INV002964,P019,Chennai DC,29-12-2025,315,0,29,286,0
INV002965,P020,Bengaluru DC,06-01-2025,243,0,60,183,0
INV002966,P020,Bengaluru DC,13-01-2025,183,90,0,273,0
INV002967,P020,Bengaluru DC,20-01-2025,273,0,0,273,0
INV002968,P020,Bengaluru DC,27-01-2025,273,0,0,273,0
INV002969,P020,Bengaluru DC,03-02-2025,273,0,56,217,0
INV002970,P020,Bengaluru DC,10-02-2025,217,0,103,114,0
INV002971,P020,Bengaluru DC,17-02-2025,114,0,37,77,0
INV002972,P020,Bengaluru DC,24-02-2025,77,171,0,248,0
INV002973,P020,Bengaluru DC,03-03-2025,248,0,56,192,0
INV002974,P020,Bengaluru DC,10-03-2025,192,0,0,192,0
INV002975,P020,Bengaluru DC,17-03-2025,192,0,0,192,0
INV002976,P020,Bengaluru DC,24-03-2025,192,0,0,192,0
INV002977,P020,Bengaluru DC,31-03-2025,192,0,57,135,0
INV002978,P020,Bengaluru DC,07-04-2025,135,160,49,246,0
INV002979,P020,Bengaluru DC,14-04-2025,246,0,0,246,0
INV002980,P020,Bengaluru DC,21-04-2025,246,0,39,207,0
INV002981,P020,Bengaluru DC,28-04-2025,207,0,41,166,0
INV002982,P020,Bengaluru DC,05-05-2025,166,163,0,329,0
INV002983,P020,Bengaluru DC,12-05-2025,329,0,120,209,0
INV002984,P020,Bengaluru DC,19-05-2025,209,0,42,167,0
INV002985,P020,Bengaluru DC,26-05-2025,167,0,0,167,0
INV002986,P020,Bengaluru DC,02-06-2025,167,0,0,167,0
INV002987,P020,Bengaluru DC,09-06-2025,167,94,82,179,0
INV002988,P020,Bengaluru DC,16-06-2025,179,0,46,133,0
INV002989,P020,Bengaluru DC,23-06-2025,133,0,31,102,0
INV002990,P020,Bengaluru DC,30-06-2025,102,97,62,137,0
INV002991,P020,Bengaluru DC,07-07-2025,137,0,0,137,0
INV002992,P020,Bengaluru DC,14-07-2025,137,0,0,137,0
INV002993,P020,Bengaluru DC,21-07-2025,137,0,0,137,0
INV002994,P020,Bengaluru DC,28-07-2025,137,0,32,105,0
INV002995,P020,Bengaluru DC,04-08-2025,105,177,65,217,0
INV002996,P020,Bengaluru DC,11-08-2025,217,0,78,139,0
INV002997,P020,Bengaluru DC,18-08-2025,139,0,56,83,0
INV002998,P020,Bengaluru DC,25-08-2025,83,0,0,83,0
INV002999,P020,Bengaluru DC,01-09-2025,83,0,0,83,0
INV003000,P020,Bengaluru DC,08-09-2025,83,151,0,234,0
INV003001,P020,Bengaluru DC,15-09-2025,234,0,0,234,0
INV003002,P020,Bengaluru DC,22-09-2025,234,0,0,234,0
INV003003,P020,Bengaluru DC,29-09-2025,234,0,40,194,0
INV003004,P020,Bengaluru DC,06-10-2025,194,0,0,194,0
INV003005,P020,Bengaluru DC,13-10-2025,194,0,0,194,0
INV003006,P020,Bengaluru DC,20-10-2025,194,92,0,286,0
INV003007,P020,Bengaluru DC,27-10-2025,286,0,0,286,0
INV003008,P020,Bengaluru DC,03-11-2025,286,0,0,286,0
INV003009,P020,Bengaluru DC,10-11-2025,286,0,72,214,0
INV003010,P020,Bengaluru DC,17-11-2025,214,147,23,338,0
INV003011,P020,Bengaluru DC,24-11-2025,338,0,39,299,0
INV003012,P020,Bengaluru DC,01-12-2025,299,0,0,299,0
INV003013,P020,Bengaluru DC,08-12-2025,299,0,87,212,0
INV003014,P020,Bengaluru DC,15-12-2025,212,0,0,212,0
INV003015,P020,Bengaluru DC,22-12-2025,212,120,0,332,0
INV003016,P020,Bengaluru DC,29-12-2025,332,0,30,302,0
INV003017,P020,Pune DC,06-01-2025,288,0,32,256,0
INV003018,P020,Pune DC,13-01-2025,256,90,0,346,0
INV003019,P020,Pune DC,20-01-2025,346,0,95,251,0
INV003020,P020,Pune DC,27-01-2025,251,0,98,153,0
INV003021,P020,Pune DC,03-02-2025,153,0,0,153,0
INV003022,P020,Pune DC,10-02-2025,153,0,0,153,0
INV003023,P020,Pune DC,17-02-2025,153,0,74,79,0
INV003024,P020,Pune DC,24-02-2025,79,171,68,182,0
INV003025,P020,Pune DC,03-03-2025,182,0,48,134,0
INV003026,P020,Pune DC,10-03-2025,134,0,112,22,0
INV003027,P020,Pune DC,17-03-2025,22,0,54,0,32
INV003028,P020,Pune DC,24-03-2025,0,0,0,0,0
INV003029,P020,Pune DC,31-03-2025,0,0,0,0,0
INV003030,P020,Pune DC,07-04-2025,0,160,70,90,0
INV003031,P020,Pune DC,14-04-2025,90,0,123,0,33
INV003032,P020,Pune DC,21-04-2025,0,0,0,0,0
INV003033,P020,Pune DC,28-04-2025,0,0,32,0,32
INV003034,P020,Pune DC,05-05-2025,0,163,129,34,0
INV003035,P020,Pune DC,12-05-2025,34,0,0,34,0
INV003036,P020,Pune DC,19-05-2025,34,0,68,0,34
INV003037,P020,Pune DC,26-05-2025,0,0,113,0,113
INV003038,P020,Pune DC,02-06-2025,0,0,0,0,0
INV003039,P020,Pune DC,09-06-2025,0,94,38,56,0
INV003040,P020,Pune DC,16-06-2025,56,0,79,0,23
INV003041,P020,Pune DC,23-06-2025,0,0,65,0,65
INV003042,P020,Pune DC,30-06-2025,0,97,55,42,0
INV003043,P020,Pune DC,07-07-2025,42,0,0,42,0
INV003044,P020,Pune DC,14-07-2025,42,0,95,0,53
INV003045,P020,Pune DC,21-07-2025,0,0,79,0,79
INV003046,P020,Pune DC,28-07-2025,0,0,33,0,33
INV003047,P020,Pune DC,04-08-2025,0,177,0,177,0
INV003048,P020,Pune DC,11-08-2025,177,0,0,177,0
INV003049,P020,Pune DC,18-08-2025,177,0,28,149,0
INV003050,P020,Pune DC,25-08-2025,149,0,88,61,0
INV003051,P020,Pune DC,01-09-2025,61,0,0,61,0
INV003052,P020,Pune DC,08-09-2025,61,151,72,140,0
INV003053,P020,Pune DC,15-09-2025,140,0,88,52,0
INV003054,P020,Pune DC,22-09-2025,52,0,0,52,0
INV003055,P020,Pune DC,29-09-2025,52,0,0,52,0
INV003056,P020,Pune DC,06-10-2025,52,0,0,52,0
INV003057,P020,Pune DC,13-10-2025,52,0,66,0,14
INV003058,P020,Pune DC,20-10-2025,0,92,67,25,0
INV003059,P020,Pune DC,27-10-2025,25,0,49,0,24
INV003060,P020,Pune DC,03-11-2025,0,0,0,0,0
INV003061,P020,Pune DC,10-11-2025,0,0,0,0,0
INV003062,P020,Pune DC,17-11-2025,0,147,19,128,0
INV003063,P020,Pune DC,24-11-2025,128,0,0,128,0
INV003064,P020,Pune DC,01-12-2025,128,0,70,58,0
INV003065,P020,Pune DC,08-12-2025,58,0,0,58,0
INV003066,P020,Pune DC,15-12-2025,58,0,85,0,27
INV003067,P020,Pune DC,22-12-2025,0,120,100,20,0
INV003068,P020,Pune DC,29-12-2025,20,0,66,0,46
INV003069,P020,Chennai DC,06-01-2025,245,0,0,245,0
INV003070,P020,Chennai DC,13-01-2025,245,90,109,226,0
INV003071,P020,Chennai DC,20-01-2025,226,0,0,226,0
INV003072,P020,Chennai DC,27-01-2025,226,0,0,226,0
INV003073,P020,Chennai DC,03-02-2025,226,0,28,198,0
INV003074,P020,Chennai DC,10-02-2025,198,0,0,198,0
INV003075,P020,Chennai DC,17-02-2025,198,0,0,198,0
INV003076,P020,Chennai DC,24-02-2025,198,171,39,330,0
INV003077,P020,Chennai DC,03-03-2025,330,0,0,330,0
INV003078,P020,Chennai DC,10-03-2025,330,0,0,330,0
INV003079,P020,Chennai DC,17-03-2025,330,0,59,271,0
INV003080,P020,Chennai DC,24-03-2025,271,0,106,165,0
INV003081,P020,Chennai DC,31-03-2025,165,0,61,104,0
INV003082,P020,Chennai DC,07-04-2025,104,160,0,264,0
INV003083,P020,Chennai DC,14-04-2025,264,0,0,264,0
INV003084,P020,Chennai DC,21-04-2025,264,0,86,178,0
INV003085,P020,Chennai DC,28-04-2025,178,0,43,135,0
INV003086,P020,Chennai DC,05-05-2025,135,163,0,298,0
INV003087,P020,Chennai DC,12-05-2025,298,0,0,298,0
INV003088,P020,Chennai DC,19-05-2025,298,0,0,298,0
INV003089,P020,Chennai DC,26-05-2025,298,0,0,298,0
INV003090,P020,Chennai DC,02-06-2025,298,0,118,180,0
INV003091,P020,Chennai DC,09-06-2025,180,94,0,274,0
INV003092,P020,Chennai DC,16-06-2025,274,0,0,274,0
INV003093,P020,Chennai DC,23-06-2025,274,0,0,274,0
INV003094,P020,Chennai DC,30-06-2025,274,97,0,371,0
INV003095,P020,Chennai DC,07-07-2025,371,0,95,276,0
INV003096,P020,Chennai DC,14-07-2025,276,0,0,276,0
INV003097,P020,Chennai DC,21-07-2025,276,0,0,276,0
INV003098,P020,Chennai DC,28-07-2025,276,0,30,246,0
INV003099,P020,Chennai DC,04-08-2025,246,177,34,389,0
INV003100,P020,Chennai DC,11-08-2025,389,0,0,389,0
INV003101,P020,Chennai DC,18-08-2025,389,0,0,389,0
INV003102,P020,Chennai DC,25-08-2025,389,0,0,389,0
INV003103,P020,Chennai DC,01-09-2025,389,0,71,318,0
INV003104,P020,Chennai DC,08-09-2025,318,151,0,469,0
INV003105,P020,Chennai DC,15-09-2025,469,0,0,469,0
INV003106,P020,Chennai DC,22-09-2025,469,0,71,398,0
INV003107,P020,Chennai DC,29-09-2025,398,0,32,366,0
INV003108,P020,Chennai DC,06-10-2025,366,0,62,304,0
INV003109,P020,Chennai DC,13-10-2025,304,0,0,304,0
INV003110,P020,Chennai DC,20-10-2025,304,92,0,396,0
INV003111,P020,Chennai DC,27-10-2025,396,0,21,375,0
INV003112,P020,Chennai DC,03-11-2025,375,0,64,311,0
INV003113,P020,Chennai DC,10-11-2025,311,0,0,311,0
INV003114,P020,Chennai DC,17-11-2025,311,147,32,426,0
INV003115,P020,Chennai DC,24-11-2025,426,0,31,395,0
INV003116,P020,Chennai DC,01-12-2025,395,0,0,395,0
INV003117,P020,Chennai DC,08-12-2025,395,0,0,395,0
INV003118,P020,Chennai DC,15-12-2025,395,0,0,395,0
INV003119,P020,Chennai DC,22-12-2025,395,120,0,515,0
INV003120,P020,Chennai DC,29-12-2025,515,0,0,515,0
INV003121,P021,Bengaluru DC,06-01-2025,122,0,0,122,0
INV003122,P021,Bengaluru DC,13-01-2025,122,67,0,189,0
INV003123,P021,Bengaluru DC,20-01-2025,189,0,12,177,0
INV003124,P021,Bengaluru DC,27-01-2025,177,0,0,177,0
INV003125,P021,Bengaluru DC,03-02-2025,177,0,0,177,0
INV003126,P021,Bengaluru DC,10-02-2025,177,76,29,224,0
INV003127,P021,Bengaluru DC,17-02-2025,224,0,0,224,0
INV003128,P021,Bengaluru DC,24-02-2025,224,0,26,198,0
INV003129,P021,Bengaluru DC,03-03-2025,198,0,10,188,0
INV003130,P021,Bengaluru DC,10-03-2025,188,0,0,188,0
INV003131,P021,Bengaluru DC,17-03-2025,188,46,0,234,0
INV003132,P021,Bengaluru DC,24-03-2025,234,0,22,212,0
INV003133,P021,Bengaluru DC,31-03-2025,212,83,12,283,0
INV003134,P021,Bengaluru DC,07-04-2025,283,0,10,273,0
INV003135,P021,Bengaluru DC,14-04-2025,273,0,33,240,0
INV003136,P021,Bengaluru DC,21-04-2025,240,46,0,286,0
INV003137,P021,Bengaluru DC,28-04-2025,286,0,19,267,0
INV003138,P021,Bengaluru DC,05-05-2025,267,0,0,267,0
INV003139,P021,Bengaluru DC,12-05-2025,267,53,0,320,0
INV003140,P021,Bengaluru DC,19-05-2025,320,0,0,320,0
INV003141,P021,Bengaluru DC,26-05-2025,320,0,16,304,0
INV003142,P021,Bengaluru DC,02-06-2025,304,0,0,304,0
INV003143,P021,Bengaluru DC,09-06-2025,304,0,17,287,0
INV003144,P021,Bengaluru DC,16-06-2025,287,0,0,287,0
INV003145,P021,Bengaluru DC,23-06-2025,287,73,26,334,0
INV003146,P021,Bengaluru DC,30-06-2025,334,0,18,316,0
INV003147,P021,Bengaluru DC,07-07-2025,316,0,47,269,0
INV003148,P021,Bengaluru DC,14-07-2025,269,0,0,269,0
INV003149,P021,Bengaluru DC,21-07-2025,269,77,0,346,0
INV003150,P021,Bengaluru DC,28-07-2025,346,0,0,346,0
INV003151,P021,Bengaluru DC,04-08-2025,346,0,0,346,0
INV003152,P021,Bengaluru DC,11-08-2025,346,0,35,311,0
INV003153,P021,Bengaluru DC,18-08-2025,311,0,0,311,0
INV003154,P021,Bengaluru DC,25-08-2025,311,77,15,373,0
INV003155,P021,Bengaluru DC,01-09-2025,373,0,0,373,0
INV003156,P021,Bengaluru DC,08-09-2025,373,0,10,363,0
INV003157,P021,Bengaluru DC,15-09-2025,363,0,0,363,0
INV003158,P021,Bengaluru DC,22-09-2025,363,0,0,363,0
INV003159,P021,Bengaluru DC,29-09-2025,363,45,0,408,0
INV003160,P021,Bengaluru DC,06-10-2025,408,0,0,408,0
INV003161,P021,Bengaluru DC,13-10-2025,408,0,0,408,0
INV003162,P021,Bengaluru DC,20-10-2025,408,0,0,408,0
INV003163,P021,Bengaluru DC,27-10-2025,408,0,44,364,0
INV003164,P021,Bengaluru DC,03-11-2025,364,0,21,343,0
INV003165,P021,Bengaluru DC,10-11-2025,343,47,19,371,0
INV003166,P021,Bengaluru DC,17-11-2025,371,0,43,328,0
INV003167,P021,Bengaluru DC,24-11-2025,328,0,0,328,0
INV003168,P021,Bengaluru DC,01-12-2025,328,74,15,387,0
INV003169,P021,Bengaluru DC,08-12-2025,387,0,0,387,0
INV003170,P021,Bengaluru DC,15-12-2025,387,0,11,376,0
INV003171,P021,Bengaluru DC,22-12-2025,376,0,0,376,0
INV003172,P021,Bengaluru DC,29-12-2025,376,0,0,376,0
INV003173,P021,Pune DC,06-01-2025,110,0,45,65,0
INV003174,P021,Pune DC,13-01-2025,65,67,44,88,0
INV003175,P021,Pune DC,20-01-2025,88,0,0,88,0
INV003176,P021,Pune DC,27-01-2025,88,0,0,88,0
INV003177,P021,Pune DC,03-02-2025,88,0,45,43,0
INV003178,P021,Pune DC,10-02-2025,43,76,0,119,0
INV003179,P021,Pune DC,17-02-2025,119,0,31,88,0
INV003180,P021,Pune DC,24-02-2025,88,0,0,88,0
INV003181,P021,Pune DC,03-03-2025,88,0,12,76,0
INV003182,P021,Pune DC,10-03-2025,76,0,45,31,0
INV003183,P021,Pune DC,17-03-2025,31,46,57,20,0
INV003184,P021,Pune DC,24-03-2025,20,0,19,1,0
INV003185,P021,Pune DC,31-03-2025,1,83,0,84,0
INV003186,P021,Pune DC,07-04-2025,84,0,0,84,0
INV003187,P021,Pune DC,14-04-2025,84,0,22,62,0
INV003188,P021,Pune DC,21-04-2025,62,46,34,74,0
INV003189,P021,Pune DC,28-04-2025,74,0,23,51,0
INV003190,P021,Pune DC,05-05-2025,51,0,37,14,0
INV003191,P021,Pune DC,12-05-2025,14,53,0,67,0
INV003192,P021,Pune DC,19-05-2025,67,0,40,27,0
INV003193,P021,Pune DC,26-05-2025,27,0,0,27,0
INV003194,P021,Pune DC,02-06-2025,27,0,28,0,1
INV003195,P021,Pune DC,09-06-2025,0,0,10,0,10
INV003196,P021,Pune DC,16-06-2025,0,0,48,0,48
INV003197,P021,Pune DC,23-06-2025,0,73,0,73,0
INV003198,P021,Pune DC,30-06-2025,73,0,24,49,0
INV003199,P021,Pune DC,07-07-2025,49,0,0,49,0
INV003200,P021,Pune DC,14-07-2025,49,0,52,0,3
INV003201,P021,Pune DC,21-07-2025,0,77,18,59,0
INV003202,P021,Pune DC,28-07-2025,59,0,23,36,0
INV003203,P021,Pune DC,04-08-2025,36,0,23,13,0
INV003204,P021,Pune DC,11-08-2025,13,0,0,13,0
INV003205,P021,Pune DC,18-08-2025,13,0,46,0,33
INV003206,P021,Pune DC,25-08-2025,0,77,22,55,0
INV003207,P021,Pune DC,01-09-2025,55,0,15,40,0
INV003208,P021,Pune DC,08-09-2025,40,0,27,13,0
INV003209,P021,Pune DC,15-09-2025,13,0,20,0,7
INV003210,P021,Pune DC,22-09-2025,0,0,35,0,35
INV003211,P021,Pune DC,29-09-2025,0,45,36,9,0
INV003212,P021,Pune DC,06-10-2025,9,0,0,9,0
INV003213,P021,Pune DC,13-10-2025,9,0,47,0,38
INV003214,P021,Pune DC,20-10-2025,0,0,41,0,41
INV003215,P021,Pune DC,27-10-2025,0,0,0,0,0
INV003216,P021,Pune DC,03-11-2025,0,0,20,0,20
INV003217,P021,Pune DC,10-11-2025,0,47,0,47,0
INV003218,P021,Pune DC,17-11-2025,47,0,0,47,0
INV003219,P021,Pune DC,24-11-2025,47,0,0,47,0
INV003220,P021,Pune DC,01-12-2025,47,74,20,101,0
INV003221,P021,Pune DC,08-12-2025,101,0,46,55,0
INV003222,P021,Pune DC,15-12-2025,55,0,0,55,0
INV003223,P021,Pune DC,22-12-2025,55,0,0,55,0
INV003224,P021,Pune DC,29-12-2025,55,0,38,17,0
INV003225,P021,Chennai DC,06-01-2025,143,0,0,143,0
INV003226,P021,Chennai DC,13-01-2025,143,67,0,210,0
INV003227,P021,Chennai DC,20-01-2025,210,0,27,183,0
INV003228,P021,Chennai DC,27-01-2025,183,0,39,144,0
INV003229,P021,Chennai DC,03-02-2025,144,0,0,144,0
INV003230,P021,Chennai DC,10-02-2025,144,76,12,208,0
INV003231,P021,Chennai DC,17-02-2025,208,0,17,191,0
INV003232,P021,Chennai DC,24-02-2025,191,0,18,173,0
INV003233,P021,Chennai DC,03-03-2025,173,0,19,154,0
INV003234,P021,Chennai DC,10-03-2025,154,0,0,154,0
INV003235,P021,Chennai DC,17-03-2025,154,46,0,200,0
INV003236,P021,Chennai DC,24-03-2025,200,0,13,187,0
INV003237,P021,Chennai DC,31-03-2025,187,83,34,236,0
INV003238,P021,Chennai DC,07-04-2025,236,0,29,207,0
INV003239,P021,Chennai DC,14-04-2025,207,0,0,207,0
INV003240,P021,Chennai DC,21-04-2025,207,46,20,233,0
INV003241,P021,Chennai DC,28-04-2025,233,0,15,218,0
INV003242,P021,Chennai DC,05-05-2025,218,0,10,208,0
INV003243,P021,Chennai DC,12-05-2025,208,53,42,219,0
INV003244,P021,Chennai DC,19-05-2025,219,0,0,219,0
INV003245,P021,Chennai DC,26-05-2025,219,0,19,200,0
INV003246,P021,Chennai DC,02-06-2025,200,0,20,180,0
INV003247,P021,Chennai DC,09-06-2025,180,0,13,167,0
INV003248,P021,Chennai DC,16-06-2025,167,0,0,167,0
INV003249,P021,Chennai DC,23-06-2025,167,73,16,224,0
INV003250,P021,Chennai DC,30-06-2025,224,0,0,224,0
INV003251,P021,Chennai DC,07-07-2025,224,0,0,224,0
INV003252,P021,Chennai DC,14-07-2025,224,0,0,224,0
INV003253,P021,Chennai DC,21-07-2025,224,77,17,284,0
INV003254,P021,Chennai DC,28-07-2025,284,0,24,260,0
INV003255,P021,Chennai DC,04-08-2025,260,0,15,245,0
INV003256,P021,Chennai DC,11-08-2025,245,0,0,245,0
INV003257,P021,Chennai DC,18-08-2025,245,0,0,245,0
INV003258,P021,Chennai DC,25-08-2025,245,77,0,322,0
INV003259,P021,Chennai DC,01-09-2025,322,0,22,300,0
INV003260,P021,Chennai DC,08-09-2025,300,0,0,300,0
INV003261,P021,Chennai DC,15-09-2025,300,0,14,286,0
INV003262,P021,Chennai DC,22-09-2025,286,0,0,286,0
INV003263,P021,Chennai DC,29-09-2025,286,45,0,331,0
INV003264,P021,Chennai DC,06-10-2025,331,0,33,298,0
INV003265,P021,Chennai DC,13-10-2025,298,0,0,298,0
INV003266,P021,Chennai DC,20-10-2025,298,0,0,298,0
INV003267,P021,Chennai DC,27-10-2025,298,0,0,298,0
INV003268,P021,Chennai DC,03-11-2025,298,0,0,298,0
INV003269,P021,Chennai DC,10-11-2025,298,47,15,330,0
INV003270,P021,Chennai DC,17-11-2025,330,0,0,330,0
INV003271,P021,Chennai DC,24-11-2025,330,0,37,293,0
INV003272,P021,Chennai DC,01-12-2025,293,74,9,358,0
INV003273,P021,Chennai DC,08-12-2025,358,0,0,358,0
INV003274,P021,Chennai DC,15-12-2025,358,0,26,332,0
INV003275,P021,Chennai DC,22-12-2025,332,0,53,279,0
INV003276,P021,Chennai DC,29-12-2025,279,0,0,279,0
INV003277,P022,Bengaluru DC,06-01-2025,1144,0,0,1144,0
INV003278,P022,Bengaluru DC,13-01-2025,1144,0,0,1144,0
INV003279,P022,Bengaluru DC,20-01-2025,1144,0,308,836,0
INV003280,P022,Bengaluru DC,27-01-2025,836,0,0,836,0
INV003281,P022,Bengaluru DC,03-02-2025,836,429,0,1265,0
INV003282,P022,Bengaluru DC,10-02-2025,1265,0,0,1265,0
INV003283,P022,Bengaluru DC,17-02-2025,1265,0,116,1149,0
INV003284,P022,Bengaluru DC,24-02-2025,1149,0,415,734,0
INV003285,P022,Bengaluru DC,03-03-2025,734,630,407,957,0
INV003286,P022,Bengaluru DC,10-03-2025,957,0,0,957,0
INV003287,P022,Bengaluru DC,17-03-2025,957,0,444,513,0
INV003288,P022,Bengaluru DC,24-03-2025,513,0,0,513,0
INV003289,P022,Bengaluru DC,31-03-2025,513,385,0,898,0
INV003290,P022,Bengaluru DC,07-04-2025,898,0,0,898,0
INV003291,P022,Bengaluru DC,14-04-2025,898,0,156,742,0
INV003292,P022,Bengaluru DC,21-04-2025,742,477,225,994,0
INV003293,P022,Bengaluru DC,28-04-2025,994,0,141,853,0
INV003294,P022,Bengaluru DC,05-05-2025,853,0,204,649,0
INV003295,P022,Bengaluru DC,12-05-2025,649,385,0,1034,0
INV003296,P022,Bengaluru DC,19-05-2025,1034,0,0,1034,0
INV003297,P022,Bengaluru DC,26-05-2025,1034,0,426,608,0
INV003298,P022,Bengaluru DC,02-06-2025,608,0,0,608,0
INV003299,P022,Bengaluru DC,09-06-2025,608,0,0,608,0
INV003300,P022,Bengaluru DC,16-06-2025,608,614,281,941,0
INV003301,P022,Bengaluru DC,23-06-2025,941,0,0,941,0
INV003302,P022,Bengaluru DC,30-06-2025,941,0,0,941,0
INV003303,P022,Bengaluru DC,07-07-2025,941,0,0,941,0
INV003304,P022,Bengaluru DC,14-07-2025,941,604,108,1437,0
INV003305,P022,Bengaluru DC,21-07-2025,1437,0,0,1437,0
INV003306,P022,Bengaluru DC,28-07-2025,1437,0,0,1437,0
INV003307,P022,Bengaluru DC,04-08-2025,1437,0,111,1326,0
INV003308,P022,Bengaluru DC,11-08-2025,1326,0,174,1152,0
INV003309,P022,Bengaluru DC,18-08-2025,1152,605,256,1501,0
INV003310,P022,Bengaluru DC,25-08-2025,1501,0,0,1501,0
INV003311,P022,Bengaluru DC,01-09-2025,1501,0,273,1228,0
INV003312,P022,Bengaluru DC,08-09-2025,1228,554,128,1654,0
INV003313,P022,Bengaluru DC,15-09-2025,1654,0,0,1654,0
INV003314,P022,Bengaluru DC,22-09-2025,1654,0,85,1569,0
INV003315,P022,Bengaluru DC,29-09-2025,1569,0,0,1569,0
INV003316,P022,Bengaluru DC,06-10-2025,1569,0,0,1569,0
INV003317,P022,Bengaluru DC,13-10-2025,1569,0,0,1569,0
INV003318,P022,Bengaluru DC,20-10-2025,1569,473,0,2042,0
INV003319,P022,Bengaluru DC,27-10-2025,2042,0,0,2042,0
INV003320,P022,Bengaluru DC,03-11-2025,2042,0,140,1902,0
INV003321,P022,Bengaluru DC,10-11-2025,1902,0,0,1902,0
INV003322,P022,Bengaluru DC,17-11-2025,1902,0,0,1902,0
INV003323,P022,Bengaluru DC,24-11-2025,1902,375,0,2277,0
INV003324,P022,Bengaluru DC,01-12-2025,2277,0,138,2139,0
INV003325,P022,Bengaluru DC,08-12-2025,2139,0,0,2139,0
INV003326,P022,Bengaluru DC,15-12-2025,2139,0,175,1964,0
INV003327,P022,Bengaluru DC,22-12-2025,1964,0,0,1964,0
INV003328,P022,Bengaluru DC,29-12-2025,1964,383,0,2347,0
INV003329,P022,Pune DC,06-01-2025,1032,0,318,714,0
INV003330,P022,Pune DC,13-01-2025,714,0,327,387,0
INV003331,P022,Pune DC,20-01-2025,387,0,0,387,0
INV003332,P022,Pune DC,27-01-2025,387,0,0,387,0
INV003333,P022,Pune DC,03-02-2025,387,429,368,448,0
INV003334,P022,Pune DC,10-02-2025,448,0,260,188,0
INV003335,P022,Pune DC,17-02-2025,188,0,0,188,0
INV003336,P022,Pune DC,24-02-2025,188,0,0,188,0
INV003337,P022,Pune DC,03-03-2025,188,630,0,818,0
INV003338,P022,Pune DC,10-03-2025,818,0,415,403,0
INV003339,P022,Pune DC,17-03-2025,403,0,0,403,0
INV003340,P022,Pune DC,24-03-2025,403,0,449,0,46
INV003341,P022,Pune DC,31-03-2025,0,385,402,0,17
INV003342,P022,Pune DC,07-04-2025,0,0,306,0,306
INV003343,P022,Pune DC,14-04-2025,0,0,157,0,157
INV003344,P022,Pune DC,21-04-2025,0,477,238,239,0
INV003345,P022,Pune DC,28-04-2025,239,0,132,107,0
INV003346,P022,Pune DC,05-05-2025,107,0,220,0,113
INV003347,P022,Pune DC,12-05-2025,0,385,165,220,0
INV003348,P022,Pune DC,19-05-2025,220,0,399,0,179
INV003349,P022,Pune DC,26-05-2025,0,0,0,0,0
INV003350,P022,Pune DC,02-06-2025,0,0,383,0,383
INV003351,P022,Pune DC,09-06-2025,0,0,258,0,258
INV003352,P022,Pune DC,16-06-2025,0,614,123,491,0
INV003353,P022,Pune DC,23-06-2025,491,0,0,491,0
INV003354,P022,Pune DC,30-06-2025,491,0,0,491,0
INV003355,P022,Pune DC,07-07-2025,491,0,0,491,0
INV003356,P022,Pune DC,14-07-2025,491,604,0,1095,0
INV003357,P022,Pune DC,21-07-2025,1095,0,328,767,0
INV003358,P022,Pune DC,28-07-2025,767,0,310,457,0
INV003359,P022,Pune DC,04-08-2025,457,0,204,253,0
INV003360,P022,Pune DC,11-08-2025,253,0,0,253,0
INV003361,P022,Pune DC,18-08-2025,253,605,0,858,0
INV003362,P022,Pune DC,25-08-2025,858,0,191,667,0
INV003363,P022,Pune DC,01-09-2025,667,0,0,667,0
INV003364,P022,Pune DC,08-09-2025,667,554,126,1095,0
INV003365,P022,Pune DC,15-09-2025,1095,0,276,819,0
INV003366,P022,Pune DC,22-09-2025,819,0,164,655,0
INV003367,P022,Pune DC,29-09-2025,655,0,262,393,0
INV003368,P022,Pune DC,06-10-2025,393,0,252,141,0
INV003369,P022,Pune DC,13-10-2025,141,0,0,141,0
INV003370,P022,Pune DC,20-10-2025,141,473,144,470,0
INV003371,P022,Pune DC,27-10-2025,470,0,285,185,0
INV003372,P022,Pune DC,03-11-2025,185,0,128,57,0
INV003373,P022,Pune DC,10-11-2025,57,0,0,57,0
INV003374,P022,Pune DC,17-11-2025,57,0,0,57,0
INV003375,P022,Pune DC,24-11-2025,57,375,302,130,0
INV003376,P022,Pune DC,01-12-2025,130,0,165,0,35
INV003377,P022,Pune DC,08-12-2025,0,0,187,0,187
INV003378,P022,Pune DC,15-12-2025,0,0,175,0,175
INV003379,P022,Pune DC,22-12-2025,0,0,327,0,327
INV003380,P022,Pune DC,29-12-2025,0,383,333,50,0
INV003381,P022,Chennai DC,06-01-2025,1240,0,0,1240,0
INV003382,P022,Chennai DC,13-01-2025,1240,0,0,1240,0
INV003383,P022,Chennai DC,20-01-2025,1240,0,0,1240,0
INV003384,P022,Chennai DC,27-01-2025,1240,0,347,893,0
INV003385,P022,Chennai DC,03-02-2025,893,429,0,1322,0
INV003386,P022,Chennai DC,10-02-2025,1322,0,114,1208,0
INV003387,P022,Chennai DC,17-02-2025,1208,0,279,929,0
INV003388,P022,Chennai DC,24-02-2025,929,0,0,929,0
INV003389,P022,Chennai DC,03-03-2025,929,630,0,1559,0
INV003390,P022,Chennai DC,10-03-2025,1559,0,0,1559,0
INV003391,P022,Chennai DC,17-03-2025,1559,0,0,1559,0
INV003392,P022,Chennai DC,24-03-2025,1559,0,0,1559,0
INV003393,P022,Chennai DC,31-03-2025,1559,385,0,1944,0
INV003394,P022,Chennai DC,07-04-2025,1944,0,134,1810,0
INV003395,P022,Chennai DC,14-04-2025,1810,0,146,1664,0
INV003396,P022,Chennai DC,21-04-2025,1664,477,0,2141,0
INV003397,P022,Chennai DC,28-04-2025,2141,0,130,2011,0
INV003398,P022,Chennai DC,05-05-2025,2011,0,0,2011,0
INV003399,P022,Chennai DC,12-05-2025,2011,385,280,2116,0
INV003400,P022,Chennai DC,19-05-2025,2116,0,0,2116,0
INV003401,P022,Chennai DC,26-05-2025,2116,0,0,2116,0
INV003402,P022,Chennai DC,02-06-2025,2116,0,0,2116,0
INV003403,P022,Chennai DC,09-06-2025,2116,0,135,1981,0
INV003404,P022,Chennai DC,16-06-2025,1981,614,0,2595,0
INV003405,P022,Chennai DC,23-06-2025,2595,0,364,2231,0
INV003406,P022,Chennai DC,30-06-2025,2231,0,353,1878,0
INV003407,P022,Chennai DC,07-07-2025,1878,0,333,1545,0
INV003408,P022,Chennai DC,14-07-2025,1545,604,249,1900,0
INV003409,P022,Chennai DC,21-07-2025,1900,0,0,1900,0
INV003410,P022,Chennai DC,28-07-2025,1900,0,0,1900,0
INV003411,P022,Chennai DC,04-08-2025,1900,0,0,1900,0
INV003412,P022,Chennai DC,11-08-2025,1900,0,97,1803,0
INV003413,P022,Chennai DC,18-08-2025,1803,605,0,2408,0
INV003414,P022,Chennai DC,25-08-2025,2408,0,106,2302,0
INV003415,P022,Chennai DC,01-09-2025,2302,0,0,2302,0
INV003416,P022,Chennai DC,08-09-2025,2302,554,0,2856,0
INV003417,P022,Chennai DC,15-09-2025,2856,0,0,2856,0
INV003418,P022,Chennai DC,22-09-2025,2856,0,0,2856,0
INV003419,P022,Chennai DC,29-09-2025,2856,0,0,2856,0
INV003420,P022,Chennai DC,06-10-2025,2856,0,0,2856,0
INV003421,P022,Chennai DC,13-10-2025,2856,0,218,2638,0
INV003422,P022,Chennai DC,20-10-2025,2638,473,142,2969,0
INV003423,P022,Chennai DC,27-10-2025,2969,0,0,2969,0
INV003424,P022,Chennai DC,03-11-2025,2969,0,0,2969,0
INV003425,P022,Chennai DC,10-11-2025,2969,0,256,2713,0
INV003426,P022,Chennai DC,17-11-2025,2713,0,302,2411,0
INV003427,P022,Chennai DC,24-11-2025,2411,375,0,2786,0
INV003428,P022,Chennai DC,01-12-2025,2786,0,0,2786,0
INV003429,P022,Chennai DC,08-12-2025,2786,0,167,2619,0
INV003430,P022,Chennai DC,15-12-2025,2619,0,0,2619,0
INV003431,P022,Chennai DC,22-12-2025,2619,0,0,2619,0
INV003432,P022,Chennai DC,29-12-2025,2619,383,0,3002,0
INV003433,P023,Bengaluru DC,06-01-2025,508,0,47,461,0
INV003434,P023,Bengaluru DC,13-01-2025,461,0,80,381,0
INV003435,P023,Bengaluru DC,20-01-2025,381,0,44,337,0
INV003436,P023,Bengaluru DC,27-01-2025,337,189,0,526,0
INV003437,P023,Bengaluru DC,03-02-2025,526,0,49,477,0
INV003438,P023,Bengaluru DC,10-02-2025,477,0,73,404,0
INV003439,P023,Bengaluru DC,17-02-2025,404,0,0,404,0
INV003440,P023,Bengaluru DC,24-02-2025,404,0,0,404,0
INV003441,P023,Bengaluru DC,03-03-2025,404,0,0,404,0
INV003442,P023,Bengaluru DC,10-03-2025,404,150,88,466,0
INV003443,P023,Bengaluru DC,17-03-2025,466,0,0,466,0
INV003444,P023,Bengaluru DC,24-03-2025,466,0,83,383,0
INV003445,P023,Bengaluru DC,31-03-2025,383,193,168,408,0
INV003446,P023,Bengaluru DC,07-04-2025,408,0,180,228,0
INV003447,P023,Bengaluru DC,14-04-2025,228,0,60,168,0
INV003448,P023,Bengaluru DC,21-04-2025,168,0,47,121,0
INV003449,P023,Bengaluru DC,28-04-2025,121,0,0,121,0
INV003450,P023,Bengaluru DC,05-05-2025,121,0,0,121,0
INV003451,P023,Bengaluru DC,12-05-2025,121,185,0,306,0
INV003452,P023,Bengaluru DC,19-05-2025,306,0,117,189,0
INV003453,P023,Bengaluru DC,26-05-2025,189,0,0,189,0
INV003454,P023,Bengaluru DC,02-06-2025,189,0,0,189,0
INV003455,P023,Bengaluru DC,09-06-2025,189,245,147,287,0
INV003456,P023,Bengaluru DC,16-06-2025,287,0,44,243,0
INV003457,P023,Bengaluru DC,23-06-2025,243,0,0,243,0
INV003458,P023,Bengaluru DC,30-06-2025,243,135,0,378,0
INV003459,P023,Bengaluru DC,07-07-2025,378,0,76,302,0
INV003460,P023,Bengaluru DC,14-07-2025,302,0,42,260,0
INV003461,P023,Bengaluru DC,21-07-2025,260,0,0,260,0
INV003462,P023,Bengaluru DC,28-07-2025,260,235,117,378,0
INV003463,P023,Bengaluru DC,04-08-2025,378,0,81,297,0
INV003464,P023,Bengaluru DC,11-08-2025,297,0,0,297,0
INV003465,P023,Bengaluru DC,18-08-2025,297,202,0,499,0
INV003466,P023,Bengaluru DC,25-08-2025,499,0,0,499,0
INV003467,P023,Bengaluru DC,01-09-2025,499,0,75,424,0
INV003468,P023,Bengaluru DC,08-09-2025,424,0,0,424,0
INV003469,P023,Bengaluru DC,15-09-2025,424,0,42,382,0
INV003470,P023,Bengaluru DC,22-09-2025,382,0,94,288,0
INV003471,P023,Bengaluru DC,29-09-2025,288,161,0,449,0
INV003472,P023,Bengaluru DC,06-10-2025,449,0,0,449,0
INV003473,P023,Bengaluru DC,13-10-2025,449,0,0,449,0
INV003474,P023,Bengaluru DC,20-10-2025,449,221,0,670,0
INV003475,P023,Bengaluru DC,27-10-2025,670,0,78,592,0
INV003476,P023,Bengaluru DC,03-11-2025,592,0,48,544,0
INV003477,P023,Bengaluru DC,10-11-2025,544,243,108,679,0
INV003478,P023,Bengaluru DC,17-11-2025,679,0,117,562,0
INV003479,P023,Bengaluru DC,24-11-2025,562,0,0,562,0
INV003480,P023,Bengaluru DC,01-12-2025,562,0,0,562,0
INV003481,P023,Bengaluru DC,08-12-2025,562,0,0,562,0
INV003482,P023,Bengaluru DC,15-12-2025,562,241,65,738,0
INV003483,P023,Bengaluru DC,22-12-2025,738,0,35,703,0
INV003484,P023,Bengaluru DC,29-12-2025,703,0,0,703,0
INV003485,P023,Pune DC,06-01-2025,514,0,35,479,0
INV003486,P023,Pune DC,13-01-2025,479,0,0,479,0
INV003487,P023,Pune DC,20-01-2025,479,0,95,384,0
INV003488,P023,Pune DC,27-01-2025,384,189,62,511,0
INV003489,P023,Pune DC,03-02-2025,511,0,52,459,0
INV003490,P023,Pune DC,10-02-2025,459,0,0,459,0
INV003491,P023,Pune DC,17-02-2025,459,0,172,287,0
INV003492,P023,Pune DC,24-02-2025,287,0,90,197,0
INV003493,P023,Pune DC,03-03-2025,197,0,170,27,0
INV003494,P023,Pune DC,10-03-2025,27,150,0,177,0
INV003495,P023,Pune DC,17-03-2025,177,0,164,13,0
INV003496,P023,Pune DC,24-03-2025,13,0,0,13,0
INV003497,P023,Pune DC,31-03-2025,13,193,0,206,0
INV003498,P023,Pune DC,07-04-2025,206,0,0,206,0
INV003499,P023,Pune DC,14-04-2025,206,0,115,91,0
INV003500,P023,Pune DC,21-04-2025,91,0,50,41,0
INV003501,P023,Pune DC,28-04-2025,41,0,0,41,0
INV003502,P023,Pune DC,05-05-2025,41,0,89,0,48
INV003503,P023,Pune DC,12-05-2025,0,185,159,26,0
INV003504,P023,Pune DC,19-05-2025,26,0,0,26,0
INV003505,P023,Pune DC,26-05-2025,26,0,146,0,120
INV003506,P023,Pune DC,02-06-2025,0,0,147,0,147
INV003507,P023,Pune DC,09-06-2025,0,245,0,245,0
INV003508,P023,Pune DC,16-06-2025,245,0,48,197,0
INV003509,P023,Pune DC,23-06-2025,197,0,66,131,0
INV003510,P023,Pune DC,30-06-2025,131,135,0,266,0
INV003511,P023,Pune DC,07-07-2025,266,0,0,266,0
INV003512,P023,Pune DC,14-07-2025,266,0,36,230,0
INV003513,P023,Pune DC,21-07-2025,230,0,63,167,0
INV003514,P023,Pune DC,28-07-2025,167,235,0,402,0
INV003515,P023,Pune DC,04-08-2025,402,0,0,402,0
INV003516,P023,Pune DC,11-08-2025,402,0,110,292,0
INV003517,P023,Pune DC,18-08-2025,292,202,55,439,0
INV003518,P023,Pune DC,25-08-2025,439,0,90,349,0
INV003519,P023,Pune DC,01-09-2025,349,0,0,349,0
INV003520,P023,Pune DC,08-09-2025,349,0,0,349,0
INV003521,P023,Pune DC,15-09-2025,349,0,0,349,0
INV003522,P023,Pune DC,22-09-2025,349,0,0,349,0
INV003523,P023,Pune DC,29-09-2025,349,161,0,510,0
INV003524,P023,Pune DC,06-10-2025,510,0,78,432,0
INV003525,P023,Pune DC,13-10-2025,432,0,58,374,0
INV003526,P023,Pune DC,20-10-2025,374,221,33,562,0
INV003527,P023,Pune DC,27-10-2025,562,0,0,562,0
INV003528,P023,Pune DC,03-11-2025,562,0,33,529,0
INV003529,P023,Pune DC,10-11-2025,529,243,0,772,0
INV003530,P023,Pune DC,17-11-2025,772,0,0,772,0
INV003531,P023,Pune DC,24-11-2025,772,0,56,716,0
INV003532,P023,Pune DC,01-12-2025,716,0,36,680,0
INV003533,P023,Pune DC,08-12-2025,680,0,116,564,0
INV003534,P023,Pune DC,15-12-2025,564,241,0,805,0
INV003535,P023,Pune DC,22-12-2025,805,0,70,735,0
INV003536,P023,Pune DC,29-12-2025,735,0,99,636,0
INV003537,P023,Chennai DC,06-01-2025,397,0,33,364,0
INV003538,P023,Chennai DC,13-01-2025,364,0,63,301,0
INV003539,P023,Chennai DC,20-01-2025,301,0,0,301,0
INV003540,P023,Chennai DC,27-01-2025,301,189,87,403,0
INV003541,P023,Chennai DC,03-02-2025,403,0,50,353,0
INV003542,P023,Chennai DC,10-02-2025,353,0,83,270,0
INV003543,P023,Chennai DC,17-02-2025,270,0,0,270,0
INV003544,P023,Chennai DC,24-02-2025,270,0,90,180,0
INV003545,P023,Chennai DC,03-03-2025,180,0,0,180,0
INV003546,P023,Chennai DC,10-03-2025,180,150,95,235,0
INV003547,P023,Chennai DC,17-03-2025,235,0,0,235,0
INV003548,P023,Chennai DC,24-03-2025,235,0,81,154,0
INV003549,P023,Chennai DC,31-03-2025,154,193,0,347,0
INV003550,P023,Chennai DC,07-04-2025,347,0,0,347,0
INV003551,P023,Chennai DC,14-04-2025,347,0,0,347,0
INV003552,P023,Chennai DC,21-04-2025,347,0,61,286,0
INV003553,P023,Chennai DC,28-04-2025,286,0,160,126,0
INV003554,P023,Chennai DC,05-05-2025,126,0,89,37,0
INV003555,P023,Chennai DC,12-05-2025,37,185,0,222,0
INV003556,P023,Chennai DC,19-05-2025,222,0,57,165,0
INV003557,P023,Chennai DC,26-05-2025,165,0,0,165,0
INV003558,P023,Chennai DC,02-06-2025,165,0,0,165,0
INV003559,P023,Chennai DC,09-06-2025,165,245,0,410,0
INV003560,P023,Chennai DC,16-06-2025,410,0,51,359,0
INV003561,P023,Chennai DC,23-06-2025,359,0,79,280,0
INV003562,P023,Chennai DC,30-06-2025,280,135,130,285,0
INV003563,P023,Chennai DC,07-07-2025,285,0,38,247,0
INV003564,P023,Chennai DC,14-07-2025,247,0,47,200,0
INV003565,P023,Chennai DC,21-07-2025,200,0,63,137,0
INV003566,P023,Chennai DC,28-07-2025,137,235,0,372,0
INV003567,P023,Chennai DC,04-08-2025,372,0,27,345,0
INV003568,P023,Chennai DC,11-08-2025,345,0,0,345,0
INV003569,P023,Chennai DC,18-08-2025,345,202,28,519,0
INV003570,P023,Chennai DC,25-08-2025,519,0,0,519,0
INV003571,P023,Chennai DC,01-09-2025,519,0,0,519,0
INV003572,P023,Chennai DC,08-09-2025,519,0,90,429,0
INV003573,P023,Chennai DC,15-09-2025,429,0,39,390,0
INV003574,P023,Chennai DC,22-09-2025,390,0,0,390,0
INV003575,P023,Chennai DC,29-09-2025,390,161,90,461,0
INV003576,P023,Chennai DC,06-10-2025,461,0,0,461,0
INV003577,P023,Chennai DC,13-10-2025,461,0,27,434,0
INV003578,P023,Chennai DC,20-10-2025,434,221,52,603,0
INV003579,P023,Chennai DC,27-10-2025,603,0,0,603,0
INV003580,P023,Chennai DC,03-11-2025,603,0,0,603,0
INV003581,P023,Chennai DC,10-11-2025,603,243,0,846,0
INV003582,P023,Chennai DC,17-11-2025,846,0,0,846,0
INV003583,P023,Chennai DC,24-11-2025,846,0,43,803,0
INV003584,P023,Chennai DC,01-12-2025,803,0,59,744,0
INV003585,P023,Chennai DC,08-12-2025,744,0,0,744,0
INV003586,P023,Chennai DC,15-12-2025,744,241,63,922,0
INV003587,P023,Chennai DC,22-12-2025,922,0,0,922,0
INV003588,P023,Chennai DC,29-12-2025,922,0,0,922,0
INV003589,P024,Bengaluru DC,06-01-2025,229,0,76,153,0
INV003590,P024,Bengaluru DC,13-01-2025,153,0,0,153,0
INV003591,P024,Bengaluru DC,20-01-2025,153,0,0,153,0
INV003592,P024,Bengaluru DC,27-01-2025,153,0,30,123,0
INV003593,P024,Bengaluru DC,03-02-2025,123,0,23,100,0
INV003594,P024,Bengaluru DC,10-02-2025,100,120,0,220,0
INV003595,P024,Bengaluru DC,17-02-2025,220,0,58,162,0
INV003596,P024,Bengaluru DC,24-02-2025,162,0,0,162,0
INV003597,P024,Bengaluru DC,03-03-2025,162,0,80,82,0
INV003598,P024,Bengaluru DC,10-03-2025,82,123,44,161,0
INV003599,P024,Bengaluru DC,17-03-2025,161,0,27,134,0
INV003600,P024,Bengaluru DC,24-03-2025,134,0,22,112,0
INV003601,P024,Bengaluru DC,31-03-2025,112,0,0,112,0
INV003602,P024,Bengaluru DC,07-04-2025,112,0,0,112,0
INV003603,P024,Bengaluru DC,14-04-2025,112,104,0,216,0
INV003604,P024,Bengaluru DC,21-04-2025,216,0,0,216,0
INV003605,P024,Bengaluru DC,28-04-2025,216,0,0,216,0
INV003606,P024,Bengaluru DC,05-05-2025,216,0,26,190,0
INV003607,P024,Bengaluru DC,12-05-2025,190,0,0,190,0
INV003608,P024,Bengaluru DC,19-05-2025,190,75,0,265,0
INV003609,P024,Bengaluru DC,26-05-2025,265,0,0,265,0
INV003610,P024,Bengaluru DC,02-06-2025,265,0,75,190,0
INV003611,P024,Bengaluru DC,09-06-2025,190,0,32,158,0
INV003612,P024,Bengaluru DC,16-06-2025,158,0,0,158,0
INV003613,P024,Bengaluru DC,23-06-2025,158,109,25,242,0
INV003614,P024,Bengaluru DC,30-06-2025,242,0,48,194,0
INV003615,P024,Bengaluru DC,07-07-2025,194,0,0,194,0
INV003616,P024,Bengaluru DC,14-07-2025,194,106,19,281,0
INV003617,P024,Bengaluru DC,21-07-2025,281,0,69,212,0
INV003618,P024,Bengaluru DC,28-07-2025,212,0,48,164,0
INV003619,P024,Bengaluru DC,04-08-2025,164,105,0,269,0
INV003620,P024,Bengaluru DC,11-08-2025,269,0,0,269,0
INV003621,P024,Bengaluru DC,18-08-2025,269,0,64,205,0
INV003622,P024,Bengaluru DC,25-08-2025,205,0,0,205,0
INV003623,P024,Bengaluru DC,01-09-2025,205,129,64,270,0
INV003624,P024,Bengaluru DC,08-09-2025,270,0,70,200,0
INV003625,P024,Bengaluru DC,15-09-2025,200,0,0,200,0
INV003626,P024,Bengaluru DC,22-09-2025,200,0,0,200,0
INV003627,P024,Bengaluru DC,29-09-2025,200,0,67,133,0
INV003628,P024,Bengaluru DC,06-10-2025,133,0,0,133,0
INV003629,P024,Bengaluru DC,13-10-2025,133,128,22,239,0
INV003630,P024,Bengaluru DC,20-10-2025,239,0,88,151,0
INV003631,P024,Bengaluru DC,27-10-2025,151,0,73,78,0
INV003632,P024,Bengaluru DC,03-11-2025,78,0,0,78,0
INV003633,P024,Bengaluru DC,10-11-2025,78,77,54,101,0
INV003634,P024,Bengaluru DC,17-11-2025,101,0,0,101,0
INV003635,P024,Bengaluru DC,24-11-2025,101,0,36,65,0
INV003636,P024,Bengaluru DC,01-12-2025,65,78,23,120,0
INV003637,P024,Bengaluru DC,08-12-2025,120,0,0,120,0
INV003638,P024,Bengaluru DC,15-12-2025,120,0,0,120,0
INV003639,P024,Bengaluru DC,22-12-2025,120,107,43,184,0
INV003640,P024,Bengaluru DC,29-12-2025,184,0,49,135,0
INV003641,P024,Pune DC,06-01-2025,245,0,0,245,0
INV003642,P024,Pune DC,13-01-2025,245,0,77,168,0
INV003643,P024,Pune DC,20-01-2025,168,0,0,168,0
INV003644,P024,Pune DC,27-01-2025,168,0,40,128,0
INV003645,P024,Pune DC,03-02-2025,128,0,32,96,0
INV003646,P024,Pune DC,10-02-2025,96,120,52,164,0
INV003647,P024,Pune DC,17-02-2025,164,0,30,134,0
INV003648,P024,Pune DC,24-02-2025,134,0,0,134,0
INV003649,P024,Pune DC,03-03-2025,134,0,0,134,0
INV003650,P024,Pune DC,10-03-2025,134,123,0,257,0
INV003651,P024,Pune DC,17-03-2025,257,0,36,221,0
INV003652,P024,Pune DC,24-03-2025,221,0,56,165,0
INV003653,P024,Pune DC,31-03-2025,165,0,74,91,0
INV003654,P024,Pune DC,07-04-2025,91,0,85,6,0
INV003655,P024,Pune DC,14-04-2025,6,104,90,20,0
INV003656,P024,Pune DC,21-04-2025,20,0,81,0,61
INV003657,P024,Pune DC,28-04-2025,0,0,68,0,68
INV003658,P024,Pune DC,05-05-2025,0,0,42,0,42
INV003659,P024,Pune DC,12-05-2025,0,0,35,0,35
INV003660,P024,Pune DC,19-05-2025,0,75,88,0,13
INV003661,P024,Pune DC,26-05-2025,0,0,54,0,54
INV003662,P024,Pune DC,02-06-2025,0,0,0,0,0
INV003663,P024,Pune DC,09-06-2025,0,0,42,0,42
INV003664,P024,Pune DC,16-06-2025,0,0,0,0,0
INV003665,P024,Pune DC,23-06-2025,0,109,0,109,0
INV003666,P024,Pune DC,30-06-2025,109,0,34,75,0
INV003667,P024,Pune DC,07-07-2025,75,0,36,39,0
INV003668,P024,Pune DC,14-07-2025,39,106,31,114,0
INV003669,P024,Pune DC,21-07-2025,114,0,0,114,0
INV003670,P024,Pune DC,28-07-2025,114,0,19,95,0
INV003671,P024,Pune DC,04-08-2025,95,105,72,128,0
INV003672,P024,Pune DC,11-08-2025,128,0,15,113,0
INV003673,P024,Pune DC,18-08-2025,113,0,0,113,0
INV003674,P024,Pune DC,25-08-2025,113,0,62,51,0
INV003675,P024,Pune DC,01-09-2025,51,129,0,180,0
INV003676,P024,Pune DC,08-09-2025,180,0,0,180,0
INV003677,P024,Pune DC,15-09-2025,180,0,0,180,0
INV003678,P024,Pune DC,22-09-2025,180,0,40,140,0
INV003679,P024,Pune DC,29-09-2025,140,0,0,140,0
INV003680,P024,Pune DC,06-10-2025,140,0,62,78,0
INV003681,P024,Pune DC,13-10-2025,78,128,26,180,0
INV003682,P024,Pune DC,20-10-2025,180,0,0,180,0
INV003683,P024,Pune DC,27-10-2025,180,0,0,180,0
INV003684,P024,Pune DC,03-11-2025,180,0,68,112,0
INV003685,P024,Pune DC,10-11-2025,112,77,0,189,0
INV003686,P024,Pune DC,17-11-2025,189,0,75,114,0
INV003687,P024,Pune DC,24-11-2025,114,0,34,80,0
INV003688,P024,Pune DC,01-12-2025,80,78,0,158,0
INV003689,P024,Pune DC,08-12-2025,158,0,74,84,0
INV003690,P024,Pune DC,15-12-2025,84,0,84,0,0
INV003691,P024,Pune DC,22-12-2025,0,107,23,84,0
INV003692,P024,Pune DC,29-12-2025,84,0,0,84,0
INV003693,P024,Chennai DC,06-01-2025,240,0,0,240,0
INV003694,P024,Chennai DC,13-01-2025,240,0,0,240,0
INV003695,P024,Chennai DC,20-01-2025,240,0,60,180,0
INV003696,P024,Chennai DC,27-01-2025,180,0,0,180,0
INV003697,P024,Chennai DC,03-02-2025,180,0,0,180,0
INV003698,P024,Chennai DC,10-02-2025,180,120,16,284,0
INV003699,P024,Chennai DC,17-02-2025,284,0,0,284,0
INV003700,P024,Chennai DC,24-02-2025,284,0,79,205,0
INV003701,P024,Chennai DC,03-03-2025,205,0,0,205,0
INV003702,P024,Chennai DC,10-03-2025,205,123,41,287,0
INV003703,P024,Chennai DC,17-03-2025,287,0,32,255,0
INV003704,P024,Chennai DC,24-03-2025,255,0,0,255,0
INV003705,P024,Chennai DC,31-03-2025,255,0,0,255,0
INV003706,P024,Chennai DC,07-04-2025,255,0,0,255,0
INV003707,P024,Chennai DC,14-04-2025,255,104,0,359,0
INV003708,P024,Chennai DC,21-04-2025,359,0,0,359,0
INV003709,P024,Chennai DC,28-04-2025,359,0,0,359,0
INV003710,P024,Chennai DC,05-05-2025,359,0,0,359,0
INV003711,P024,Chennai DC,12-05-2025,359,0,38,321,0
INV003712,P024,Chennai DC,19-05-2025,321,75,0,396,0
INV003713,P024,Chennai DC,26-05-2025,396,0,32,364,0
INV003714,P024,Chennai DC,02-06-2025,364,0,0,364,0
INV003715,P024,Chennai DC,09-06-2025,364,0,0,364,0
INV003716,P024,Chennai DC,16-06-2025,364,0,72,292,0
INV003717,P024,Chennai DC,23-06-2025,292,109,56,345,0
INV003718,P024,Chennai DC,30-06-2025,345,0,0,345,0
INV003719,P024,Chennai DC,07-07-2025,345,0,40,305,0
INV003720,P024,Chennai DC,14-07-2025,305,106,28,383,0
INV003721,P024,Chennai DC,21-07-2025,383,0,0,383,0
INV003722,P024,Chennai DC,28-07-2025,383,0,0,383,0
INV003723,P024,Chennai DC,04-08-2025,383,105,0,488,0
INV003724,P024,Chennai DC,11-08-2025,488,0,43,445,0
INV003725,P024,Chennai DC,18-08-2025,445,0,0,445,0
INV003726,P024,Chennai DC,25-08-2025,445,0,0,445,0
INV003727,P024,Chennai DC,01-09-2025,445,129,0,574,0
INV003728,P024,Chennai DC,08-09-2025,574,0,0,574,0
INV003729,P024,Chennai DC,15-09-2025,574,0,66,508,0
INV003730,P024,Chennai DC,22-09-2025,508,0,32,476,0
INV003731,P024,Chennai DC,29-09-2025,476,0,0,476,0
INV003732,P024,Chennai DC,06-10-2025,476,0,0,476,0
INV003733,P024,Chennai DC,13-10-2025,476,128,29,575,0
INV003734,P024,Chennai DC,20-10-2025,575,0,0,575,0
INV003735,P024,Chennai DC,27-10-2025,575,0,0,575,0
INV003736,P024,Chennai DC,03-11-2025,575,0,0,575,0
INV003737,P024,Chennai DC,10-11-2025,575,77,21,631,0
INV003738,P024,Chennai DC,17-11-2025,631,0,0,631,0
INV003739,P024,Chennai DC,24-11-2025,631,0,0,631,0
INV003740,P024,Chennai DC,01-12-2025,631,78,43,666,0
INV003741,P024,Chennai DC,08-12-2025,666,0,0,666,0
INV003742,P024,Chennai DC,15-12-2025,666,0,0,666,0
INV003743,P024,Chennai DC,22-12-2025,666,107,0,773,0
INV003744,P024,Chennai DC,29-12-2025,773,0,30,743,0
INV003745,P025,Bengaluru DC,06-01-2025,31,0,12,19,0
INV003746,P025,Bengaluru DC,13-01-2025,19,0,15,4,0
INV003747,P025,Bengaluru DC,20-01-2025,4,0,0,4,0
INV003748,P025,Bengaluru DC,27-01-2025,4,0,6,0,2
INV003749,P025,Bengaluru DC,03-02-2025,0,14,2,12,0
INV003750,P025,Bengaluru DC,10-02-2025,12,0,0,12,0
INV003751,P025,Bengaluru DC,17-02-2025,12,0,4,8,0
INV003752,P025,Bengaluru DC,24-02-2025,8,0,0,8,0
INV003753,P025,Bengaluru DC,03-03-2025,8,18,0,26,0
INV003754,P025,Bengaluru DC,10-03-2025,26,0,16,10,0
INV003755,P025,Bengaluru DC,17-03-2025,10,0,12,0,2
INV003756,P025,Bengaluru DC,24-03-2025,0,0,0,0,0
INV003757,P025,Bengaluru DC,31-03-2025,0,0,8,0,8
INV003758,P025,Bengaluru DC,07-04-2025,0,0,6,0,6
INV003759,P025,Bengaluru DC,14-04-2025,0,16,0,16,0
INV003760,P025,Bengaluru DC,21-04-2025,16,0,0,16,0
INV003761,P025,Bengaluru DC,28-04-2025,16,0,7,9,0
INV003762,P025,Bengaluru DC,05-05-2025,9,0,3,6,0
INV003763,P025,Bengaluru DC,12-05-2025,6,0,0,6,0
INV003764,P025,Bengaluru DC,19-05-2025,6,0,3,3,0
INV003765,P025,Bengaluru DC,26-05-2025,3,18,1,20,0
INV003766,P025,Bengaluru DC,02-06-2025,20,0,20,0,0
INV003767,P025,Bengaluru DC,09-06-2025,0,0,0,0,0
INV003768,P025,Bengaluru DC,16-06-2025,0,0,4,0,4
INV003769,P025,Bengaluru DC,23-06-2025,0,0,0,0,0
INV003770,P025,Bengaluru DC,30-06-2025,0,17,3,14,0
INV003771,P025,Bengaluru DC,07-07-2025,14,0,12,2,0
INV003772,P025,Bengaluru DC,14-07-2025,2,0,0,2,0
INV003773,P025,Bengaluru DC,21-07-2025,2,0,0,2,0
INV003774,P025,Bengaluru DC,28-07-2025,2,0,0,2,0
INV003775,P025,Bengaluru DC,04-08-2025,2,16,0,18,0
INV003776,P025,Bengaluru DC,11-08-2025,18,0,4,14,0
INV003777,P025,Bengaluru DC,18-08-2025,14,0,0,14,0
INV003778,P025,Bengaluru DC,25-08-2025,14,0,0,14,0
INV003779,P025,Bengaluru DC,01-09-2025,14,0,0,14,0
INV003780,P025,Bengaluru DC,08-09-2025,14,11,5,20,0
INV003781,P025,Bengaluru DC,15-09-2025,20,0,0,20,0
INV003782,P025,Bengaluru DC,22-09-2025,20,0,0,20,0
INV003783,P025,Bengaluru DC,29-09-2025,20,0,2,18,0
INV003784,P025,Bengaluru DC,06-10-2025,18,0,0,18,0
INV003785,P025,Bengaluru DC,13-10-2025,18,11,0,29,0
INV003786,P025,Bengaluru DC,20-10-2025,29,0,0,29,0
INV003787,P025,Bengaluru DC,27-10-2025,29,0,10,19,0
INV003788,P025,Bengaluru DC,03-11-2025,19,13,0,32,0
INV003789,P025,Bengaluru DC,10-11-2025,32,0,0,32,0
INV003790,P025,Bengaluru DC,17-11-2025,32,0,3,29,0
INV003791,P025,Bengaluru DC,24-11-2025,29,0,0,29,0
INV003792,P025,Bengaluru DC,01-12-2025,29,14,8,35,0
INV003793,P025,Bengaluru DC,08-12-2025,35,0,0,35,0
INV003794,P025,Bengaluru DC,15-12-2025,35,0,0,35,0
INV003795,P025,Bengaluru DC,22-12-2025,35,0,0,35,0
INV003796,P025,Bengaluru DC,29-12-2025,35,10,0,45,0
INV003797,P025,Pune DC,06-01-2025,25,0,0,25,0
INV003798,P025,Pune DC,13-01-2025,25,0,0,25,0
INV003799,P025,Pune DC,20-01-2025,25,0,13,12,0
INV003800,P025,Pune DC,27-01-2025,12,0,6,6,0
INV003801,P025,Pune DC,03-02-2025,6,14,5,15,0
INV003802,P025,Pune DC,10-02-2025,15,0,4,11,0
INV003803,P025,Pune DC,17-02-2025,11,0,0,11,0
INV003804,P025,Pune DC,24-02-2025,11,0,5,6,0
INV003805,P025,Pune DC,03-03-2025,6,18,0,24,0
INV003806,P025,Pune DC,10-03-2025,24,0,0,24,0
INV003807,P025,Pune DC,17-03-2025,24,0,1,23,0
INV003808,P025,Pune DC,24-03-2025,23,0,7,16,0
INV003809,P025,Pune DC,31-03-2025,16,0,3,13,0
INV003810,P025,Pune DC,07-04-2025,13,0,4,9,0
INV003811,P025,Pune DC,14-04-2025,9,16,4,21,0
INV003812,P025,Pune DC,21-04-2025,21,0,14,7,0
INV003813,P025,Pune DC,28-04-2025,7,0,5,2,0
INV003814,P025,Pune DC,05-05-2025,2,0,7,0,5
INV003815,P025,Pune DC,12-05-2025,0,0,13,0,13
INV003816,P025,Pune DC,19-05-2025,0,0,0,0,0
INV003817,P025,Pune DC,26-05-2025,0,18,6,12,0
INV003818,P025,Pune DC,02-06-2025,12,0,0,12,0
INV003819,P025,Pune DC,09-06-2025,12,0,0,12,0
INV003820,P025,Pune DC,16-06-2025,12,0,0,12,0
INV003821,P025,Pune DC,23-06-2025,12,0,12,0,0
INV003822,P025,Pune DC,30-06-2025,0,17,0,17,0
INV003823,P025,Pune DC,07-07-2025,17,0,0,17,0
INV003824,P025,Pune DC,14-07-2025,17,0,8,9,0
INV003825,P025,Pune DC,21-07-2025,9,0,9,0,0
INV003826,P025,Pune DC,28-07-2025,0,0,8,0,8
INV003827,P025,Pune DC,04-08-2025,0,16,11,5,0
INV003828,P025,Pune DC,11-08-2025,5,0,3,2,0
INV003829,P025,Pune DC,18-08-2025,2,0,2,0,0
INV003830,P025,Pune DC,25-08-2025,0,0,8,0,8
INV003831,P025,Pune DC,01-09-2025,0,0,4,0,4
INV003832,P025,Pune DC,08-09-2025,0,11,0,11,0
INV003833,P025,Pune DC,15-09-2025,11,0,5,6,0
INV003834,P025,Pune DC,22-09-2025,6,0,9,0,3
INV003835,P025,Pune DC,29-09-2025,0,0,0,0,0
INV003836,P025,Pune DC,06-10-2025,0,0,5,0,5
INV003837,P025,Pune DC,13-10-2025,0,11,11,0,0
INV003838,P025,Pune DC,20-10-2025,0,0,9,0,9
INV003839,P025,Pune DC,27-10-2025,0,0,0,0,0
INV003840,P025,Pune DC,03-11-2025,0,13,0,13,0
INV003841,P025,Pune DC,10-11-2025,13,0,0,13,0
INV003842,P025,Pune DC,17-11-2025,13,0,6,7,0
INV003843,P025,Pune DC,24-11-2025,7,0,12,0,5
INV003844,P025,Pune DC,01-12-2025,0,14,0,14,0
INV003845,P025,Pune DC,08-12-2025,14,0,21,0,7
INV003846,P025,Pune DC,15-12-2025,0,0,0,0,0
INV003847,P025,Pune DC,22-12-2025,0,0,0,0,0
INV003848,P025,Pune DC,29-12-2025,0,10,0,10,0
INV003849,P025,Chennai DC,06-01-2025,38,0,0,38,0
INV003850,P025,Chennai DC,13-01-2025,38,0,5,33,0
INV003851,P025,Chennai DC,20-01-2025,33,0,0,33,0
INV003852,P025,Chennai DC,27-01-2025,33,0,0,33,0
INV003853,P025,Chennai DC,03-02-2025,33,14,6,41,0
INV003854,P025,Chennai DC,10-02-2025,41,0,0,41,0
INV003855,P025,Chennai DC,17-02-2025,41,0,5,36,0
INV003856,P025,Chennai DC,24-02-2025,36,0,5,31,0
INV003857,P025,Chennai DC,03-03-2025,31,18,11,38,0
INV003858,P025,Chennai DC,10-03-2025,38,0,0,38,0
INV003859,P025,Chennai DC,17-03-2025,38,0,0,38,0
INV003860,P025,Chennai DC,24-03-2025,38,0,0,38,0
INV003861,P025,Chennai DC,31-03-2025,38,0,0,38,0
INV003862,P025,Chennai DC,07-04-2025,38,0,0,38,0
INV003863,P025,Chennai DC,14-04-2025,38,16,9,45,0
INV003864,P025,Chennai DC,21-04-2025,45,0,0,45,0
INV003865,P025,Chennai DC,28-04-2025,45,0,0,45,0
INV003866,P025,Chennai DC,05-05-2025,45,0,0,45,0
INV003867,P025,Chennai DC,12-05-2025,45,0,0,45,0
INV003868,P025,Chennai DC,19-05-2025,45,0,4,41,0
INV003869,P025,Chennai DC,26-05-2025,41,18,1,58,0
INV003870,P025,Chennai DC,02-06-2025,58,0,0,58,0
INV003871,P025,Chennai DC,09-06-2025,58,0,12,46,0
INV003872,P025,Chennai DC,16-06-2025,46,0,1,45,0
INV003873,P025,Chennai DC,23-06-2025,45,0,0,45,0
INV003874,P025,Chennai DC,30-06-2025,45,17,1,61,0
INV003875,P025,Chennai DC,07-07-2025,61,0,0,61,0
INV003876,P025,Chennai DC,14-07-2025,61,0,3,58,0
INV003877,P025,Chennai DC,21-07-2025,58,0,9,49,0
INV003878,P025,Chennai DC,28-07-2025,49,0,5,44,0
INV003879,P025,Chennai DC,04-08-2025,44,16,0,60,0
INV003880,P025,Chennai DC,11-08-2025,60,0,4,56,0
INV003881,P025,Chennai DC,18-08-2025,56,0,10,46,0
INV003882,P025,Chennai DC,25-08-2025,46,0,0,46,0
INV003883,P025,Chennai DC,01-09-2025,46,0,1,45,0
INV003884,P025,Chennai DC,08-09-2025,45,11,1,55,0
INV003885,P025,Chennai DC,15-09-2025,55,0,6,49,0
INV003886,P025,Chennai DC,22-09-2025,49,0,0,49,0
INV003887,P025,Chennai DC,29-09-2025,49,0,2,47,0
INV003888,P025,Chennai DC,06-10-2025,47,0,7,40,0
INV003889,P025,Chennai DC,13-10-2025,40,11,0,51,0
INV003890,P025,Chennai DC,20-10-2025,51,0,0,51,0
INV003891,P025,Chennai DC,27-10-2025,51,0,0,51,0
INV003892,P025,Chennai DC,03-11-2025,51,13,4,60,0
INV003893,P025,Chennai DC,10-11-2025,60,0,14,46,0
INV003894,P025,Chennai DC,17-11-2025,46,0,0,46,0
INV003895,P025,Chennai DC,24-11-2025,46,0,0,46,0
INV003896,P025,Chennai DC,01-12-2025,46,14,0,60,0
INV003897,P025,Chennai DC,08-12-2025,60,0,0,60,0
INV003898,P025,Chennai DC,15-12-2025,60,0,10,50,0
INV003899,P025,Chennai DC,22-12-2025,50,0,11,39,0
INV003900,P025,Chennai DC,29-12-2025,39,10,16,33,0
INV003901,P026,Bengaluru DC,06-01-2025,840,0,0,840,0
INV003902,P026,Bengaluru DC,13-01-2025,840,0,129,711,0
INV003903,P026,Bengaluru DC,20-01-2025,711,0,107,604,0
INV003904,P026,Bengaluru DC,27-01-2025,604,455,158,901,0
INV003905,P026,Bengaluru DC,03-02-2025,901,0,136,765,0
INV003906,P026,Bengaluru DC,10-02-2025,765,0,0,765,0
INV003907,P026,Bengaluru DC,17-02-2025,765,0,354,411,0
INV003908,P026,Bengaluru DC,24-02-2025,411,0,325,86,0
INV003909,P026,Bengaluru DC,03-03-2025,86,0,350,0,264
INV003910,P026,Bengaluru DC,10-03-2025,0,403,260,143,0
INV003911,P026,Bengaluru DC,17-03-2025,143,0,235,0,92
INV003912,P026,Bengaluru DC,24-03-2025,0,0,0,0,0
INV003913,P026,Bengaluru DC,31-03-2025,0,502,178,324,0
INV003914,P026,Bengaluru DC,07-04-2025,324,0,0,324,0
INV003915,P026,Bengaluru DC,14-04-2025,324,0,231,93,0
INV003916,P026,Bengaluru DC,21-04-2025,93,326,0,419,0
INV003917,P026,Bengaluru DC,28-04-2025,419,0,244,175,0
INV003918,P026,Bengaluru DC,05-05-2025,175,0,0,175,0
INV003919,P026,Bengaluru DC,12-05-2025,175,0,124,51,0
INV003920,P026,Bengaluru DC,19-05-2025,51,0,345,0,294
INV003921,P026,Bengaluru DC,26-05-2025,0,504,0,504,0
INV003922,P026,Bengaluru DC,02-06-2025,504,0,0,504,0
INV003923,P026,Bengaluru DC,09-06-2025,504,0,163,341,0
INV003924,P026,Bengaluru DC,16-06-2025,341,437,161,617,0
INV003925,P026,Bengaluru DC,23-06-2025,617,0,117,500,0
INV003926,P026,Bengaluru DC,30-06-2025,500,0,0,500,0
INV003927,P026,Bengaluru DC,07-07-2025,500,506,0,1006,0
INV003928,P026,Bengaluru DC,14-07-2025,1006,0,0,1006,0
INV003929,P026,Bengaluru DC,21-07-2025,1006,0,276,730,0
INV003930,P026,Bengaluru DC,28-07-2025,730,0,0,730,0
INV003931,P026,Bengaluru DC,04-08-2025,730,357,110,977,0
INV003932,P026,Bengaluru DC,11-08-2025,977,0,0,977,0
INV003933,P026,Bengaluru DC,18-08-2025,977,0,0,977,0
INV003934,P026,Bengaluru DC,25-08-2025,977,475,110,1342,0
INV003935,P026,Bengaluru DC,01-09-2025,1342,0,0,1342,0
INV003936,P026,Bengaluru DC,08-09-2025,1342,0,0,1342,0
INV003937,P026,Bengaluru DC,15-09-2025,1342,0,0,1342,0
INV003938,P026,Bengaluru DC,22-09-2025,1342,0,0,1342,0
INV003939,P026,Bengaluru DC,29-09-2025,1342,0,0,1342,0
INV003940,P026,Bengaluru DC,06-10-2025,1342,0,0,1342,0
INV003941,P026,Bengaluru DC,13-10-2025,1342,537,0,1879,0
INV003942,P026,Bengaluru DC,20-10-2025,1879,0,68,1811,0
INV003943,P026,Bengaluru DC,27-10-2025,1811,0,0,1811,0
INV003944,P026,Bengaluru DC,03-11-2025,1811,0,219,1592,0
INV003945,P026,Bengaluru DC,10-11-2025,1592,0,0,1592,0
INV003946,P026,Bengaluru DC,17-11-2025,1592,0,0,1592,0
INV003947,P026,Bengaluru DC,24-11-2025,1592,296,234,1654,0
INV003948,P026,Bengaluru DC,01-12-2025,1654,0,79,1575,0
INV003949,P026,Bengaluru DC,08-12-2025,1575,0,70,1505,0
INV003950,P026,Bengaluru DC,15-12-2025,1505,0,146,1359,0
INV003951,P026,Bengaluru DC,22-12-2025,1359,0,170,1189,0
INV003952,P026,Bengaluru DC,29-12-2025,1189,0,0,1189,0
INV003953,P026,Pune DC,06-01-2025,914,0,121,793,0
INV003954,P026,Pune DC,13-01-2025,793,0,141,652,0
INV003955,P026,Pune DC,20-01-2025,652,0,192,460,0
INV003956,P026,Pune DC,27-01-2025,460,455,0,915,0
INV003957,P026,Pune DC,03-02-2025,915,0,0,915,0
INV003958,P026,Pune DC,10-02-2025,915,0,0,915,0
INV003959,P026,Pune DC,17-02-2025,915,0,0,915,0
INV003960,P026,Pune DC,24-02-2025,915,0,0,915,0
INV003961,P026,Pune DC,03-03-2025,915,0,0,915,0
INV003962,P026,Pune DC,10-03-2025,915,403,122,1196,0
INV003963,P026,Pune DC,17-03-2025,1196,0,126,1070,0
INV003964,P026,Pune DC,24-03-2025,1070,0,247,823,0
INV003965,P026,Pune DC,31-03-2025,823,502,0,1325,0
INV003966,P026,Pune DC,07-04-2025,1325,0,0,1325,0
INV003967,P026,Pune DC,14-04-2025,1325,0,0,1325,0
INV003968,P026,Pune DC,21-04-2025,1325,326,205,1446,0
INV003969,P026,Pune DC,28-04-2025,1446,0,0,1446,0
INV003970,P026,Pune DC,05-05-2025,1446,0,341,1105,0
INV003971,P026,Pune DC,12-05-2025,1105,0,252,853,0
INV003972,P026,Pune DC,19-05-2025,853,0,0,853,0
INV003973,P026,Pune DC,26-05-2025,853,504,171,1186,0
INV003974,P026,Pune DC,02-06-2025,1186,0,346,840,0
INV003975,P026,Pune DC,09-06-2025,840,0,0,840,0
INV003976,P026,Pune DC,16-06-2025,840,437,157,1120,0
INV003977,P026,Pune DC,23-06-2025,1120,0,205,915,0
INV003978,P026,Pune DC,30-06-2025,915,0,298,617,0
INV003979,P026,Pune DC,07-07-2025,617,506,0,1123,0
INV003980,P026,Pune DC,14-07-2025,1123,0,100,1023,0
INV003981,P026,Pune DC,21-07-2025,1023,0,0,1023,0
INV003982,P026,Pune DC,28-07-2025,1023,0,0,1023,0
INV003983,P026,Pune DC,04-08-2025,1023,357,0,1380,0
INV003984,P026,Pune DC,11-08-2025,1380,0,234,1146,0
INV003985,P026,Pune DC,18-08-2025,1146,0,248,898,0
INV003986,P026,Pune DC,25-08-2025,898,475,114,1259,0
INV003987,P026,Pune DC,01-09-2025,1259,0,202,1057,0
INV003988,P026,Pune DC,08-09-2025,1057,0,210,847,0
INV003989,P026,Pune DC,15-09-2025,847,0,216,631,0
INV003990,P026,Pune DC,22-09-2025,631,0,222,409,0
INV003991,P026,Pune DC,29-09-2025,409,0,197,212,0
INV003992,P026,Pune DC,06-10-2025,212,0,204,8,0
INV003993,P026,Pune DC,13-10-2025,8,537,0,545,0
INV003994,P026,Pune DC,20-10-2025,545,0,74,471,0
INV003995,P026,Pune DC,27-10-2025,471,0,101,370,0
INV003996,P026,Pune DC,03-11-2025,370,0,0,370,0
INV003997,P026,Pune DC,10-11-2025,370,0,229,141,0
INV003998,P026,Pune DC,17-11-2025,141,0,117,24,0
INV003999,P026,Pune DC,24-11-2025,24,296,0,320,0
INV004000,P026,Pune DC,01-12-2025,320,0,73,247,0
INV004001,P026,Pune DC,08-12-2025,247,0,79,168,0
INV004002,P026,Pune DC,15-12-2025,168,0,131,37,0
INV004003,P026,Pune DC,22-12-2025,37,0,0,37,0
INV004004,P026,Pune DC,29-12-2025,37,0,293,0,256
INV004005,P026,Chennai DC,06-01-2025,762,0,151,611,0
INV004006,P026,Chennai DC,13-01-2025,611,0,0,611,0
INV004007,P026,Chennai DC,20-01-2025,611,0,0,611,0
INV004008,P026,Chennai DC,27-01-2025,611,455,134,932,0
INV004009,P026,Chennai DC,03-02-2025,932,0,146,786,0
INV004010,P026,Chennai DC,10-02-2025,786,0,329,457,0
INV004011,P026,Chennai DC,17-02-2025,457,0,0,457,0
INV004012,P026,Chennai DC,24-02-2025,457,0,0,457,0
INV004013,P026,Chennai DC,03-03-2025,457,0,0,457,0
INV004014,P026,Chennai DC,10-03-2025,457,403,0,860,0
INV004015,P026,Chennai DC,17-03-2025,860,0,0,860,0
INV004016,P026,Chennai DC,24-03-2025,860,0,112,748,0
INV004017,P026,Chennai DC,31-03-2025,748,502,197,1053,0
INV004018,P026,Chennai DC,07-04-2025,1053,0,343,710,0
INV004019,P026,Chennai DC,14-04-2025,710,0,127,583,0
INV004020,P026,Chennai DC,21-04-2025,583,326,100,809,0
INV004021,P026,Chennai DC,28-04-2025,809,0,137,672,0
INV004022,P026,Chennai DC,05-05-2025,672,0,0,672,0
INV004023,P026,Chennai DC,12-05-2025,672,0,0,672,0
INV004024,P026,Chennai DC,19-05-2025,672,0,0,672,0
INV004025,P026,Chennai DC,26-05-2025,672,504,173,1003,0
INV004026,P026,Chennai DC,02-06-2025,1003,0,0,1003,0
INV004027,P026,Chennai DC,09-06-2025,1003,0,160,843,0
INV004028,P026,Chennai DC,16-06-2025,843,437,0,1280,0
INV004029,P026,Chennai DC,23-06-2025,1280,0,0,1280,0
INV004030,P026,Chennai DC,30-06-2025,1280,0,0,1280,0
INV004031,P026,Chennai DC,07-07-2025,1280,506,295,1491,0
INV004032,P026,Chennai DC,14-07-2025,1491,0,178,1313,0
INV004033,P026,Chennai DC,21-07-2025,1313,0,0,1313,0
INV004034,P026,Chennai DC,28-07-2025,1313,0,252,1061,0
INV004035,P026,Chennai DC,04-08-2025,1061,357,134,1284,0
INV004036,P026,Chennai DC,11-08-2025,1284,0,0,1284,0
INV004037,P026,Chennai DC,18-08-2025,1284,0,0,1284,0
INV004038,P026,Chennai DC,25-08-2025,1284,475,0,1759,0
INV004039,P026,Chennai DC,01-09-2025,1759,0,0,1759,0
INV004040,P026,Chennai DC,08-09-2025,1759,0,0,1759,0
INV004041,P026,Chennai DC,15-09-2025,1759,0,0,1759,0
INV004042,P026,Chennai DC,22-09-2025,1759,0,0,1759,0
INV004043,P026,Chennai DC,29-09-2025,1759,0,0,1759,0
INV004044,P026,Chennai DC,06-10-2025,1759,0,0,1759,0
INV004045,P026,Chennai DC,13-10-2025,1759,537,205,2091,0
INV004046,P026,Chennai DC,20-10-2025,2091,0,66,2025,0
INV004047,P026,Chennai DC,27-10-2025,2025,0,84,1941,0
INV004048,P026,Chennai DC,03-11-2025,1941,0,0,1941,0
INV004049,P026,Chennai DC,10-11-2025,1941,0,0,1941,0
INV004050,P026,Chennai DC,17-11-2025,1941,0,117,1824,0
INV004051,P026,Chennai DC,24-11-2025,1824,296,0,2120,0
INV004052,P026,Chennai DC,01-12-2025,2120,0,78,2042,0
INV004053,P026,Chennai DC,08-12-2025,2042,0,87,1955,0
INV004054,P026,Chennai DC,15-12-2025,1955,0,0,1955,0
INV004055,P026,Chennai DC,22-12-2025,1955,0,157,1798,0
INV004056,P026,Chennai DC,29-12-2025,1798,0,0,1798,0
INV004057,P027,Bengaluru DC,06-01-2025,63,0,0,63,0
INV004058,P027,Bengaluru DC,13-01-2025,63,0,11,52,0
INV004059,P027,Bengaluru DC,20-01-2025,52,0,12,40,0
INV004060,P027,Bengaluru DC,27-01-2025,40,34,0,74,0
INV004061,P027,Bengaluru DC,03-02-2025,74,0,9,65,0
INV004062,P027,Bengaluru DC,10-02-2025,65,0,7,58,0
INV004063,P027,Bengaluru DC,17-02-2025,58,25,7,76,0
INV004064,P027,Bengaluru DC,24-02-2025,76,0,0,76,0
INV004065,P027,Bengaluru DC,03-03-2025,76,0,11,65,0
INV004066,P027,Bengaluru DC,10-03-2025,65,0,0,65,0
INV004067,P027,Bengaluru DC,17-03-2025,65,0,10,55,0
INV004068,P027,Bengaluru DC,24-03-2025,55,0,0,55,0
INV004069,P027,Bengaluru DC,31-03-2025,55,29,17,67,0
INV004070,P027,Bengaluru DC,07-04-2025,67,0,0,67,0
INV004071,P027,Bengaluru DC,14-04-2025,67,0,0,67,0
INV004072,P027,Bengaluru DC,21-04-2025,67,36,0,103,0
INV004073,P027,Bengaluru DC,28-04-2025,103,0,0,103,0
INV004074,P027,Bengaluru DC,05-05-2025,103,0,0,103,0
INV004075,P027,Bengaluru DC,12-05-2025,103,0,0,103,0
INV004076,P027,Bengaluru DC,19-05-2025,103,0,6,97,0
INV004077,P027,Bengaluru DC,26-05-2025,97,32,11,118,0
INV004078,P027,Bengaluru DC,02-06-2025,118,0,0,118,0
INV004079,P027,Bengaluru DC,09-06-2025,118,0,19,99,0
INV004080,P027,Bengaluru DC,16-06-2025,99,0,0,99,0
INV004081,P027,Bengaluru DC,23-06-2025,99,0,0,99,0
INV004082,P027,Bengaluru DC,30-06-2025,99,31,0,130,0
INV004083,P027,Bengaluru DC,07-07-2025,130,0,6,124,0
INV004084,P027,Bengaluru DC,14-07-2025,124,0,7,117,0
INV004085,P027,Bengaluru DC,21-07-2025,117,0,10,107,0
INV004086,P027,Bengaluru DC,28-07-2025,107,0,10,97,0
INV004087,P027,Bengaluru DC,04-08-2025,97,0,10,87,0
INV004088,P027,Bengaluru DC,11-08-2025,87,33,13,107,0
INV004089,P027,Bengaluru DC,18-08-2025,107,0,8,99,0
INV004090,P027,Bengaluru DC,25-08-2025,99,0,0,99,0
INV004091,P027,Bengaluru DC,01-09-2025,99,20,0,119,0
INV004092,P027,Bengaluru DC,08-09-2025,119,0,0,119,0
INV004093,P027,Bengaluru DC,15-09-2025,119,0,4,115,0
INV004094,P027,Bengaluru DC,22-09-2025,115,22,0,137,0
INV004095,P027,Bengaluru DC,29-09-2025,137,0,13,124,0
INV004096,P027,Bengaluru DC,06-10-2025,124,0,0,124,0
INV004097,P027,Bengaluru DC,13-10-2025,124,0,12,112,0
INV004098,P027,Bengaluru DC,20-10-2025,112,0,11,101,0
INV004099,P027,Bengaluru DC,27-10-2025,101,20,4,117,0
INV004100,P027,Bengaluru DC,03-11-2025,117,0,0,117,0
INV004101,P027,Bengaluru DC,10-11-2025,117,35,0,152,0
INV004102,P027,Bengaluru DC,17-11-2025,152,0,0,152,0
INV004103,P027,Bengaluru DC,24-11-2025,152,0,16,136,0
INV004104,P027,Bengaluru DC,01-12-2025,136,0,0,136,0
INV004105,P027,Bengaluru DC,08-12-2025,136,0,6,130,0
INV004106,P027,Bengaluru DC,15-12-2025,130,35,0,165,0
INV004107,P027,Bengaluru DC,22-12-2025,165,0,0,165,0
INV004108,P027,Bengaluru DC,29-12-2025,165,0,5,160,0
INV004109,P027,Pune DC,06-01-2025,57,0,29,28,0
INV004110,P027,Pune DC,13-01-2025,28,0,6,22,0
INV004111,P027,Pune DC,20-01-2025,22,0,14,8,0
INV004112,P027,Pune DC,27-01-2025,8,34,0,42,0
INV004113,P027,Pune DC,03-02-2025,42,0,6,36,0
INV004114,P027,Pune DC,10-02-2025,36,0,14,22,0
INV004115,P027,Pune DC,17-02-2025,22,25,14,33,0
INV004116,P027,Pune DC,24-02-2025,33,0,0,33,0
INV004117,P027,Pune DC,03-03-2025,33,0,0,33,0
INV004118,P027,Pune DC,10-03-2025,33,0,7,26,0
INV004119,P027,Pune DC,17-03-2025,26,0,0,26,0
INV004120,P027,Pune DC,24-03-2025,26,0,24,2,0
INV004121,P027,Pune DC,31-03-2025,2,29,7,24,0
INV004122,P027,Pune DC,07-04-2025,24,0,22,2,0
INV004123,P027,Pune DC,14-04-2025,2,0,15,0,13
INV004124,P027,Pune DC,21-04-2025,0,36,27,9,0
INV004125,P027,Pune DC,28-04-2025,9,0,0,9,0
INV004126,P027,Pune DC,05-05-2025,9,0,11,0,2
INV004127,P027,Pune DC,12-05-2025,0,0,0,0,0
INV004128,P027,Pune DC,19-05-2025,0,0,6,0,6
INV004129,P027,Pune DC,26-05-2025,0,32,0,32,0
INV004130,P027,Pune DC,02-06-2025,32,0,14,18,0
INV004131,P027,Pune DC,09-06-2025,18,0,0,18,0
INV004132,P027,Pune DC,16-06-2025,18,0,0,18,0
INV004133,P027,Pune DC,23-06-2025,18,0,0,18,0
INV004134,P027,Pune DC,30-06-2025,18,31,0,49,0
INV004135,P027,Pune DC,07-07-2025,49,0,10,39,0
INV004136,P027,Pune DC,14-07-2025,39,0,10,29,0
INV004137,P027,Pune DC,21-07-2025,29,0,5,24,0
INV004138,P027,Pune DC,28-07-2025,24,0,9,15,0
INV004139,P027,Pune DC,04-08-2025,15,0,0,15,0
INV004140,P027,Pune DC,11-08-2025,15,33,0,48,0
INV004141,P027,Pune DC,18-08-2025,48,0,0,48,0
INV004142,P027,Pune DC,25-08-2025,48,0,0,48,0
INV004143,P027,Pune DC,01-09-2025,48,20,18,50,0
INV004144,P027,Pune DC,08-09-2025,50,0,5,45,0
INV004145,P027,Pune DC,15-09-2025,45,0,6,39,0
INV004146,P027,Pune DC,22-09-2025,39,22,10,51,0
INV004147,P027,Pune DC,29-09-2025,51,0,0,51,0
INV004148,P027,Pune DC,06-10-2025,51,0,0,51,0
INV004149,P027,Pune DC,13-10-2025,51,0,6,45,0
INV004150,P027,Pune DC,20-10-2025,45,0,0,45,0
INV004151,P027,Pune DC,27-10-2025,45,20,10,55,0
INV004152,P027,Pune DC,03-11-2025,55,0,6,49,0
INV004153,P027,Pune DC,10-11-2025,49,35,18,66,0
INV004154,P027,Pune DC,17-11-2025,66,0,0,66,0
INV004155,P027,Pune DC,24-11-2025,66,0,0,66,0
INV004156,P027,Pune DC,01-12-2025,66,0,0,66,0
INV004157,P027,Pune DC,08-12-2025,66,0,0,66,0
INV004158,P027,Pune DC,15-12-2025,66,35,13,88,0
INV004159,P027,Pune DC,22-12-2025,88,0,16,72,0
INV004160,P027,Pune DC,29-12-2025,72,0,5,67,0
INV004161,P027,Chennai DC,06-01-2025,77,0,0,77,0
INV004162,P027,Chennai DC,13-01-2025,77,0,0,77,0
INV004163,P027,Chennai DC,20-01-2025,77,0,0,77,0
INV004164,P027,Chennai DC,27-01-2025,77,34,28,83,0
INV004165,P027,Chennai DC,03-02-2025,83,0,7,76,0
INV004166,P027,Chennai DC,10-02-2025,76,0,0,76,0
INV004167,P027,Chennai DC,17-02-2025,76,25,0,101,0
INV004168,P027,Chennai DC,24-02-2025,101,0,19,82,0
INV004169,P027,Chennai DC,03-03-2025,82,0,11,71,0
INV004170,P027,Chennai DC,10-03-2025,71,0,20,51,0
INV004171,P027,Chennai DC,17-03-2025,51,0,10,41,0
INV004172,P027,Chennai DC,24-03-2025,41,0,0,41,0
INV004173,P027,Chennai DC,31-03-2025,41,29,0,70,0
INV004174,P027,Chennai DC,07-04-2025,70,0,0,70,0
INV004175,P027,Chennai DC,14-04-2025,70,0,3,67,0
INV004176,P027,Chennai DC,21-04-2025,67,36,0,103,0
INV004177,P027,Chennai DC,28-04-2025,103,0,17,86,0
INV004178,P027,Chennai DC,05-05-2025,86,0,9,77,0
INV004179,P027,Chennai DC,12-05-2025,77,0,26,51,0
INV004180,P027,Chennai DC,19-05-2025,51,0,9,42,0
INV004181,P027,Chennai DC,26-05-2025,42,32,7,67,0
INV004182,P027,Chennai DC,02-06-2025,67,0,0,67,0
INV004183,P027,Chennai DC,09-06-2025,67,0,12,55,0
INV004184,P027,Chennai DC,16-06-2025,55,0,26,29,0
INV004185,P027,Chennai DC,23-06-2025,29,0,20,9,0
INV004186,P027,Chennai DC,30-06-2025,9,31,15,25,0
INV004187,P027,Chennai DC,07-07-2025,25,0,0,25,0
INV004188,P027,Chennai DC,14-07-2025,25,0,0,25,0
INV004189,P027,Chennai DC,21-07-2025,25,0,0,25,0
INV004190,P027,Chennai DC,28-07-2025,25,0,0,25,0
INV004191,P027,Chennai DC,04-08-2025,25,0,0,25,0
INV004192,P027,Chennai DC,11-08-2025,25,33,0,58,0
INV004193,P027,Chennai DC,18-08-2025,58,0,0,58,0
INV004194,P027,Chennai DC,25-08-2025,58,0,9,49,0
INV004195,P027,Chennai DC,01-09-2025,49,20,0,69,0
INV004196,P027,Chennai DC,08-09-2025,69,0,13,56,0
INV004197,P027,Chennai DC,15-09-2025,56,0,0,56,0
INV004198,P027,Chennai DC,22-09-2025,56,22,0,78,0
INV004199,P027,Chennai DC,29-09-2025,78,0,0,78,0
INV004200,P027,Chennai DC,06-10-2025,78,0,17,61,0
INV004201,P027,Chennai DC,13-10-2025,61,0,0,61,0
INV004202,P027,Chennai DC,20-10-2025,61,0,0,61,0
INV004203,P027,Chennai DC,27-10-2025,61,20,0,81,0
INV004204,P027,Chennai DC,03-11-2025,81,0,0,81,0
INV004205,P027,Chennai DC,10-11-2025,81,35,0,116,0
INV004206,P027,Chennai DC,17-11-2025,116,0,13,103,0
INV004207,P027,Chennai DC,24-11-2025,103,0,0,103,0
INV004208,P027,Chennai DC,01-12-2025,103,0,9,94,0
INV004209,P027,Chennai DC,08-12-2025,94,0,7,87,0
INV004210,P027,Chennai DC,15-12-2025,87,35,0,122,0
INV004211,P027,Chennai DC,22-12-2025,122,0,0,122,0
INV004212,P027,Chennai DC,29-12-2025,122,0,4,118,0
INV004213,P028,Bengaluru DC,06-01-2025,336,0,0,336,0
INV004214,P028,Bengaluru DC,13-01-2025,336,106,0,442,0
INV004215,P028,Bengaluru DC,20-01-2025,442,0,89,353,0
INV004216,P028,Bengaluru DC,27-01-2025,353,0,0,353,0
INV004217,P028,Bengaluru DC,03-02-2025,353,0,0,353,0
INV004218,P028,Bengaluru DC,10-02-2025,353,0,0,353,0
INV004219,P028,Bengaluru DC,17-02-2025,353,0,0,353,0
INV004220,P028,Bengaluru DC,24-02-2025,353,103,56,400,0
INV004221,P028,Bengaluru DC,03-03-2025,400,0,116,284,0
INV004222,P028,Bengaluru DC,10-03-2025,284,0,0,284,0
INV004223,P028,Bengaluru DC,17-03-2025,284,0,34,250,0
INV004224,P028,Bengaluru DC,24-03-2025,250,151,0,401,0
INV004225,P028,Bengaluru DC,31-03-2025,401,0,68,333,0
INV004226,P028,Bengaluru DC,07-04-2025,333,0,0,333,0
INV004227,P028,Bengaluru DC,14-04-2025,333,104,58,379,0
INV004228,P028,Bengaluru DC,21-04-2025,379,0,0,379,0
INV004229,P028,Bengaluru DC,28-04-2025,379,0,44,335,0
INV004230,P028,Bengaluru DC,05-05-2025,335,128,0,463,0
INV004231,P028,Bengaluru DC,12-05-2025,463,0,0,463,0
INV004232,P028,Bengaluru DC,19-05-2025,463,0,40,423,0
INV004233,P028,Bengaluru DC,26-05-2025,423,0,0,423,0
INV004234,P028,Bengaluru DC,02-06-2025,423,163,0,586,0
INV004235,P028,Bengaluru DC,09-06-2025,586,0,91,495,0
INV004236,P028,Bengaluru DC,16-06-2025,495,0,110,385,0
INV004237,P028,Bengaluru DC,23-06-2025,385,0,0,385,0
INV004238,P028,Bengaluru DC,30-06-2025,385,0,102,283,0
INV004239,P028,Bengaluru DC,07-07-2025,283,105,0,388,0
INV004240,P028,Bengaluru DC,14-07-2025,388,0,53,335,0
INV004241,P028,Bengaluru DC,21-07-2025,335,0,0,335,0
INV004242,P028,Bengaluru DC,28-07-2025,335,101,0,436,0
INV004243,P028,Bengaluru DC,04-08-2025,436,0,34,402,0
INV004244,P028,Bengaluru DC,11-08-2025,402,0,0,402,0
INV004245,P028,Bengaluru DC,18-08-2025,402,0,0,402,0
INV004246,P028,Bengaluru DC,25-08-2025,402,0,0,402,0
INV004247,P028,Bengaluru DC,01-09-2025,402,168,0,570,0
INV004248,P028,Bengaluru DC,08-09-2025,570,0,81,489,0
INV004249,P028,Bengaluru DC,15-09-2025,489,0,36,453,0
INV004250,P028,Bengaluru DC,22-09-2025,453,0,28,425,0
INV004251,P028,Bengaluru DC,29-09-2025,425,98,27,496,0
INV004252,P028,Bengaluru DC,06-10-2025,496,0,72,424,0
INV004253,P028,Bengaluru DC,13-10-2025,424,0,34,390,0
INV004254,P028,Bengaluru DC,20-10-2025,390,113,18,485,0
INV004255,P028,Bengaluru DC,27-10-2025,485,0,41,444,0
INV004256,P028,Bengaluru DC,03-11-2025,444,0,51,393,0
INV004257,P028,Bengaluru DC,10-11-2025,393,0,0,393,0
INV004258,P028,Bengaluru DC,17-11-2025,393,173,0,566,0
INV004259,P028,Bengaluru DC,24-11-2025,566,0,47,519,0
INV004260,P028,Bengaluru DC,01-12-2025,519,0,0,519,0
INV004261,P028,Bengaluru DC,08-12-2025,519,0,20,499,0
INV004262,P028,Bengaluru DC,15-12-2025,499,0,0,499,0
INV004263,P028,Bengaluru DC,22-12-2025,499,167,42,624,0
INV004264,P028,Bengaluru DC,29-12-2025,624,0,83,541,0
INV004265,P028,Pune DC,06-01-2025,306,0,0,306,0
INV004266,P028,Pune DC,13-01-2025,306,106,57,355,0
INV004267,P028,Pune DC,20-01-2025,355,0,0,355,0
INV004268,P028,Pune DC,27-01-2025,355,0,31,324,0
INV004269,P028,Pune DC,03-02-2025,324,0,0,324,0
INV004270,P028,Pune DC,10-02-2025,324,0,0,324,0
INV004271,P028,Pune DC,17-02-2025,324,0,0,324,0
INV004272,P028,Pune DC,24-02-2025,324,103,50,377,0
INV004273,P028,Pune DC,03-03-2025,377,0,0,377,0
INV004274,P028,Pune DC,10-03-2025,377,0,99,278,0
INV004275,P028,Pune DC,17-03-2025,278,0,37,241,0
INV004276,P028,Pune DC,24-03-2025,241,151,102,290,0
INV004277,P028,Pune DC,31-03-2025,290,0,59,231,0
INV004278,P028,Pune DC,07-04-2025,231,0,48,183,0
INV004279,P028,Pune DC,14-04-2025,183,104,59,228,0
INV004280,P028,Pune DC,21-04-2025,228,0,0,228,0
INV004281,P028,Pune DC,28-04-2025,228,0,0,228,0
INV004282,P028,Pune DC,05-05-2025,228,128,0,356,0
INV004283,P028,Pune DC,12-05-2025,356,0,34,322,0
INV004284,P028,Pune DC,19-05-2025,322,0,0,322,0
INV004285,P028,Pune DC,26-05-2025,322,0,58,264,0
INV004286,P028,Pune DC,02-06-2025,264,163,0,427,0
INV004287,P028,Pune DC,09-06-2025,427,0,0,427,0
INV004288,P028,Pune DC,16-06-2025,427,0,0,427,0
INV004289,P028,Pune DC,23-06-2025,427,0,0,427,0
INV004290,P028,Pune DC,30-06-2025,427,0,0,427,0
INV004291,P028,Pune DC,07-07-2025,427,105,32,500,0
INV004292,P028,Pune DC,14-07-2025,500,0,0,500,0
INV004293,P028,Pune DC,21-07-2025,500,0,83,417,0
INV004294,P028,Pune DC,28-07-2025,417,101,77,441,0
INV004295,P028,Pune DC,04-08-2025,441,0,13,428,0
INV004296,P028,Pune DC,11-08-2025,428,0,0,428,0
INV004297,P028,Pune DC,18-08-2025,428,0,0,428,0
INV004298,P028,Pune DC,25-08-2025,428,0,70,358,0
INV004299,P028,Pune DC,01-09-2025,358,168,86,440,0
INV004300,P028,Pune DC,08-09-2025,440,0,0,440,0
INV004301,P028,Pune DC,15-09-2025,440,0,0,440,0
INV004302,P028,Pune DC,22-09-2025,440,0,52,388,0
INV004303,P028,Pune DC,29-09-2025,388,98,29,457,0
INV004304,P028,Pune DC,06-10-2025,457,0,0,457,0
INV004305,P028,Pune DC,13-10-2025,457,0,28,429,0
INV004306,P028,Pune DC,20-10-2025,429,113,0,542,0
INV004307,P028,Pune DC,27-10-2025,542,0,0,542,0
INV004308,P028,Pune DC,03-11-2025,542,0,0,542,0
INV004309,P028,Pune DC,10-11-2025,542,0,72,470,0
INV004310,P028,Pune DC,17-11-2025,470,173,68,575,0
INV004311,P028,Pune DC,24-11-2025,575,0,0,575,0
INV004312,P028,Pune DC,01-12-2025,575,0,72,503,0
INV004313,P028,Pune DC,08-12-2025,503,0,30,473,0
INV004314,P028,Pune DC,15-12-2025,473,0,0,473,0
INV004315,P028,Pune DC,22-12-2025,473,167,42,598,0
INV004316,P028,Pune DC,29-12-2025,598,0,0,598,0
INV004317,P028,Chennai DC,06-01-2025,303,0,105,198,0
INV004318,P028,Chennai DC,13-01-2025,198,106,50,254,0
INV004319,P028,Chennai DC,20-01-2025,254,0,0,254,0
INV004320,P028,Chennai DC,27-01-2025,254,0,62,192,0
INV004321,P028,Chennai DC,03-02-2025,192,0,96,96,0
INV004322,P028,Chennai DC,10-02-2025,96,0,100,0,4
INV004323,P028,Chennai DC,17-02-2025,0,0,103,0,103
INV004324,P028,Chennai DC,24-02-2025,0,103,0,103,0
INV004325,P028,Chennai DC,03-03-2025,103,0,0,103,0
INV004326,P028,Chennai DC,10-03-2025,103,0,0,103,0
INV004327,P028,Chennai DC,17-03-2025,103,0,31,72,0
INV004328,P028,Chennai DC,24-03-2025,72,151,0,223,0
INV004329,P028,Chennai DC,31-03-2025,223,0,0,223,0
INV004330,P028,Chennai DC,07-04-2025,223,0,60,163,0
INV004331,P028,Chennai DC,14-04-2025,163,104,0,267,0
INV004332,P028,Chennai DC,21-04-2025,267,0,113,154,0
INV004333,P028,Chennai DC,28-04-2025,154,0,50,104,0
INV004334,P028,Chennai DC,05-05-2025,104,128,99,133,0
INV004335,P028,Chennai DC,12-05-2025,133,0,63,70,0
INV004336,P028,Chennai DC,19-05-2025,70,0,73,0,3
INV004337,P028,Chennai DC,26-05-2025,0,0,50,0,50
INV004338,P028,Chennai DC,02-06-2025,0,163,82,81,0
INV004339,P028,Chennai DC,09-06-2025,81,0,0,81,0
INV004340,P028,Chennai DC,16-06-2025,81,0,0,81,0
INV004341,P028,Chennai DC,23-06-2025,81,0,97,0,16
INV004342,P028,Chennai DC,30-06-2025,0,0,0,0,0
INV004343,P028,Chennai DC,07-07-2025,0,105,49,56,0
INV004344,P028,Chennai DC,14-07-2025,56,0,41,15,0
INV004345,P028,Chennai DC,21-07-2025,15,0,0,15,0
INV004346,P028,Chennai DC,28-07-2025,15,101,0,116,0
INV004347,P028,Chennai DC,04-08-2025,116,0,31,85,0
INV004348,P028,Chennai DC,11-08-2025,85,0,74,11,0
INV004349,P028,Chennai DC,18-08-2025,11,0,67,0,56
INV004350,P028,Chennai DC,25-08-2025,0,0,0,0,0
INV004351,P028,Chennai DC,01-09-2025,0,168,0,168,0
INV004352,P028,Chennai DC,08-09-2025,168,0,0,168,0
INV004353,P028,Chennai DC,15-09-2025,168,0,41,127,0
INV004354,P028,Chennai DC,22-09-2025,127,0,0,127,0
INV004355,P028,Chennai DC,29-09-2025,127,98,0,225,0
INV004356,P028,Chennai DC,06-10-2025,225,0,0,225,0
INV004357,P028,Chennai DC,13-10-2025,225,0,0,225,0
INV004358,P028,Chennai DC,20-10-2025,225,113,42,296,0
INV004359,P028,Chennai DC,27-10-2025,296,0,22,274,0
INV004360,P028,Chennai DC,03-11-2025,274,0,22,252,0
INV004361,P028,Chennai DC,10-11-2025,252,0,0,252,0
INV004362,P028,Chennai DC,17-11-2025,252,173,0,425,0
INV004363,P028,Chennai DC,24-11-2025,425,0,17,408,0
INV004364,P028,Chennai DC,01-12-2025,408,0,0,408,0
INV004365,P028,Chennai DC,08-12-2025,408,0,33,375,0
INV004366,P028,Chennai DC,15-12-2025,375,0,86,289,0
INV004367,P028,Chennai DC,22-12-2025,289,167,0,456,0
INV004368,P028,Chennai DC,29-12-2025,456,0,0,456,0
INV004369,P029,Bengaluru DC,06-01-2025,314,0,0,314,0
INV004370,P029,Bengaluru DC,13-01-2025,314,106,0,420,0
INV004371,P029,Bengaluru DC,20-01-2025,420,0,0,420,0
INV004372,P029,Bengaluru DC,27-01-2025,420,0,74,346,0
INV004373,P029,Bengaluru DC,03-02-2025,346,164,0,510,0
INV004374,P029,Bengaluru DC,10-02-2025,510,0,0,510,0
INV004375,P029,Bengaluru DC,17-02-2025,510,0,0,510,0
INV004376,P029,Bengaluru DC,24-02-2025,510,0,0,510,0
INV004377,P029,Bengaluru DC,03-03-2025,510,105,0,615,0
INV004378,P029,Bengaluru DC,10-03-2025,615,0,54,561,0
INV004379,P029,Bengaluru DC,17-03-2025,561,0,54,507,0
INV004380,P029,Bengaluru DC,24-03-2025,507,0,65,442,0
INV004381,P029,Bengaluru DC,31-03-2025,442,0,0,442,0
INV004382,P029,Bengaluru DC,07-04-2025,442,0,47,395,0
INV004383,P029,Bengaluru DC,14-04-2025,395,125,0,520,0
INV004384,P029,Bengaluru DC,21-04-2025,520,0,0,520,0
INV004385,P029,Bengaluru DC,28-04-2025,520,0,0,520,0
INV004386,P029,Bengaluru DC,05-05-2025,520,0,98,422,0
INV004387,P029,Bengaluru DC,12-05-2025,422,0,0,422,0
INV004388,P029,Bengaluru DC,19-05-2025,422,101,0,523,0
INV004389,P029,Bengaluru DC,26-05-2025,523,0,0,523,0
INV004390,P029,Bengaluru DC,02-06-2025,523,0,0,523,0
INV004391,P029,Bengaluru DC,09-06-2025,523,0,0,523,0
INV004392,P029,Bengaluru DC,16-06-2025,523,99,32,590,0
INV004393,P029,Bengaluru DC,23-06-2025,590,0,33,557,0
INV004394,P029,Bengaluru DC,30-06-2025,557,0,0,557,0
INV004395,P029,Bengaluru DC,07-07-2025,557,0,0,557,0
INV004396,P029,Bengaluru DC,14-07-2025,557,0,0,557,0
INV004397,P029,Bengaluru DC,21-07-2025,557,0,0,557,0
INV004398,P029,Bengaluru DC,28-07-2025,557,114,0,671,0
INV004399,P029,Bengaluru DC,04-08-2025,671,0,28,643,0
INV004400,P029,Bengaluru DC,11-08-2025,643,0,79,564,0
INV004401,P029,Bengaluru DC,18-08-2025,564,172,0,736,0
INV004402,P029,Bengaluru DC,25-08-2025,736,0,0,736,0
INV004403,P029,Bengaluru DC,01-09-2025,736,0,0,736,0
INV004404,P029,Bengaluru DC,08-09-2025,736,0,0,736,0
INV004405,P029,Bengaluru DC,15-09-2025,736,127,38,825,0
INV004406,P029,Bengaluru DC,22-09-2025,825,0,41,784,0
INV004407,P029,Bengaluru DC,29-09-2025,784,150,0,934,0
INV004408,P029,Bengaluru DC,06-10-2025,934,0,19,915,0
INV004409,P029,Bengaluru DC,13-10-2025,915,0,33,882,0
INV004410,P029,Bengaluru DC,20-10-2025,882,0,40,842,0
INV004411,P029,Bengaluru DC,27-10-2025,842,119,0,961,0
INV004412,P029,Bengaluru DC,03-11-2025,961,0,0,961,0
INV004413,P029,Bengaluru DC,10-11-2025,961,0,64,897,0
INV004414,P029,Bengaluru DC,17-11-2025,897,0,52,845,0
INV004415,P029,Bengaluru DC,24-11-2025,845,0,19,826,0
INV004416,P029,Bengaluru DC,01-12-2025,826,0,33,793,0
INV004417,P029,Bengaluru DC,08-12-2025,793,153,0,946,0
INV004418,P029,Bengaluru DC,15-12-2025,946,0,31,915,0
INV004419,P029,Bengaluru DC,22-12-2025,915,0,0,915,0
INV004420,P029,Bengaluru DC,29-12-2025,915,0,0,915,0
INV004421,P029,Pune DC,06-01-2025,315,0,24,291,0
INV004422,P029,Pune DC,13-01-2025,291,106,0,397,0
INV004423,P029,Pune DC,20-01-2025,397,0,51,346,0
INV004424,P029,Pune DC,27-01-2025,346,0,28,318,0
INV004425,P029,Pune DC,03-02-2025,318,164,0,482,0
INV004426,P029,Pune DC,10-02-2025,482,0,0,482,0
INV004427,P029,Pune DC,17-02-2025,482,0,112,370,0
INV004428,P029,Pune DC,24-02-2025,370,0,50,320,0
INV004429,P029,Pune DC,03-03-2025,320,105,0,425,0
INV004430,P029,Pune DC,10-03-2025,425,0,49,376,0
INV004431,P029,Pune DC,17-03-2025,376,0,0,376,0
INV004432,P029,Pune DC,24-03-2025,376,0,0,376,0
INV004433,P029,Pune DC,31-03-2025,376,0,98,278,0
INV004434,P029,Pune DC,07-04-2025,278,0,71,207,0
INV004435,P029,Pune DC,14-04-2025,207,125,55,277,0
INV004436,P029,Pune DC,21-04-2025,277,0,0,277,0
INV004437,P029,Pune DC,28-04-2025,277,0,118,159,0
INV004438,P029,Pune DC,05-05-2025,159,0,0,159,0
INV004439,P029,Pune DC,12-05-2025,159,0,107,52,0
INV004440,P029,Pune DC,19-05-2025,52,101,82,71,0
INV004441,P029,Pune DC,26-05-2025,71,0,97,0,26
INV004442,P029,Pune DC,02-06-2025,0,0,107,0,107
INV004443,P029,Pune DC,09-06-2025,0,0,47,0,47
INV004444,P029,Pune DC,16-06-2025,0,99,53,46,0
INV004445,P029,Pune DC,23-06-2025,46,0,30,16,0
INV004446,P029,Pune DC,30-06-2025,16,0,94,0,78
INV004447,P029,Pune DC,07-07-2025,0,0,98,0,98
INV004448,P029,Pune DC,14-07-2025,0,0,72,0,72
INV004449,P029,Pune DC,21-07-2025,0,0,0,0,0
INV004450,P029,Pune DC,28-07-2025,0,114,0,114,0
INV004451,P029,Pune DC,04-08-2025,114,0,67,47,0
INV004452,P029,Pune DC,11-08-2025,47,0,0,47,0
INV004453,P029,Pune DC,18-08-2025,47,172,73,146,0
INV004454,P029,Pune DC,25-08-2025,146,0,0,146,0
INV004455,P029,Pune DC,01-09-2025,146,0,38,108,0
INV004456,P029,Pune DC,08-09-2025,108,0,0,108,0
INV004457,P029,Pune DC,15-09-2025,108,127,40,195,0
INV004458,P029,Pune DC,22-09-2025,195,0,37,158,0
INV004459,P029,Pune DC,29-09-2025,158,150,37,271,0
INV004460,P029,Pune DC,06-10-2025,271,0,0,271,0
INV004461,P029,Pune DC,13-10-2025,271,0,41,230,0
INV004462,P029,Pune DC,20-10-2025,230,0,26,204,0
INV004463,P029,Pune DC,27-10-2025,204,119,63,260,0
INV004464,P029,Pune DC,03-11-2025,260,0,70,190,0
INV004465,P029,Pune DC,10-11-2025,190,0,0,190,0
INV004466,P029,Pune DC,17-11-2025,190,0,0,190,0
INV004467,P029,Pune DC,24-11-2025,190,0,28,162,0
INV004468,P029,Pune DC,01-12-2025,162,0,54,108,0
INV004469,P029,Pune DC,08-12-2025,108,153,76,185,0
INV004470,P029,Pune DC,15-12-2025,185,0,0,185,0
INV004471,P029,Pune DC,22-12-2025,185,0,84,101,0
INV004472,P029,Pune DC,29-12-2025,101,0,63,38,0
INV004473,P029,Chennai DC,06-01-2025,309,0,59,250,0
INV004474,P029,Chennai DC,13-01-2025,250,106,84,272,0
INV004475,P029,Chennai DC,20-01-2025,272,0,47,225,0
INV004476,P029,Chennai DC,27-01-2025,225,0,0,225,0
INV004477,P029,Chennai DC,03-02-2025,225,164,98,291,0
INV004478,P029,Chennai DC,10-02-2025,291,0,106,185,0
INV004479,P029,Chennai DC,17-02-2025,185,0,0,185,0
INV004480,P029,Chennai DC,24-02-2025,185,0,55,130,0
INV004481,P029,Chennai DC,03-03-2025,130,105,115,120,0
INV004482,P029,Chennai DC,10-03-2025,120,0,0,120,0
INV004483,P029,Chennai DC,17-03-2025,120,0,44,76,0
INV004484,P029,Chennai DC,24-03-2025,76,0,39,37,0
INV004485,P029,Chennai DC,31-03-2025,37,0,0,37,0
INV004486,P029,Chennai DC,07-04-2025,37,0,0,37,0
INV004487,P029,Chennai DC,14-04-2025,37,125,44,118,0
INV004488,P029,Chennai DC,21-04-2025,118,0,113,5,0
INV004489,P029,Chennai DC,28-04-2025,5,0,0,5,0
INV004490,P029,Chennai DC,05-05-2025,5,0,0,5,0
INV004491,P029,Chennai DC,12-05-2025,5,0,0,5,0
INV004492,P029,Chennai DC,19-05-2025,5,101,36,70,0
INV004493,P029,Chennai DC,26-05-2025,70,0,0,70,0
INV004494,P029,Chennai DC,02-06-2025,70,0,0,70,0
INV004495,P029,Chennai DC,09-06-2025,70,0,52,18,0
INV004496,P029,Chennai DC,16-06-2025,18,99,0,117,0
INV004497,P029,Chennai DC,23-06-2025,117,0,26,91,0
INV004498,P029,Chennai DC,30-06-2025,91,0,0,91,0
INV004499,P029,Chennai DC,07-07-2025,91,0,0,91,0
INV004500,P029,Chennai DC,14-07-2025,91,0,0,91,0
INV004501,P029,Chennai DC,21-07-2025,91,0,91,0,0
INV004502,P029,Chennai DC,28-07-2025,0,114,87,27,0
INV004503,P029,Chennai DC,04-08-2025,27,0,0,27,0
INV004504,P029,Chennai DC,11-08-2025,27,0,0,27,0
INV004505,P029,Chennai DC,18-08-2025,27,172,0,199,0
INV004506,P029,Chennai DC,25-08-2025,199,0,83,116,0
INV004507,P029,Chennai DC,01-09-2025,116,0,37,79,0
INV004508,P029,Chennai DC,08-09-2025,79,0,80,0,1
INV004509,P029,Chennai DC,15-09-2025,0,127,0,127,0
INV004510,P029,Chennai DC,22-09-2025,127,0,0,127,0
INV004511,P029,Chennai DC,29-09-2025,127,150,34,243,0
INV004512,P029,Chennai DC,06-10-2025,243,0,41,202,0
INV004513,P029,Chennai DC,13-10-2025,202,0,0,202,0
INV004514,P029,Chennai DC,20-10-2025,202,0,0,202,0
INV004515,P029,Chennai DC,27-10-2025,202,119,0,321,0
INV004516,P029,Chennai DC,03-11-2025,321,0,0,321,0
INV004517,P029,Chennai DC,10-11-2025,321,0,0,321,0
INV004518,P029,Chennai DC,17-11-2025,321,0,21,300,0
INV004519,P029,Chennai DC,24-11-2025,300,0,28,272,0
INV004520,P029,Chennai DC,01-12-2025,272,0,0,272,0
INV004521,P029,Chennai DC,08-12-2025,272,153,0,425,0
INV004522,P029,Chennai DC,15-12-2025,425,0,45,380,0
INV004523,P029,Chennai DC,22-12-2025,380,0,0,380,0
INV004524,P029,Chennai DC,29-12-2025,380,0,38,342,0
INV004525,P030,Bengaluru DC,06-01-2025,171,0,0,171,0
INV004526,P030,Bengaluru DC,13-01-2025,171,0,0,171,0
INV004527,P030,Bengaluru DC,20-01-2025,171,0,23,148,0
INV004528,P030,Bengaluru DC,27-01-2025,148,0,15,133,0
INV004529,P030,Bengaluru DC,03-02-2025,133,85,52,166,0
INV004530,P030,Bengaluru DC,10-02-2025,166,0,25,141,0
INV004531,P030,Bengaluru DC,17-02-2025,141,0,39,102,0
INV004532,P030,Bengaluru DC,24-02-2025,102,0,52,50,0
INV004533,P030,Bengaluru DC,03-03-2025,50,0,0,50,0
INV004534,P030,Bengaluru DC,10-03-2025,50,49,0,99,0
INV004535,P030,Bengaluru DC,17-03-2025,99,0,0,99,0
INV004536,P030,Bengaluru DC,24-03-2025,99,0,21,78,0
INV004537,P030,Bengaluru DC,31-03-2025,78,0,0,78,0
INV004538,P030,Bengaluru DC,07-04-2025,78,46,56,68,0
INV004539,P030,Bengaluru DC,14-04-2025,68,0,60,8,0
INV004540,P030,Bengaluru DC,21-04-2025,8,0,0,8,0
INV004541,P030,Bengaluru DC,28-04-2025,8,58,0,66,0
INV004542,P030,Bengaluru DC,05-05-2025,66,0,25,41,0
INV004543,P030,Bengaluru DC,12-05-2025,41,0,0,41,0
INV004544,P030,Bengaluru DC,19-05-2025,41,77,34,84,0
INV004545,P030,Bengaluru DC,26-05-2025,84,0,21,63,0
INV004546,P030,Bengaluru DC,02-06-2025,63,0,0,63,0
INV004547,P030,Bengaluru DC,09-06-2025,63,0,45,18,0
INV004548,P030,Bengaluru DC,16-06-2025,18,66,0,84,0
INV004549,P030,Bengaluru DC,23-06-2025,84,0,58,26,0
INV004550,P030,Bengaluru DC,30-06-2025,26,0,0,26,0
INV004551,P030,Bengaluru DC,07-07-2025,26,60,0,86,0
INV004552,P030,Bengaluru DC,14-07-2025,86,0,0,86,0
INV004553,P030,Bengaluru DC,21-07-2025,86,0,0,86,0
INV004554,P030,Bengaluru DC,28-07-2025,86,0,0,86,0
INV004555,P030,Bengaluru DC,04-08-2025,86,0,50,36,0
INV004556,P030,Bengaluru DC,11-08-2025,36,0,0,36,0
INV004557,P030,Bengaluru DC,18-08-2025,36,51,0,87,0
INV004558,P030,Bengaluru DC,25-08-2025,87,0,0,87,0
INV004559,P030,Bengaluru DC,01-09-2025,87,0,0,87,0
INV004560,P030,Bengaluru DC,08-09-2025,87,0,0,87,0
INV004561,P030,Bengaluru DC,15-09-2025,87,0,52,35,0
INV004562,P030,Bengaluru DC,22-09-2025,35,57,0,92,0
INV004563,P030,Bengaluru DC,29-09-2025,92,0,25,67,0
INV004564,P030,Bengaluru DC,06-10-2025,67,0,0,67,0
INV004565,P030,Bengaluru DC,13-10-2025,67,67,40,94,0
INV004566,P030,Bengaluru DC,20-10-2025,94,0,0,94,0
INV004567,P030,Bengaluru DC,27-10-2025,94,0,0,94,0
INV004568,P030,Bengaluru DC,03-11-2025,94,0,20,74,0
INV004569,P030,Bengaluru DC,10-11-2025,74,70,0,144,0
INV004570,P030,Bengaluru DC,17-11-2025,144,0,0,144,0
INV004571,P030,Bengaluru DC,24-11-2025,144,0,0,144,0
INV004572,P030,Bengaluru DC,01-12-2025,144,0,0,144,0
INV004573,P030,Bengaluru DC,08-12-2025,144,0,0,144,0
INV004574,P030,Bengaluru DC,15-12-2025,144,69,31,182,0
INV004575,P030,Bengaluru DC,22-12-2025,182,0,50,132,0
INV004576,P030,Bengaluru DC,29-12-2025,132,0,23,109,0
INV004577,P030,Pune DC,06-01-2025,158,0,22,136,0
INV004578,P030,Pune DC,13-01-2025,136,0,0,136,0
INV004579,P030,Pune DC,20-01-2025,136,0,21,115,0
INV004580,P030,Pune DC,27-01-2025,115,0,19,96,0
INV004581,P030,Pune DC,03-02-2025,96,85,0,181,0
INV004582,P030,Pune DC,10-02-2025,181,0,15,166,0
INV004583,P030,Pune DC,17-02-2025,166,0,0,166,0
INV004584,P030,Pune DC,24-02-2025,166,0,0,166,0
INV004585,P030,Pune DC,03-03-2025,166,0,46,120,0
INV004586,P030,Pune DC,10-03-2025,120,49,53,116,0
INV004587,P030,Pune DC,17-03-2025,116,0,0,116,0
INV004588,P030,Pune DC,24-03-2025,116,0,0,116,0
INV004589,P030,Pune DC,31-03-2025,116,0,33,83,0
INV004590,P030,Pune DC,07-04-2025,83,46,0,129,0
INV004591,P030,Pune DC,14-04-2025,129,0,0,129,0
INV004592,P030,Pune DC,21-04-2025,129,0,17,112,0
INV004593,P030,Pune DC,28-04-2025,112,58,63,107,0
INV004594,P030,Pune DC,05-05-2025,107,0,39,68,0
INV004595,P030,Pune DC,12-05-2025,68,0,33,35,0
INV004596,P030,Pune DC,19-05-2025,35,77,0,112,0
INV004597,P030,Pune DC,26-05-2025,112,0,49,63,0
INV004598,P030,Pune DC,02-06-2025,63,0,34,29,0
INV004599,P030,Pune DC,09-06-2025,29,0,20,9,0
INV004600,P030,Pune DC,16-06-2025,9,66,18,57,0
INV004601,P030,Pune DC,23-06-2025,57,0,0,57,0
INV004602,P030,Pune DC,30-06-2025,57,0,31,26,0
INV004603,P030,Pune DC,07-07-2025,26,60,53,33,0
INV004604,P030,Pune DC,14-07-2025,33,0,62,0,29
INV004605,P030,Pune DC,21-07-2025,0,0,24,0,24
INV004606,P030,Pune DC,28-07-2025,0,0,34,0,34
INV004607,P030,Pune DC,04-08-2025,0,0,0,0,0
INV004608,P030,Pune DC,11-08-2025,0,0,46,0,46
INV004609,P030,Pune DC,18-08-2025,0,51,50,1,0
INV004610,P030,Pune DC,25-08-2025,1,0,29,0,28
INV004611,P030,Pune DC,01-09-2025,0,0,51,0,51
INV004612,P030,Pune DC,08-09-2025,0,0,25,0,25
INV004613,P030,Pune DC,15-09-2025,0,0,0,0,0
INV004614,P030,Pune DC,22-09-2025,0,57,49,8,0
INV004615,P030,Pune DC,29-09-2025,8,0,29,0,21
INV004616,P030,Pune DC,06-10-2025,0,0,53,0,53
INV004617,P030,Pune DC,13-10-2025,0,67,0,67,0
INV004618,P030,Pune DC,20-10-2025,67,0,0,67,0
INV004619,P030,Pune DC,27-10-2025,67,0,34,33,0
INV004620,P030,Pune DC,03-11-2025,33,0,0,33,0
INV004621,P030,Pune DC,10-11-2025,33,70,58,45,0
INV004622,P030,Pune DC,17-11-2025,45,0,61,0,16
INV004623,P030,Pune DC,24-11-2025,0,0,29,0,29
INV004624,P030,Pune DC,01-12-2025,0,0,0,0,0
INV004625,P030,Pune DC,08-12-2025,0,0,45,0,45
INV004626,P030,Pune DC,15-12-2025,0,69,39,30,0
INV004627,P030,Pune DC,22-12-2025,30,0,0,30,0
INV004628,P030,Pune DC,29-12-2025,30,0,40,0,10
INV004629,P030,Chennai DC,06-01-2025,125,0,24,101,0
INV004630,P030,Chennai DC,13-01-2025,101,0,40,61,0
INV004631,P030,Chennai DC,20-01-2025,61,0,0,61,0
INV004632,P030,Chennai DC,27-01-2025,61,0,19,42,0
INV004633,P030,Chennai DC,03-02-2025,42,85,0,127,0
INV004634,P030,Chennai DC,10-02-2025,127,0,0,127,0
INV004635,P030,Chennai DC,17-02-2025,127,0,19,108,0
INV004636,P030,Chennai DC,24-02-2025,108,0,0,108,0
INV004637,P030,Chennai DC,03-03-2025,108,0,0,108,0
INV004638,P030,Chennai DC,10-03-2025,108,49,0,157,0
INV004639,P030,Chennai DC,17-03-2025,157,0,47,110,0
INV004640,P030,Chennai DC,24-03-2025,110,0,27,83,0
INV004641,P030,Chennai DC,31-03-2025,83,0,17,66,0
INV004642,P030,Chennai DC,07-04-2025,66,46,0,112,0
INV004643,P030,Chennai DC,14-04-2025,112,0,0,112,0
INV004644,P030,Chennai DC,21-04-2025,112,0,39,73,0
INV004645,P030,Chennai DC,28-04-2025,73,58,0,131,0
INV004646,P030,Chennai DC,05-05-2025,131,0,0,131,0
INV004647,P030,Chennai DC,12-05-2025,131,0,26,105,0
INV004648,P030,Chennai DC,19-05-2025,105,77,21,161,0
INV004649,P030,Chennai DC,26-05-2025,161,0,0,161,0
INV004650,P030,Chennai DC,02-06-2025,161,0,17,144,0
INV004651,P030,Chennai DC,09-06-2025,144,0,0,144,0
INV004652,P030,Chennai DC,16-06-2025,144,66,41,169,0
INV004653,P030,Chennai DC,23-06-2025,169,0,0,169,0
INV004654,P030,Chennai DC,30-06-2025,169,0,14,155,0
INV004655,P030,Chennai DC,07-07-2025,155,60,0,215,0
INV004656,P030,Chennai DC,14-07-2025,215,0,0,215,0
INV004657,P030,Chennai DC,21-07-2025,215,0,35,180,0
INV004658,P030,Chennai DC,28-07-2025,180,0,14,166,0
INV004659,P030,Chennai DC,04-08-2025,166,0,0,166,0
INV004660,P030,Chennai DC,11-08-2025,166,0,0,166,0
INV004661,P030,Chennai DC,18-08-2025,166,51,0,217,0
INV004662,P030,Chennai DC,25-08-2025,217,0,36,181,0
INV004663,P030,Chennai DC,01-09-2025,181,0,0,181,0
INV004664,P030,Chennai DC,08-09-2025,181,0,16,165,0
INV004665,P030,Chennai DC,15-09-2025,165,0,0,165,0
INV004666,P030,Chennai DC,22-09-2025,165,57,0,222,0
INV004667,P030,Chennai DC,29-09-2025,222,0,0,222,0
INV004668,P030,Chennai DC,06-10-2025,222,0,0,222,0
INV004669,P030,Chennai DC,13-10-2025,222,67,0,289,0
INV004670,P030,Chennai DC,20-10-2025,289,0,53,236,0
INV004671,P030,Chennai DC,27-10-2025,236,0,20,216,0
INV004672,P030,Chennai DC,03-11-2025,216,0,22,194,0
INV004673,P030,Chennai DC,10-11-2025,194,70,0,264,0
INV004674,P030,Chennai DC,17-11-2025,264,0,0,264,0
INV004675,P030,Chennai DC,24-11-2025,264,0,28,236,0
INV004676,P030,Chennai DC,01-12-2025,236,0,57,179,0
INV004677,P030,Chennai DC,08-12-2025,179,0,23,156,0
INV004678,P030,Chennai DC,15-12-2025,156,69,0,225,0
INV004679,P030,Chennai DC,22-12-2025,225,0,0,225,0
INV004680,P030,Chennai DC,29-12-2025,225,0,0,225,0
INV004681,P031,Bengaluru DC,06-01-2025,742,0,126,616,0
INV004682,P031,Bengaluru DC,13-01-2025,616,0,302,314,0
INV004683,P031,Bengaluru DC,20-01-2025,314,0,0,314,0
INV004684,P031,Bengaluru DC,27-01-2025,314,390,319,385,0
INV004685,P031,Bengaluru DC,03-02-2025,385,0,99,286,0
INV004686,P031,Bengaluru DC,10-02-2025,286,0,148,138,0
INV004687,P031,Bengaluru DC,17-02-2025,138,0,177,0,39
INV004688,P031,Bengaluru DC,24-02-2025,0,0,0,0,0
INV004689,P031,Bengaluru DC,03-03-2025,0,483,345,138,0
INV004690,P031,Bengaluru DC,10-03-2025,138,0,114,24,0
INV004691,P031,Bengaluru DC,17-03-2025,24,0,0,24,0
INV004692,P031,Bengaluru DC,24-03-2025,24,0,0,24,0
INV004693,P031,Bengaluru DC,31-03-2025,24,0,0,24,0
INV004694,P031,Bengaluru DC,07-04-2025,24,543,391,176,0
INV004695,P031,Bengaluru DC,14-04-2025,176,0,229,0,53
INV004696,P031,Bengaluru DC,21-04-2025,0,0,0,0,0
INV004697,P031,Bengaluru DC,28-04-2025,0,425,0,425,0
INV004698,P031,Bengaluru DC,05-05-2025,425,0,0,425,0
INV004699,P031,Bengaluru DC,12-05-2025,425,0,235,190,0
INV004700,P031,Bengaluru DC,19-05-2025,190,0,196,0,6
INV004701,P031,Bengaluru DC,26-05-2025,0,0,180,0,180
INV004702,P031,Bengaluru DC,02-06-2025,0,0,366,0,366
INV004703,P031,Bengaluru DC,09-06-2025,0,0,0,0,0
INV004704,P031,Bengaluru DC,16-06-2025,0,462,335,127,0
INV004705,P031,Bengaluru DC,23-06-2025,127,0,0,127,0
INV004706,P031,Bengaluru DC,30-06-2025,127,0,0,127,0
INV004707,P031,Bengaluru DC,07-07-2025,127,0,0,127,0
INV004708,P031,Bengaluru DC,14-07-2025,127,0,0,127,0
INV004709,P031,Bengaluru DC,21-07-2025,127,0,333,0,206
INV004710,P031,Bengaluru DC,28-07-2025,0,526,0,526,0
INV004711,P031,Bengaluru DC,04-08-2025,526,0,0,526,0
INV004712,P031,Bengaluru DC,11-08-2025,526,0,199,327,0
INV004713,P031,Bengaluru DC,18-08-2025,327,0,280,47,0
INV004714,P031,Bengaluru DC,25-08-2025,47,389,0,436,0
INV004715,P031,Bengaluru DC,01-09-2025,436,0,0,436,0
INV004716,P031,Bengaluru DC,08-09-2025,436,0,0,436,0
INV004717,P031,Bengaluru DC,15-09-2025,436,0,0,436,0
INV004718,P031,Bengaluru DC,22-09-2025,436,0,91,345,0
INV004719,P031,Bengaluru DC,29-09-2025,345,537,145,737,0
INV004720,P031,Bengaluru DC,06-10-2025,737,0,0,737,0
INV004721,P031,Bengaluru DC,13-10-2025,737,0,0,737,0
INV004722,P031,Bengaluru DC,20-10-2025,737,0,111,626,0
INV004723,P031,Bengaluru DC,27-10-2025,626,580,0,1206,0
INV004724,P031,Bengaluru DC,03-11-2025,1206,0,167,1039,0
INV004725,P031,Bengaluru DC,10-11-2025,1039,0,0,1039,0
INV004726,P031,Bengaluru DC,17-11-2025,1039,0,0,1039,0
INV004727,P031,Bengaluru DC,24-11-2025,1039,318,0,1357,0
INV004728,P031,Bengaluru DC,01-12-2025,1357,0,0,1357,0
INV004729,P031,Bengaluru DC,08-12-2025,1357,0,170,1187,0
INV004730,P031,Bengaluru DC,15-12-2025,1187,522,331,1378,0
INV004731,P031,Bengaluru DC,22-12-2025,1378,0,0,1378,0
INV004732,P031,Bengaluru DC,29-12-2025,1378,0,0,1378,0
INV004733,P031,Pune DC,06-01-2025,1082,0,0,1082,0
INV004734,P031,Pune DC,13-01-2025,1082,0,0,1082,0
INV004735,P031,Pune DC,20-01-2025,1082,0,320,762,0
INV004736,P031,Pune DC,27-01-2025,762,390,0,1152,0
INV004737,P031,Pune DC,03-02-2025,1152,0,0,1152,0
INV004738,P031,Pune DC,10-02-2025,1152,0,0,1152,0
INV004739,P031,Pune DC,17-02-2025,1152,0,169,983,0
INV004740,P031,Pune DC,24-02-2025,983,0,244,739,0
INV004741,P031,Pune DC,03-03-2025,739,483,0,1222,0
INV004742,P031,Pune DC,10-03-2025,1222,0,136,1086,0
INV004743,P031,Pune DC,17-03-2025,1086,0,371,715,0
INV004744,P031,Pune DC,24-03-2025,715,0,233,482,0
INV004745,P031,Pune DC,31-03-2025,482,0,190,292,0
INV004746,P031,Pune DC,07-04-2025,292,543,0,835,0
INV004747,P031,Pune DC,14-04-2025,835,0,127,708,0
INV004748,P031,Pune DC,21-04-2025,708,0,372,336,0
INV004749,P031,Pune DC,28-04-2025,336,425,387,374,0
INV004750,P031,Pune DC,05-05-2025,374,0,0,374,0
INV004751,P031,Pune DC,12-05-2025,374,0,0,374,0
INV004752,P031,Pune DC,19-05-2025,374,0,0,374,0
INV004753,P031,Pune DC,26-05-2025,374,0,0,374,0
INV004754,P031,Pune DC,02-06-2025,374,0,0,374,0
INV004755,P031,Pune DC,09-06-2025,374,0,366,8,0
INV004756,P031,Pune DC,16-06-2025,8,462,0,470,0
INV004757,P031,Pune DC,23-06-2025,470,0,315,155,0
INV004758,P031,Pune DC,30-06-2025,155,0,373,0,218
INV004759,P031,Pune DC,07-07-2025,0,0,322,0,322
INV004760,P031,Pune DC,14-07-2025,0,0,153,0,153
INV004761,P031,Pune DC,21-07-2025,0,0,0,0,0
INV004762,P031,Pune DC,28-07-2025,0,526,216,310,0
INV004763,P031,Pune DC,04-08-2025,310,0,89,221,0
INV004764,P031,Pune DC,11-08-2025,221,0,96,125,0
INV004765,P031,Pune DC,18-08-2025,125,0,0,125,0
INV004766,P031,Pune DC,25-08-2025,125,389,91,423,0
INV004767,P031,Pune DC,01-09-2025,423,0,142,281,0
INV004768,P031,Pune DC,08-09-2025,281,0,135,146,0
INV004769,P031,Pune DC,15-09-2025,146,0,283,0,137
INV004770,P031,Pune DC,22-09-2025,0,0,200,0,200
INV004771,P031,Pune DC,29-09-2025,0,537,142,395,0
INV004772,P031,Pune DC,06-10-2025,395,0,0,395,0
INV004773,P031,Pune DC,13-10-2025,395,0,260,135,0
INV004774,P031,Pune DC,20-10-2025,135,0,88,47,0
INV004775,P031,Pune DC,27-10-2025,47,580,257,370,0
INV004776,P031,Pune DC,03-11-2025,370,0,86,284,0
INV004777,P031,Pune DC,10-11-2025,284,0,0,284,0
INV004778,P031,Pune DC,17-11-2025,284,0,306,0,22
INV004779,P031,Pune DC,24-11-2025,0,318,288,30,0
INV004780,P031,Pune DC,01-12-2025,30,0,291,0,261
INV004781,P031,Pune DC,08-12-2025,0,0,151,0,151
INV004782,P031,Pune DC,15-12-2025,0,522,0,522,0
INV004783,P031,Pune DC,22-12-2025,522,0,225,297,0
INV004784,P031,Pune DC,29-12-2025,297,0,309,0,12
INV004785,P031,Chennai DC,06-01-2025,1002,0,130,872,0
INV004786,P031,Chennai DC,13-01-2025,872,0,0,872,0
INV004787,P031,Chennai DC,20-01-2025,872,0,0,872,0
INV004788,P031,Chennai DC,27-01-2025,872,390,0,1262,0
INV004789,P031,Chennai DC,03-02-2025,1262,0,212,1050,0
INV004790,P031,Chennai DC,10-02-2025,1050,0,178,872,0
INV004791,P031,Chennai DC,17-02-2025,872,0,0,872,0
INV004792,P031,Chennai DC,24-02-2025,872,0,119,753,0
INV004793,P031,Chennai DC,03-03-2025,753,483,0,1236,0
INV004794,P031,Chennai DC,10-03-2025,1236,0,118,1118,0
INV004795,P031,Chennai DC,17-03-2025,1118,0,0,1118,0
INV004796,P031,Chennai DC,24-03-2025,1118,0,128,990,0
INV004797,P031,Chennai DC,31-03-2025,990,0,178,812,0
INV004798,P031,Chennai DC,07-04-2025,812,543,0,1355,0
INV004799,P031,Chennai DC,14-04-2025,1355,0,0,1355,0
INV004800,P031,Chennai DC,21-04-2025,1355,0,0,1355,0
INV004801,P031,Chennai DC,28-04-2025,1355,425,0,1780,0
INV004802,P031,Chennai DC,05-05-2025,1780,0,379,1401,0
INV004803,P031,Chennai DC,12-05-2025,1401,0,136,1265,0
INV004804,P031,Chennai DC,19-05-2025,1265,0,188,1077,0
INV004805,P031,Chennai DC,26-05-2025,1077,0,185,892,0
INV004806,P031,Chennai DC,02-06-2025,892,0,0,892,0
INV004807,P031,Chennai DC,09-06-2025,892,0,0,892,0
INV004808,P031,Chennai DC,16-06-2025,892,462,0,1354,0
INV004809,P031,Chennai DC,23-06-2025,1354,0,0,1354,0
INV004810,P031,Chennai DC,30-06-2025,1354,0,0,1354,0
INV004811,P031,Chennai DC,07-07-2025,1354,0,0,1354,0
INV004812,P031,Chennai DC,14-07-2025,1354,0,159,1195,0
INV004813,P031,Chennai DC,21-07-2025,1195,0,0,1195,0
INV004814,P031,Chennai DC,28-07-2025,1195,526,104,1617,0
INV004815,P031,Chennai DC,04-08-2025,1617,0,199,1418,0
INV004816,P031,Chennai DC,11-08-2025,1418,0,0,1418,0
INV004817,P031,Chennai DC,18-08-2025,1418,0,0,1418,0
INV004818,P031,Chennai DC,25-08-2025,1418,389,208,1599,0
INV004819,P031,Chennai DC,01-09-2025,1599,0,131,1468,0
INV004820,P031,Chennai DC,08-09-2025,1468,0,107,1361,0
INV004821,P031,Chennai DC,15-09-2025,1361,0,0,1361,0
INV004822,P031,Chennai DC,22-09-2025,1361,0,0,1361,0
INV004823,P031,Chennai DC,29-09-2025,1361,537,0,1898,0
INV004824,P031,Chennai DC,06-10-2025,1898,0,255,1643,0
INV004825,P031,Chennai DC,13-10-2025,1643,0,0,1643,0
INV004826,P031,Chennai DC,20-10-2025,1643,0,92,1551,0
INV004827,P031,Chennai DC,27-10-2025,1551,580,0,2131,0
INV004828,P031,Chennai DC,03-11-2025,2131,0,0,2131,0
INV004829,P031,Chennai DC,10-11-2025,2131,0,313,1818,0
INV004830,P031,Chennai DC,17-11-2025,1818,0,0,1818,0
INV004831,P031,Chennai DC,24-11-2025,1818,318,0,2136,0
INV004832,P031,Chennai DC,01-12-2025,2136,0,0,2136,0
INV004833,P031,Chennai DC,08-12-2025,2136,0,0,2136,0
INV004834,P031,Chennai DC,15-12-2025,2136,522,0,2658,0
INV004835,P031,Chennai DC,22-12-2025,2658,0,108,2550,0
INV004836,P031,Chennai DC,29-12-2025,2550,0,0,2550,0
INV004837,P032,Bengaluru DC,06-01-2025,77,0,31,46,0
INV004838,P032,Bengaluru DC,13-01-2025,46,0,11,35,0
INV004839,P032,Bengaluru DC,20-01-2025,35,0,0,35,0
INV004840,P032,Bengaluru DC,27-01-2025,35,0,8,27,0
INV004841,P032,Bengaluru DC,03-02-2025,27,0,15,12,0
INV004842,P032,Bengaluru DC,10-02-2025,12,0,0,12,0
INV004843,P032,Bengaluru DC,17-02-2025,12,28,0,40,0
INV004844,P032,Bengaluru DC,24-02-2025,40,0,26,14,0
INV004845,P032,Bengaluru DC,03-03-2025,14,0,0,14,0
INV004846,P032,Bengaluru DC,10-03-2025,14,0,0,14,0
INV004847,P032,Bengaluru DC,17-03-2025,14,0,0,14,0
INV004848,P032,Bengaluru DC,24-03-2025,14,25,0,39,0
INV004849,P032,Bengaluru DC,31-03-2025,39,0,34,5,0
INV004850,P032,Bengaluru DC,07-04-2025,5,0,24,0,19
INV004851,P032,Bengaluru DC,14-04-2025,0,0,13,0,13
INV004852,P032,Bengaluru DC,21-04-2025,0,42,0,42,0
INV004853,P032,Bengaluru DC,28-04-2025,42,0,0,42,0
INV004854,P032,Bengaluru DC,05-05-2025,42,0,42,0,0
INV004855,P032,Bengaluru DC,12-05-2025,0,0,0,0,0
INV004856,P032,Bengaluru DC,19-05-2025,0,0,20,0,20
INV004857,P032,Bengaluru DC,26-05-2025,0,32,0,32,0
INV004858,P032,Bengaluru DC,02-06-2025,32,0,22,10,0
INV004859,P032,Bengaluru DC,09-06-2025,10,0,0,10,0
INV004860,P032,Bengaluru DC,16-06-2025,10,0,27,0,17
INV004861,P032,Bengaluru DC,23-06-2025,0,0,0,0,0
INV004862,P032,Bengaluru DC,30-06-2025,0,0,7,0,7
INV004863,P032,Bengaluru DC,07-07-2025,0,35,26,9,0
INV004864,P032,Bengaluru DC,14-07-2025,9,0,24,0,15
INV004865,P032,Bengaluru DC,21-07-2025,0,0,19,0,19
INV004866,P032,Bengaluru DC,28-07-2025,0,0,0,0,0
INV004867,P032,Bengaluru DC,04-08-2025,0,0,22,0,22
INV004868,P032,Bengaluru DC,11-08-2025,0,37,0,37,0
INV004869,P032,Bengaluru DC,18-08-2025,37,0,10,27,0
INV004870,P032,Bengaluru DC,25-08-2025,27,0,10,17,0
INV004871,P032,Bengaluru DC,01-09-2025,17,27,7,37,0
INV004872,P032,Bengaluru DC,08-09-2025,37,0,0,37,0
INV004873,P032,Bengaluru DC,15-09-2025,37,0,9,28,0
INV004874,P032,Bengaluru DC,22-09-2025,28,0,24,4,0
INV004875,P032,Bengaluru DC,29-09-2025,4,0,0,4,0
INV004876,P032,Bengaluru DC,06-10-2025,4,0,17,0,13
INV004877,P032,Bengaluru DC,13-10-2025,0,0,0,0,0
INV004878,P032,Bengaluru DC,20-10-2025,0,31,8,23,0
INV004879,P032,Bengaluru DC,27-10-2025,23,0,0,23,0
INV004880,P032,Bengaluru DC,03-11-2025,23,0,14,9,0
INV004881,P032,Bengaluru DC,10-11-2025,9,27,28,8,0
INV004882,P032,Bengaluru DC,17-11-2025,8,0,9,0,1
INV004883,P032,Bengaluru DC,24-11-2025,0,0,7,0,7
INV004884,P032,Bengaluru DC,01-12-2025,0,0,14,0,14
INV004885,P032,Bengaluru DC,08-12-2025,0,0,0,0,0
INV004886,P032,Bengaluru DC,15-12-2025,0,0,0,0,0
INV004887,P032,Bengaluru DC,22-12-2025,0,39,21,18,0
INV004888,P032,Bengaluru DC,29-12-2025,18,0,0,18,0
INV004889,P032,Pune DC,06-01-2025,78,0,0,78,0
INV004890,P032,Pune DC,13-01-2025,78,0,0,78,0
INV004891,P032,Pune DC,20-01-2025,78,0,24,54,0
INV004892,P032,Pune DC,27-01-2025,54,0,9,45,0
INV004893,P032,Pune DC,03-02-2025,45,0,0,45,0
INV004894,P032,Pune DC,10-02-2025,45,0,30,15,0
INV004895,P032,Pune DC,17-02-2025,15,28,19,24,0
INV004896,P032,Pune DC,24-02-2025,24,0,0,24,0
INV004897,P032,Pune DC,03-03-2025,24,0,34,0,10
INV004898,P032,Pune DC,10-03-2025,0,0,19,0,19
INV004899,P032,Pune DC,17-03-2025,0,0,0,0,0
INV004900,P032,Pune DC,24-03-2025,0,25,0,25,0
INV004901,P032,Pune DC,31-03-2025,25,0,0,25,0
INV004902,P032,Pune DC,07-04-2025,25,0,24,1,0
INV004903,P032,Pune DC,14-04-2025,1,0,24,0,23
INV004904,P032,Pune DC,21-04-2025,0,42,32,10,0
INV004905,P032,Pune DC,28-04-2025,10,0,36,0,26
INV004906,P032,Pune DC,05-05-2025,0,0,0,0,0
INV004907,P032,Pune DC,12-05-2025,0,0,11,0,11
INV004908,P032,Pune DC,19-05-2025,0,0,23,0,23
INV004909,P032,Pune DC,26-05-2025,0,32,25,7,0
INV004910,P032,Pune DC,02-06-2025,7,0,16,0,9
INV004911,P032,Pune DC,09-06-2025,0,0,15,0,15
INV004912,P032,Pune DC,16-06-2025,0,0,0,0,0
INV004913,P032,Pune DC,23-06-2025,0,0,10,0,10
INV004914,P032,Pune DC,30-06-2025,0,0,10,0,10
INV004915,P032,Pune DC,07-07-2025,0,35,0,35,0
INV004916,P032,Pune DC,14-07-2025,35,0,0,35,0
INV004917,P032,Pune DC,21-07-2025,35,0,11,24,0
INV004918,P032,Pune DC,28-07-2025,24,0,0,24,0
INV004919,P032,Pune DC,04-08-2025,24,0,0,24,0
INV004920,P032,Pune DC,11-08-2025,24,37,6,55,0
INV004921,P032,Pune DC,18-08-2025,55,0,0,55,0
INV004922,P032,Pune DC,25-08-2025,55,0,10,45,0
INV004923,P032,Pune DC,01-09-2025,45,27,0,72,0
INV004924,P032,Pune DC,08-09-2025,72,0,20,52,0
INV004925,P032,Pune DC,15-09-2025,52,0,15,37,0
INV004926,P032,Pune DC,22-09-2025,37,0,0,37,0
INV004927,P032,Pune DC,29-09-2025,37,0,19,18,0
INV004928,P032,Pune DC,06-10-2025,18,0,5,13,0
INV004929,P032,Pune DC,13-10-2025,13,0,0,13,0
INV004930,P032,Pune DC,20-10-2025,13,31,3,41,0
INV004931,P032,Pune DC,27-10-2025,41,0,3,38,0
INV004932,P032,Pune DC,03-11-2025,38,0,0,38,0
INV004933,P032,Pune DC,10-11-2025,38,27,0,65,0
INV004934,P032,Pune DC,17-11-2025,65,0,7,58,0
INV004935,P032,Pune DC,24-11-2025,58,0,15,43,0
INV004936,P032,Pune DC,01-12-2025,43,0,9,34,0
INV004937,P032,Pune DC,08-12-2025,34,0,17,17,0
INV004938,P032,Pune DC,15-12-2025,17,0,0,17,0
INV004939,P032,Pune DC,22-12-2025,17,39,0,56,0
INV004940,P032,Pune DC,29-12-2025,56,0,32,24,0
INV004941,P032,Chennai DC,06-01-2025,76,0,0,76,0
INV004942,P032,Chennai DC,13-01-2025,76,0,15,61,0
INV004943,P032,Chennai DC,20-01-2025,61,0,0,61,0
INV004944,P032,Chennai DC,27-01-2025,61,0,7,54,0
INV004945,P032,Chennai DC,03-02-2025,54,0,5,49,0
INV004946,P032,Chennai DC,10-02-2025,49,0,0,49,0
INV004947,P032,Chennai DC,17-02-2025,49,28,10,67,0
INV004948,P032,Chennai DC,24-02-2025,67,0,0,67,0
INV004949,P032,Chennai DC,03-03-2025,67,0,0,67,0
INV004950,P032,Chennai DC,10-03-2025,67,0,13,54,0
INV004951,P032,Chennai DC,17-03-2025,54,0,35,19,0
INV004952,P032,Chennai DC,24-03-2025,19,25,26,18,0
INV004953,P032,Chennai DC,31-03-2025,18,0,0,18,0
INV004954,P032,Chennai DC,07-04-2025,18,0,0,18,0
INV004955,P032,Chennai DC,14-04-2025,18,0,0,18,0
INV004956,P032,Chennai DC,21-04-2025,18,42,0,60,0
INV004957,P032,Chennai DC,28-04-2025,60,0,0,60,0
INV004958,P032,Chennai DC,05-05-2025,60,0,0,60,0
INV004959,P032,Chennai DC,12-05-2025,60,0,20,40,0
INV004960,P032,Chennai DC,19-05-2025,40,0,0,40,0
INV004961,P032,Chennai DC,26-05-2025,40,32,0,72,0
INV004962,P032,Chennai DC,02-06-2025,72,0,0,72,0
INV004963,P032,Chennai DC,09-06-2025,72,0,20,52,0
INV004964,P032,Chennai DC,16-06-2025,52,0,0,52,0
INV004965,P032,Chennai DC,23-06-2025,52,0,16,36,0
INV004966,P032,Chennai DC,30-06-2025,36,0,0,36,0
INV004967,P032,Chennai DC,07-07-2025,36,35,0,71,0
INV004968,P032,Chennai DC,14-07-2025,71,0,0,71,0
INV004969,P032,Chennai DC,21-07-2025,71,0,0,71,0
INV004970,P032,Chennai DC,28-07-2025,71,0,22,49,0
INV004971,P032,Chennai DC,04-08-2025,49,0,8,41,0
INV004972,P032,Chennai DC,11-08-2025,41,37,13,65,0
INV004973,P032,Chennai DC,18-08-2025,65,0,12,53,0
INV004974,P032,Chennai DC,25-08-2025,53,0,0,53,0
INV004975,P032,Chennai DC,01-09-2025,53,27,17,63,0
INV004976,P032,Chennai DC,08-09-2025,63,0,0,63,0
INV004977,P032,Chennai DC,15-09-2025,63,0,0,63,0
INV004978,P032,Chennai DC,22-09-2025,63,0,0,63,0
INV004979,P032,Chennai DC,29-09-2025,63,0,0,63,0
INV004980,P032,Chennai DC,06-10-2025,63,0,0,63,0
INV004981,P032,Chennai DC,13-10-2025,63,0,17,46,0
INV004982,P032,Chennai DC,20-10-2025,46,31,6,71,0
INV004983,P032,Chennai DC,27-10-2025,71,0,15,56,0
INV004984,P032,Chennai DC,03-11-2025,56,0,0,56,0
INV004985,P032,Chennai DC,10-11-2025,56,27,0,83,0
INV004986,P032,Chennai DC,17-11-2025,83,0,0,83,0
INV004987,P032,Chennai DC,24-11-2025,83,0,0,83,0
INV004988,P032,Chennai DC,01-12-2025,83,0,0,83,0
INV004989,P032,Chennai DC,08-12-2025,83,0,5,78,0
INV004990,P032,Chennai DC,15-12-2025,78,0,32,46,0
INV004991,P032,Chennai DC,22-12-2025,46,39,0,85,0
INV004992,P032,Chennai DC,29-12-2025,85,0,0,85,0
INV004993,P033,Bengaluru DC,06-01-2025,83,0,14,69,0
INV004994,P033,Bengaluru DC,13-01-2025,69,0,25,44,0
INV004995,P033,Bengaluru DC,20-01-2025,44,35,0,79,0
INV004996,P033,Bengaluru DC,27-01-2025,79,0,0,79,0
INV004997,P033,Bengaluru DC,03-02-2025,79,35,0,114,0
INV004998,P033,Bengaluru DC,10-02-2025,114,0,0,114,0
INV004999,P033,Bengaluru DC,17-02-2025,114,0,16,98,0
INV005000,P033,Bengaluru DC,24-02-2025,98,0,0,98,0
INV005001,P033,Bengaluru DC,03-03-2025,98,0,11,87,0
INV005002,P033,Bengaluru DC,10-03-2025,87,40,0,127,0
INV005003,P033,Bengaluru DC,17-03-2025,127,0,11,116,0
INV005004,P033,Bengaluru DC,24-03-2025,116,0,0,116,0
INV005005,P033,Bengaluru DC,31-03-2025,116,0,0,116,0
INV005006,P033,Bengaluru DC,07-04-2025,116,34,6,144,0
INV005007,P033,Bengaluru DC,14-04-2025,144,0,15,129,0
INV005008,P033,Bengaluru DC,21-04-2025,129,0,0,129,0
INV005009,P033,Bengaluru DC,28-04-2025,129,0,0,129,0
INV005010,P033,Bengaluru DC,05-05-2025,129,0,0,129,0
INV005011,P033,Bengaluru DC,12-05-2025,129,0,9,120,0
INV005012,P033,Bengaluru DC,19-05-2025,120,30,12,138,0
INV005013,P033,Bengaluru DC,26-05-2025,138,0,37,101,0
INV005014,P033,Bengaluru DC,02-06-2025,101,0,0,101,0
INV005015,P033,Bengaluru DC,09-06-2025,101,48,0,149,0
INV005016,P033,Bengaluru DC,16-06-2025,149,0,0,149,0
INV005017,P033,Bengaluru DC,23-06-2025,149,0,0,149,0
INV005018,P033,Bengaluru DC,30-06-2025,149,0,0,149,0
INV005019,P033,Bengaluru DC,07-07-2025,149,52,14,187,0
INV005020,P033,Bengaluru DC,14-07-2025,187,0,7,180,0
INV005021,P033,Bengaluru DC,21-07-2025,180,0,26,154,0
INV005022,P033,Bengaluru DC,28-07-2025,154,35,12,177,0
INV005023,P033,Bengaluru DC,04-08-2025,177,0,0,177,0
INV005024,P033,Bengaluru DC,11-08-2025,177,0,41,136,0
INV005025,P033,Bengaluru DC,18-08-2025,136,0,11,125,0
INV005026,P033,Bengaluru DC,25-08-2025,125,0,9,116,0
INV005027,P033,Bengaluru DC,01-09-2025,116,0,27,89,0
INV005028,P033,Bengaluru DC,08-09-2025,89,44,8,125,0
INV005029,P033,Bengaluru DC,15-09-2025,125,0,0,125,0
INV005030,P033,Bengaluru DC,22-09-2025,125,0,0,125,0
INV005031,P033,Bengaluru DC,29-09-2025,125,0,10,115,0
INV005032,P033,Bengaluru DC,06-10-2025,115,0,8,107,0
INV005033,P033,Bengaluru DC,13-10-2025,107,55,17,145,0
INV005034,P033,Bengaluru DC,20-10-2025,145,0,0,145,0
INV005035,P033,Bengaluru DC,27-10-2025,145,0,0,145,0
INV005036,P033,Bengaluru DC,03-11-2025,145,0,0,145,0
INV005037,P033,Bengaluru DC,10-11-2025,145,0,13,132,0
INV005038,P033,Bengaluru DC,17-11-2025,132,0,8,124,0
INV005039,P033,Bengaluru DC,24-11-2025,124,37,0,161,0
INV005040,P033,Bengaluru DC,01-12-2025,161,0,5,156,0
INV005041,P033,Bengaluru DC,08-12-2025,156,0,0,156,0
INV005042,P033,Bengaluru DC,15-12-2025,156,40,0,196,0
INV005043,P033,Bengaluru DC,22-12-2025,196,0,15,181,0
INV005044,P033,Bengaluru DC,29-12-2025,181,0,0,181,0
INV005045,P033,Pune DC,06-01-2025,92,0,10,82,0
INV005046,P033,Pune DC,13-01-2025,82,0,7,75,0
INV005047,P033,Pune DC,20-01-2025,75,35,16,94,0
INV005048,P033,Pune DC,27-01-2025,94,0,36,58,0
INV005049,P033,Pune DC,03-02-2025,58,35,11,82,0
INV005050,P033,Pune DC,10-02-2025,82,0,20,62,0
INV005051,P033,Pune DC,17-02-2025,62,0,17,45,0
INV005052,P033,Pune DC,24-02-2025,45,0,39,6,0
INV005053,P033,Pune DC,03-03-2025,6,0,27,0,21
INV005054,P033,Pune DC,10-03-2025,0,40,40,0,0
INV005055,P033,Pune DC,17-03-2025,0,0,9,0,9
INV005056,P033,Pune DC,24-03-2025,0,0,38,0,38
INV005057,P033,Pune DC,31-03-2025,0,0,21,0,21
INV005058,P033,Pune DC,07-04-2025,0,34,8,26,0
INV005059,P033,Pune DC,14-04-2025,26,0,14,12,0
INV005060,P033,Pune DC,21-04-2025,12,0,31,0,19
INV005061,P033,Pune DC,28-04-2025,0,0,34,0,34
INV005062,P033,Pune DC,05-05-2025,0,0,35,0,35
INV005063,P033,Pune DC,12-05-2025,0,0,7,0,7
INV005064,P033,Pune DC,19-05-2025,0,30,24,6,0
INV005065,P033,Pune DC,26-05-2025,6,0,0,6,0
INV005066,P033,Pune DC,02-06-2025,6,0,25,0,19
INV005067,P033,Pune DC,09-06-2025,0,48,30,18,0
INV005068,P033,Pune DC,16-06-2025,18,0,21,0,3
INV005069,P033,Pune DC,23-06-2025,0,0,0,0,0
INV005070,P033,Pune DC,30-06-2025,0,0,0,0,0
INV005071,P033,Pune DC,07-07-2025,0,52,12,40,0
INV005072,P033,Pune DC,14-07-2025,40,0,19,21,0
INV005073,P033,Pune DC,21-07-2025,21,0,0,21,0
INV005074,P033,Pune DC,28-07-2025,21,35,16,40,0
INV005075,P033,Pune DC,04-08-2025,40,0,0,40,0
INV005076,P033,Pune DC,11-08-2025,40,0,0,40,0
INV005077,P033,Pune DC,18-08-2025,40,0,0,40,0
INV005078,P033,Pune DC,25-08-2025,40,0,0,40,0
INV005079,P033,Pune DC,01-09-2025,40,0,0,40,0
INV005080,P033,Pune DC,08-09-2025,40,44,0,84,0
INV005081,P033,Pune DC,15-09-2025,84,0,15,69,0
INV005082,P033,Pune DC,22-09-2025,69,0,23,46,0
INV005083,P033,Pune DC,29-09-2025,46,0,0,46,0
INV005084,P033,Pune DC,06-10-2025,46,0,13,33,0
INV005085,P033,Pune DC,13-10-2025,33,55,0,88,0
INV005086,P033,Pune DC,20-10-2025,88,0,30,58,0
INV005087,P033,Pune DC,27-10-2025,58,0,22,36,0
INV005088,P033,Pune DC,03-11-2025,36,0,13,23,0
INV005089,P033,Pune DC,10-11-2025,23,0,8,15,0
INV005090,P033,Pune DC,17-11-2025,15,0,14,1,0
INV005091,P033,Pune DC,24-11-2025,1,37,30,8,0
INV005092,P033,Pune DC,01-12-2025,8,0,11,0,3
INV005093,P033,Pune DC,08-12-2025,0,0,0,0,0
INV005094,P033,Pune DC,15-12-2025,0,40,0,40,0
INV005095,P033,Pune DC,22-12-2025,40,0,0,40,0
INV005096,P033,Pune DC,29-12-2025,40,0,33,7,0
INV005097,P033,Chennai DC,06-01-2025,102,0,0,102,0
INV005098,P033,Chennai DC,13-01-2025,102,0,0,102,0
INV005099,P033,Chennai DC,20-01-2025,102,35,13,124,0
INV005100,P033,Chennai DC,27-01-2025,124,0,0,124,0
INV005101,P033,Chennai DC,03-02-2025,124,35,12,147,0
INV005102,P033,Chennai DC,10-02-2025,147,0,9,138,0
INV005103,P033,Chennai DC,17-02-2025,138,0,0,138,0
INV005104,P033,Chennai DC,24-02-2025,138,0,0,138,0
INV005105,P033,Chennai DC,03-03-2025,138,0,0,138,0
INV005106,P033,Chennai DC,10-03-2025,138,40,0,178,0
INV005107,P033,Chennai DC,17-03-2025,178,0,9,169,0
INV005108,P033,Chennai DC,24-03-2025,169,0,0,169,0
INV005109,P033,Chennai DC,31-03-2025,169,0,16,153,0
INV005110,P033,Chennai DC,07-04-2025,153,34,10,177,0
INV005111,P033,Chennai DC,14-04-2025,177,0,15,162,0
INV005112,P033,Chennai DC,21-04-2025,162,0,0,162,0
INV005113,P033,Chennai DC,28-04-2025,162,0,0,162,0
INV005114,P033,Chennai DC,05-05-2025,162,0,0,162,0
INV005115,P033,Chennai DC,12-05-2025,162,0,13,149,0
INV005116,P033,Chennai DC,19-05-2025,149,30,0,179,0
INV005117,P033,Chennai DC,26-05-2025,179,0,0,179,0
INV005118,P033,Chennai DC,02-06-2025,179,0,8,171,0
INV005119,P033,Chennai DC,09-06-2025,171,48,0,219,0
INV005120,P033,Chennai DC,16-06-2025,219,0,16,203,0
INV005121,P033,Chennai DC,23-06-2025,203,0,30,173,0
INV005122,P033,Chennai DC,30-06-2025,173,0,26,147,0
INV005123,P033,Chennai DC,07-07-2025,147,52,0,199,0
INV005124,P033,Chennai DC,14-07-2025,199,0,0,199,0
INV005125,P033,Chennai DC,21-07-2025,199,0,0,199,0
INV005126,P033,Chennai DC,28-07-2025,199,35,0,234,0
INV005127,P033,Chennai DC,04-08-2025,234,0,34,200,0
INV005128,P033,Chennai DC,11-08-2025,200,0,0,200,0
INV005129,P033,Chennai DC,18-08-2025,200,0,15,185,0
INV005130,P033,Chennai DC,25-08-2025,185,0,19,166,0
INV005131,P033,Chennai DC,01-09-2025,166,0,0,166,0
INV005132,P033,Chennai DC,08-09-2025,166,44,14,196,0
INV005133,P033,Chennai DC,15-09-2025,196,0,0,196,0
INV005134,P033,Chennai DC,22-09-2025,196,0,0,196,0
INV005135,P033,Chennai DC,29-09-2025,196,0,19,177,0
INV005136,P033,Chennai DC,06-10-2025,177,0,3,174,0
INV005137,P033,Chennai DC,13-10-2025,174,55,0,229,0
INV005138,P033,Chennai DC,20-10-2025,229,0,0,229,0
INV005139,P033,Chennai DC,27-10-2025,229,0,0,229,0
INV005140,P033,Chennai DC,03-11-2025,229,0,16,213,0
INV005141,P033,Chennai DC,10-11-2025,213,0,0,213,0
INV005142,P033,Chennai DC,17-11-2025,213,0,0,213,0
INV005143,P033,Chennai DC,24-11-2025,213,37,0,250,0
INV005144,P033,Chennai DC,01-12-2025,250,0,0,250,0
INV005145,P033,Chennai DC,08-12-2025,250,0,29,221,0
INV005146,P033,Chennai DC,15-12-2025,221,40,37,224,0
INV005147,P033,Chennai DC,22-12-2025,224,0,7,217,0
INV005148,P033,Chennai DC,29-12-2025,217,0,0,217,0
INV005149,P034,Bengaluru DC,06-01-2025,397,0,48,349,0
INV005150,P034,Bengaluru DC,13-01-2025,349,147,0,496,0
INV005151,P034,Bengaluru DC,20-01-2025,496,0,129,367,0
INV005152,P034,Bengaluru DC,27-01-2025,367,0,39,328,0
INV005153,P034,Bengaluru DC,03-02-2025,328,0,0,328,0
INV005154,P034,Bengaluru DC,10-02-2025,328,0,98,230,0
INV005155,P034,Bengaluru DC,17-02-2025,230,226,62,394,0
INV005156,P034,Bengaluru DC,24-02-2025,394,0,0,394,0
INV005157,P034,Bengaluru DC,03-03-2025,394,0,110,284,0
INV005158,P034,Bengaluru DC,10-03-2025,284,0,47,237,0
INV005159,P034,Bengaluru DC,17-03-2025,237,0,55,182,0
INV005160,P034,Bengaluru DC,24-03-2025,182,224,0,406,0
INV005161,P034,Bengaluru DC,31-03-2025,406,0,0,406,0
INV005162,P034,Bengaluru DC,07-04-2025,406,0,0,406,0
INV005163,P034,Bengaluru DC,14-04-2025,406,0,52,354,0
INV005164,P034,Bengaluru DC,21-04-2025,354,236,0,590,0
INV005165,P034,Bengaluru DC,28-04-2025,590,0,50,540,0
INV005166,P034,Bengaluru DC,05-05-2025,540,0,0,540,0
INV005167,P034,Bengaluru DC,12-05-2025,540,0,0,540,0
INV005168,P034,Bengaluru DC,19-05-2025,540,200,46,694,0
INV005169,P034,Bengaluru DC,26-05-2025,694,0,0,694,0
INV005170,P034,Bengaluru DC,02-06-2025,694,0,147,547,0
INV005171,P034,Bengaluru DC,09-06-2025,547,0,0,547,0
INV005172,P034,Bengaluru DC,16-06-2025,547,252,96,703,0
INV005173,P034,Bengaluru DC,23-06-2025,703,0,101,602,0
INV005174,P034,Bengaluru DC,30-06-2025,602,0,0,602,0
INV005175,P034,Bengaluru DC,07-07-2025,602,192,0,794,0
INV005176,P034,Bengaluru DC,14-07-2025,794,0,0,794,0
INV005177,P034,Bengaluru DC,21-07-2025,794,0,0,794,0
INV005178,P034,Bengaluru DC,28-07-2025,794,0,128,666,0
INV005179,P034,Bengaluru DC,04-08-2025,666,0,50,616,0
INV005180,P034,Bengaluru DC,11-08-2025,616,0,0,616,0
INV005181,P034,Bengaluru DC,18-08-2025,616,227,53,790,0
INV005182,P034,Bengaluru DC,25-08-2025,790,0,78,712,0
INV005183,P034,Bengaluru DC,01-09-2025,712,255,78,889,0
INV005184,P034,Bengaluru DC,08-09-2025,889,0,0,889,0
INV005185,P034,Bengaluru DC,15-09-2025,889,0,0,889,0
INV005186,P034,Bengaluru DC,22-09-2025,889,0,0,889,0
INV005187,P034,Bengaluru DC,29-09-2025,889,0,114,775,0
INV005188,P034,Bengaluru DC,06-10-2025,775,0,46,729,0
INV005189,P034,Bengaluru DC,13-10-2025,729,161,64,826,0
INV005190,P034,Bengaluru DC,20-10-2025,826,0,0,826,0
INV005191,P034,Bengaluru DC,27-10-2025,826,0,0,826,0
INV005192,P034,Bengaluru DC,03-11-2025,826,252,0,1078,0
INV005193,P034,Bengaluru DC,10-11-2025,1078,0,120,958,0
INV005194,P034,Bengaluru DC,17-11-2025,958,0,118,840,0
INV005195,P034,Bengaluru DC,24-11-2025,840,0,86,754,0
INV005196,P034,Bengaluru DC,01-12-2025,754,177,0,931,0
INV005197,P034,Bengaluru DC,08-12-2025,931,0,74,857,0
INV005198,P034,Bengaluru DC,15-12-2025,857,0,43,814,0
INV005199,P034,Bengaluru DC,22-12-2025,814,0,45,769,0
INV005200,P034,Bengaluru DC,29-12-2025,769,0,0,769,0
INV005201,P034,Pune DC,06-01-2025,469,0,92,377,0
INV005202,P034,Pune DC,13-01-2025,377,147,144,380,0
INV005203,P034,Pune DC,20-01-2025,380,0,0,380,0
INV005204,P034,Pune DC,27-01-2025,380,0,112,268,0
INV005205,P034,Pune DC,03-02-2025,268,0,177,91,0
INV005206,P034,Pune DC,10-02-2025,91,0,0,91,0
INV005207,P034,Pune DC,17-02-2025,91,226,110,207,0
INV005208,P034,Pune DC,24-02-2025,207,0,113,94,0
INV005209,P034,Pune DC,03-03-2025,94,0,47,47,0
INV005210,P034,Pune DC,10-03-2025,47,0,57,0,10
INV005211,P034,Pune DC,17-03-2025,0,0,114,0,114
INV005212,P034,Pune DC,24-03-2025,0,224,102,122,0
INV005213,P034,Pune DC,31-03-2025,122,0,60,62,0
INV005214,P034,Pune DC,07-04-2025,62,0,154,0,92
INV005215,P034,Pune DC,14-04-2025,0,0,0,0,0
INV005216,P034,Pune DC,21-04-2025,0,236,170,66,0
INV005217,P034,Pune DC,28-04-2025,66,0,58,8,0
INV005218,P034,Pune DC,05-05-2025,8,0,159,0,151
INV005219,P034,Pune DC,12-05-2025,0,0,152,0,152
INV005220,P034,Pune DC,19-05-2025,0,200,103,97,0
INV005221,P034,Pune DC,26-05-2025,97,0,161,0,64
INV005222,P034,Pune DC,02-06-2025,0,0,0,0,0
INV005223,P034,Pune DC,09-06-2025,0,0,0,0,0
INV005224,P034,Pune DC,16-06-2025,0,252,0,252,0
INV005225,P034,Pune DC,23-06-2025,252,0,0,252,0
INV005226,P034,Pune DC,30-06-2025,252,0,106,146,0
INV005227,P034,Pune DC,07-07-2025,146,192,124,214,0
INV005228,P034,Pune DC,14-07-2025,214,0,126,88,0
INV005229,P034,Pune DC,21-07-2025,88,0,43,45,0
INV005230,P034,Pune DC,28-07-2025,45,0,0,45,0
INV005231,P034,Pune DC,04-08-2025,45,0,0,45,0
INV005232,P034,Pune DC,11-08-2025,45,0,0,45,0
INV005233,P034,Pune DC,18-08-2025,45,227,37,235,0
INV005234,P034,Pune DC,25-08-2025,235,0,55,180,0
INV005235,P034,Pune DC,01-09-2025,180,255,48,387,0
INV005236,P034,Pune DC,08-09-2025,387,0,71,316,0
INV005237,P034,Pune DC,15-09-2025,316,0,103,213,0
INV005238,P034,Pune DC,22-09-2025,213,0,114,99,0
INV005239,P034,Pune DC,29-09-2025,99,0,0,99,0
INV005240,P034,Pune DC,06-10-2025,99,0,63,36,0
INV005241,P034,Pune DC,13-10-2025,36,161,0,197,0
INV005242,P034,Pune DC,20-10-2025,197,0,53,144,0
INV005243,P034,Pune DC,27-10-2025,144,0,85,59,0
INV005244,P034,Pune DC,03-11-2025,59,252,0,311,0
INV005245,P034,Pune DC,10-11-2025,311,0,0,311,0
INV005246,P034,Pune DC,17-11-2025,311,0,0,311,0
INV005247,P034,Pune DC,24-11-2025,311,0,45,266,0
INV005248,P034,Pune DC,01-12-2025,266,177,120,323,0
INV005249,P034,Pune DC,08-12-2025,323,0,63,260,0
INV005250,P034,Pune DC,15-12-2025,260,0,74,186,0
INV005251,P034,Pune DC,22-12-2025,186,0,85,101,0
INV005252,P034,Pune DC,29-12-2025,101,0,0,101,0
INV005253,P034,Chennai DC,06-01-2025,542,0,0,542,0
INV005254,P034,Chennai DC,13-01-2025,542,147,0,689,0
INV005255,P034,Chennai DC,20-01-2025,689,0,0,689,0
INV005256,P034,Chennai DC,27-01-2025,689,0,0,689,0
INV005257,P034,Chennai DC,03-02-2025,689,0,0,689,0
INV005258,P034,Chennai DC,10-02-2025,689,0,51,638,0
INV005259,P034,Chennai DC,17-02-2025,638,226,0,864,0
INV005260,P034,Chennai DC,24-02-2025,864,0,62,802,0
INV005261,P034,Chennai DC,03-03-2025,802,0,0,802,0
INV005262,P034,Chennai DC,10-03-2025,802,0,56,746,0
INV005263,P034,Chennai DC,17-03-2025,746,0,0,746,0
INV005264,P034,Chennai DC,24-03-2025,746,224,77,893,0
INV005265,P034,Chennai DC,31-03-2025,893,0,104,789,0
INV005266,P034,Chennai DC,07-04-2025,789,0,0,789,0
INV005267,P034,Chennai DC,14-04-2025,789,0,100,689,0
INV005268,P034,Chennai DC,21-04-2025,689,236,0,925,0
INV005269,P034,Chennai DC,28-04-2025,925,0,60,865,0
INV005270,P034,Chennai DC,05-05-2025,865,0,0,865,0
INV005271,P034,Chennai DC,12-05-2025,865,0,0,865,0
INV005272,P034,Chennai DC,19-05-2025,865,200,0,1065,0
INV005273,P034,Chennai DC,26-05-2025,1065,0,0,1065,0
INV005274,P034,Chennai DC,02-06-2025,1065,0,0,1065,0
INV005275,P034,Chennai DC,09-06-2025,1065,0,143,922,0
INV005276,P034,Chennai DC,16-06-2025,922,252,44,1130,0
INV005277,P034,Chennai DC,23-06-2025,1130,0,45,1085,0
INV005278,P034,Chennai DC,30-06-2025,1085,0,39,1046,0
INV005279,P034,Chennai DC,07-07-2025,1046,192,0,1238,0
INV005280,P034,Chennai DC,14-07-2025,1238,0,0,1238,0
INV005281,P034,Chennai DC,21-07-2025,1238,0,98,1140,0
INV005282,P034,Chennai DC,28-07-2025,1140,0,0,1140,0
INV005283,P034,Chennai DC,04-08-2025,1140,0,56,1084,0
INV005284,P034,Chennai DC,11-08-2025,1084,0,120,964,0
INV005285,P034,Chennai DC,18-08-2025,964,227,42,1149,0
INV005286,P034,Chennai DC,25-08-2025,1149,0,0,1149,0
INV005287,P034,Chennai DC,01-09-2025,1149,255,0,1404,0
INV005288,P034,Chennai DC,08-09-2025,1404,0,32,1372,0
INV005289,P034,Chennai DC,15-09-2025,1372,0,0,1372,0
INV005290,P034,Chennai DC,22-09-2025,1372,0,0,1372,0
INV005291,P034,Chennai DC,29-09-2025,1372,0,0,1372,0
INV005292,P034,Chennai DC,06-10-2025,1372,0,0,1372,0
INV005293,P034,Chennai DC,13-10-2025,1372,161,54,1479,0
INV005294,P034,Chennai DC,20-10-2025,1479,0,48,1431,0
INV005295,P034,Chennai DC,27-10-2025,1431,0,42,1389,0
INV005296,P034,Chennai DC,03-11-2025,1389,252,130,1511,0
INV005297,P034,Chennai DC,10-11-2025,1511,0,0,1511,0
INV005298,P034,Chennai DC,17-11-2025,1511,0,0,1511,0
INV005299,P034,Chennai DC,24-11-2025,1511,0,0,1511,0
INV005300,P034,Chennai DC,01-12-2025,1511,177,0,1688,0
INV005301,P034,Chennai DC,08-12-2025,1688,0,0,1688,0
INV005302,P034,Chennai DC,15-12-2025,1688,0,0,1688,0
INV005303,P034,Chennai DC,22-12-2025,1688,0,0,1688,0
INV005304,P034,Chennai DC,29-12-2025,1688,0,132,1556,0
INV005305,P035,Bengaluru DC,06-01-2025,470,0,0,470,0
INV005306,P035,Bengaluru DC,13-01-2025,470,0,44,426,0
INV005307,P035,Bengaluru DC,20-01-2025,426,0,0,426,0
INV005308,P035,Bengaluru DC,27-01-2025,426,0,0,426,0
INV005309,P035,Bengaluru DC,03-02-2025,426,128,53,501,0
INV005310,P035,Bengaluru DC,10-02-2025,501,0,73,428,0
INV005311,P035,Bengaluru DC,17-02-2025,428,0,0,428,0
INV005312,P035,Bengaluru DC,24-02-2025,428,0,49,379,0
INV005313,P035,Bengaluru DC,03-03-2025,379,197,0,576,0
INV005314,P035,Bengaluru DC,10-03-2025,576,0,45,531,0
INV005315,P035,Bengaluru DC,17-03-2025,531,0,0,531,0
INV005316,P035,Bengaluru DC,24-03-2025,531,246,131,646,0
INV005317,P035,Bengaluru DC,31-03-2025,646,0,0,646,0
INV005318,P035,Bengaluru DC,07-04-2025,646,0,62,584,0
INV005319,P035,Bengaluru DC,14-04-2025,584,0,61,523,0
INV005320,P035,Bengaluru DC,21-04-2025,523,199,0,722,0
INV005321,P035,Bengaluru DC,28-04-2025,722,0,49,673,0
INV005322,P035,Bengaluru DC,05-05-2025,673,183,57,799,0
INV005323,P035,Bengaluru DC,12-05-2025,799,0,57,742,0
INV005324,P035,Bengaluru DC,19-05-2025,742,0,131,611,0
INV005325,P035,Bengaluru DC,26-05-2025,611,0,0,611,0
INV005326,P035,Bengaluru DC,02-06-2025,611,172,136,647,0
INV005327,P035,Bengaluru DC,09-06-2025,647,0,42,605,0
INV005328,P035,Bengaluru DC,16-06-2025,605,0,0,605,0
INV005329,P035,Bengaluru DC,23-06-2025,605,0,0,605,0
INV005330,P035,Bengaluru DC,30-06-2025,605,0,68,537,0
INV005331,P035,Bengaluru DC,07-07-2025,537,0,38,499,0
INV005332,P035,Bengaluru DC,14-07-2025,499,130,72,557,0
INV005333,P035,Bengaluru DC,21-07-2025,557,0,132,425,0
INV005334,P035,Bengaluru DC,28-07-2025,425,0,94,331,0
INV005335,P035,Bengaluru DC,04-08-2025,331,0,0,331,0
INV005336,P035,Bengaluru DC,11-08-2025,331,141,59,413,0
INV005337,P035,Bengaluru DC,18-08-2025,413,0,37,376,0
INV005338,P035,Bengaluru DC,25-08-2025,376,0,64,312,0
INV005339,P035,Bengaluru DC,01-09-2025,312,0,67,245,0
INV005340,P035,Bengaluru DC,08-09-2025,245,0,0,245,0
INV005341,P035,Bengaluru DC,15-09-2025,245,130,28,347,0
INV005342,P035,Bengaluru DC,22-09-2025,347,0,0,347,0
INV005343,P035,Bengaluru DC,29-09-2025,347,0,0,347,0
INV005344,P035,Bengaluru DC,06-10-2025,347,0,99,248,0
INV005345,P035,Bengaluru DC,13-10-2025,248,0,26,222,0
INV005346,P035,Bengaluru DC,20-10-2025,222,0,34,188,0
INV005347,P035,Bengaluru DC,27-10-2025,188,237,0,425,0
INV005348,P035,Bengaluru DC,03-11-2025,425,0,0,425,0
INV005349,P035,Bengaluru DC,10-11-2025,425,0,59,366,0
INV005350,P035,Bengaluru DC,17-11-2025,366,0,29,337,0
INV005351,P035,Bengaluru DC,24-11-2025,337,164,99,402,0
INV005352,P035,Bengaluru DC,01-12-2025,402,0,35,367,0
INV005353,P035,Bengaluru DC,08-12-2025,367,0,0,367,0
INV005354,P035,Bengaluru DC,15-12-2025,367,0,47,320,0
INV005355,P035,Bengaluru DC,22-12-2025,320,131,41,410,0
INV005356,P035,Bengaluru DC,29-12-2025,410,0,0,410,0
INV005357,P035,Pune DC,06-01-2025,314,0,130,184,0
INV005358,P035,Pune DC,13-01-2025,184,0,49,135,0
INV005359,P035,Pune DC,20-01-2025,135,0,93,42,0
INV005360,P035,Pune DC,27-01-2025,42,0,0,42,0
INV005361,P035,Pune DC,03-02-2025,42,128,0,170,0
INV005362,P035,Pune DC,10-02-2025,170,0,73,97,0
INV005363,P035,Pune DC,17-02-2025,97,0,80,17,0
INV005364,P035,Pune DC,24-02-2025,17,0,0,17,0
INV005365,P035,Pune DC,03-03-2025,17,197,0,214,0
INV005366,P035,Pune DC,10-03-2025,214,0,52,162,0
INV005367,P035,Pune DC,17-03-2025,162,0,150,12,0
INV005368,P035,Pune DC,24-03-2025,12,246,0,258,0
INV005369,P035,Pune DC,31-03-2025,258,0,0,258,0
INV005370,P035,Pune DC,07-04-2025,258,0,0,258,0
INV005371,P035,Pune DC,14-04-2025,258,0,0,258,0
INV005372,P035,Pune DC,21-04-2025,258,199,68,389,0
INV005373,P035,Pune DC,28-04-2025,389,0,85,304,0
INV005374,P035,Pune DC,05-05-2025,304,183,0,487,0
INV005375,P035,Pune DC,12-05-2025,487,0,0,487,0
INV005376,P035,Pune DC,19-05-2025,487,0,0,487,0
INV005377,P035,Pune DC,26-05-2025,487,0,134,353,0
INV005378,P035,Pune DC,02-06-2025,353,172,0,525,0
INV005379,P035,Pune DC,09-06-2025,525,0,42,483,0
INV005380,P035,Pune DC,16-06-2025,483,0,21,462,0
INV005381,P035,Pune DC,23-06-2025,462,0,0,462,0
INV005382,P035,Pune DC,30-06-2025,462,0,41,421,0
INV005383,P035,Pune DC,07-07-2025,421,0,33,388,0
INV005384,P035,Pune DC,14-07-2025,388,130,0,518,0
INV005385,P035,Pune DC,21-07-2025,518,0,0,518,0
INV005386,P035,Pune DC,28-07-2025,518,0,0,518,0
INV005387,P035,Pune DC,04-08-2025,518,0,0,518,0
INV005388,P035,Pune DC,11-08-2025,518,141,44,615,0
INV005389,P035,Pune DC,18-08-2025,615,0,36,579,0
INV005390,P035,Pune DC,25-08-2025,579,0,48,531,0
INV005391,P035,Pune DC,01-09-2025,531,0,0,531,0
INV005392,P035,Pune DC,08-09-2025,531,0,115,416,0
INV005393,P035,Pune DC,15-09-2025,416,130,41,505,0
INV005394,P035,Pune DC,22-09-2025,505,0,94,411,0
INV005395,P035,Pune DC,29-09-2025,411,0,30,381,0
INV005396,P035,Pune DC,06-10-2025,381,0,0,381,0
INV005397,P035,Pune DC,13-10-2025,381,0,0,381,0
INV005398,P035,Pune DC,20-10-2025,381,0,57,324,0
INV005399,P035,Pune DC,27-10-2025,324,237,61,500,0
INV005400,P035,Pune DC,03-11-2025,500,0,52,448,0
INV005401,P035,Pune DC,10-11-2025,448,0,0,448,0
INV005402,P035,Pune DC,17-11-2025,448,0,66,382,0
INV005403,P035,Pune DC,24-11-2025,382,164,0,546,0
INV005404,P035,Pune DC,01-12-2025,546,0,40,506,0
INV005405,P035,Pune DC,08-12-2025,506,0,126,380,0
INV005406,P035,Pune DC,15-12-2025,380,0,0,380,0
INV005407,P035,Pune DC,22-12-2025,380,131,39,472,0
INV005408,P035,Pune DC,29-12-2025,472,0,0,472,0
INV005409,P035,Chennai DC,06-01-2025,457,0,0,457,0
INV005410,P035,Chennai DC,13-01-2025,457,0,48,409,0
INV005411,P035,Chennai DC,20-01-2025,409,0,34,375,0
INV005412,P035,Chennai DC,27-01-2025,375,0,131,244,0
INV005413,P035,Chennai DC,03-02-2025,244,128,85,287,0
INV005414,P035,Chennai DC,10-02-2025,287,0,0,287,0
INV005415,P035,Chennai DC,17-02-2025,287,0,47,240,0
INV005416,P035,Chennai DC,24-02-2025,240,0,83,157,0
INV005417,P035,Chennai DC,03-03-2025,157,197,133,221,0
INV005418,P035,Chennai DC,10-03-2025,221,0,39,182,0
INV005419,P035,Chennai DC,17-03-2025,182,0,0,182,0
INV005420,P035,Chennai DC,24-03-2025,182,246,0,428,0
INV005421,P035,Chennai DC,31-03-2025,428,0,161,267,0
INV005422,P035,Chennai DC,07-04-2025,267,0,89,178,0
INV005423,P035,Chennai DC,14-04-2025,178,0,73,105,0
INV005424,P035,Chennai DC,21-04-2025,105,199,67,237,0
INV005425,P035,Chennai DC,28-04-2025,237,0,0,237,0
INV005426,P035,Chennai DC,05-05-2025,237,183,65,355,0
INV005427,P035,Chennai DC,12-05-2025,355,0,64,291,0
INV005428,P035,Chennai DC,19-05-2025,291,0,0,291,0
INV005429,P035,Chennai DC,26-05-2025,291,0,0,291,0
INV005430,P035,Chennai DC,02-06-2025,291,172,0,463,0
INV005431,P035,Chennai DC,09-06-2025,463,0,35,428,0
INV005432,P035,Chennai DC,16-06-2025,428,0,95,333,0
INV005433,P035,Chennai DC,23-06-2025,333,0,121,212,0
INV005434,P035,Chennai DC,30-06-2025,212,0,0,212,0
INV005435,P035,Chennai DC,07-07-2025,212,0,41,171,0
INV005436,P035,Chennai DC,14-07-2025,171,130,36,265,0
INV005437,P035,Chennai DC,21-07-2025,265,0,0,265,0
INV005438,P035,Chennai DC,28-07-2025,265,0,0,265,0
INV005439,P035,Chennai DC,04-08-2025,265,0,104,161,0
INV005440,P035,Chennai DC,11-08-2025,161,141,0,302,0
INV005441,P035,Chennai DC,18-08-2025,302,0,32,270,0
INV005442,P035,Chennai DC,25-08-2025,270,0,0,270,0
INV005443,P035,Chennai DC,01-09-2025,270,0,42,228,0
INV005444,P035,Chennai DC,08-09-2025,228,0,0,228,0
INV005445,P035,Chennai DC,15-09-2025,228,130,40,318,0
INV005446,P035,Chennai DC,22-09-2025,318,0,0,318,0
INV005447,P035,Chennai DC,29-09-2025,318,0,68,250,0
INV005448,P035,Chennai DC,06-10-2025,250,0,0,250,0
INV005449,P035,Chennai DC,13-10-2025,250,0,68,182,0
INV005450,P035,Chennai DC,20-10-2025,182,0,0,182,0
INV005451,P035,Chennai DC,27-10-2025,182,237,42,377,0
INV005452,P035,Chennai DC,03-11-2025,377,0,56,321,0
INV005453,P035,Chennai DC,10-11-2025,321,0,31,290,0
INV005454,P035,Chennai DC,17-11-2025,290,0,0,290,0
INV005455,P035,Chennai DC,24-11-2025,290,164,0,454,0
INV005456,P035,Chennai DC,01-12-2025,454,0,29,425,0
INV005457,P035,Chennai DC,08-12-2025,425,0,0,425,0
INV005458,P035,Chennai DC,15-12-2025,425,0,70,355,0
INV005459,P035,Chennai DC,22-12-2025,355,131,39,447,0
INV005460,P035,Chennai DC,29-12-2025,447,0,125,322,0
INV005461,P036,Bengaluru DC,06-01-2025,831,0,0,831,0
INV005462,P036,Bengaluru DC,13-01-2025,831,0,99,732,0
INV005463,P036,Bengaluru DC,20-01-2025,732,267,0,999,0
INV005464,P036,Bengaluru DC,27-01-2025,999,0,244,755,0
INV005465,P036,Bengaluru DC,03-02-2025,755,0,70,685,0
INV005466,P036,Bengaluru DC,10-02-2025,685,0,0,685,0
INV005467,P036,Bengaluru DC,17-02-2025,685,0,0,685,0
INV005468,P036,Bengaluru DC,24-02-2025,685,0,0,685,0
INV005469,P036,Bengaluru DC,03-03-2025,685,374,0,1059,0
INV005470,P036,Bengaluru DC,10-03-2025,1059,0,0,1059,0
INV005471,P036,Bengaluru DC,17-03-2025,1059,0,0,1059,0
INV005472,P036,Bengaluru DC,24-03-2025,1059,288,159,1188,0
INV005473,P036,Bengaluru DC,31-03-2025,1188,0,0,1188,0
INV005474,P036,Bengaluru DC,07-04-2025,1188,0,95,1093,0
INV005475,P036,Bengaluru DC,14-04-2025,1093,0,247,846,0
INV005476,P036,Bengaluru DC,21-04-2025,846,0,183,663,0
INV005477,P036,Bengaluru DC,28-04-2025,663,380,267,776,0
INV005478,P036,Bengaluru DC,05-05-2025,776,0,80,696,0
INV005479,P036,Bengaluru DC,12-05-2025,696,299,89,906,0
INV005480,P036,Bengaluru DC,19-05-2025,906,0,133,773,0
INV005481,P036,Bengaluru DC,26-05-2025,773,0,159,614,0
INV005482,P036,Bengaluru DC,02-06-2025,614,0,140,474,0
INV005483,P036,Bengaluru DC,09-06-2025,474,475,118,831,0
INV005484,P036,Bengaluru DC,16-06-2025,831,0,125,706,0
INV005485,P036,Bengaluru DC,23-06-2025,706,0,0,706,0
INV005486,P036,Bengaluru DC,30-06-2025,706,0,0,706,0
INV005487,P036,Bengaluru DC,07-07-2025,706,246,79,873,0
INV005488,P036,Bengaluru DC,14-07-2025,873,0,225,648,0
INV005489,P036,Bengaluru DC,21-07-2025,648,0,89,559,0
INV005490,P036,Bengaluru DC,28-07-2025,559,0,0,559,0
INV005491,P036,Bengaluru DC,04-08-2025,559,0,118,441,0
INV005492,P036,Bengaluru DC,11-08-2025,441,0,0,441,0
INV005493,P036,Bengaluru DC,18-08-2025,441,0,0,441,0
INV005494,P036,Bengaluru DC,25-08-2025,441,382,0,823,0
INV005495,P036,Bengaluru DC,01-09-2025,823,0,0,823,0
INV005496,P036,Bengaluru DC,08-09-2025,823,0,168,655,0
INV005497,P036,Bengaluru DC,15-09-2025,655,479,143,991,0
INV005498,P036,Bengaluru DC,22-09-2025,991,0,193,798,0
INV005499,P036,Bengaluru DC,29-09-2025,798,0,0,798,0
INV005500,P036,Bengaluru DC,06-10-2025,798,0,54,744,0
INV005501,P036,Bengaluru DC,13-10-2025,744,307,52,999,0
INV005502,P036,Bengaluru DC,20-10-2025,999,0,0,999,0
INV005503,P036,Bengaluru DC,27-10-2025,999,0,77,922,0
INV005504,P036,Bengaluru DC,03-11-2025,922,282,0,1204,0
INV005505,P036,Bengaluru DC,10-11-2025,1204,0,0,1204,0
INV005506,P036,Bengaluru DC,17-11-2025,1204,0,65,1139,0
INV005507,P036,Bengaluru DC,24-11-2025,1139,0,0,1139,0
INV005508,P036,Bengaluru DC,01-12-2025,1139,0,66,1073,0
INV005509,P036,Bengaluru DC,08-12-2025,1073,279,212,1140,0
INV005510,P036,Bengaluru DC,15-12-2025,1140,0,0,1140,0
INV005511,P036,Bengaluru DC,22-12-2025,1140,0,145,995,0
INV005512,P036,Bengaluru DC,29-12-2025,995,0,0,995,0
INV005513,P036,Pune DC,06-01-2025,930,0,231,699,0
INV005514,P036,Pune DC,13-01-2025,699,0,77,622,0
INV005515,P036,Pune DC,20-01-2025,622,267,0,889,0
INV005516,P036,Pune DC,27-01-2025,889,0,0,889,0
INV005517,P036,Pune DC,03-02-2025,889,0,99,790,0
INV005518,P036,Pune DC,10-02-2025,790,0,220,570,0
INV005519,P036,Pune DC,17-02-2025,570,0,184,386,0
INV005520,P036,Pune DC,24-02-2025,386,0,0,386,0
INV005521,P036,Pune DC,03-03-2025,386,374,256,504,0
INV005522,P036,Pune DC,10-03-2025,504,0,0,504,0
INV005523,P036,Pune DC,17-03-2025,504,0,170,334,0
INV005524,P036,Pune DC,24-03-2025,334,288,0,622,0
INV005525,P036,Pune DC,31-03-2025,622,0,275,347,0
INV005526,P036,Pune DC,07-04-2025,347,0,189,158,0
INV005527,P036,Pune DC,14-04-2025,158,0,0,158,0
INV005528,P036,Pune DC,21-04-2025,158,0,0,158,0
INV005529,P036,Pune DC,28-04-2025,158,380,0,538,0
INV005530,P036,Pune DC,05-05-2025,538,0,187,351,0
INV005531,P036,Pune DC,12-05-2025,351,299,83,567,0
INV005532,P036,Pune DC,19-05-2025,567,0,0,567,0
INV005533,P036,Pune DC,26-05-2025,567,0,0,567,0
INV005534,P036,Pune DC,02-06-2025,567,0,0,567,0
INV005535,P036,Pune DC,09-06-2025,567,475,0,1042,0
INV005536,P036,Pune DC,16-06-2025,1042,0,126,916,0
INV005537,P036,Pune DC,23-06-2025,916,0,0,916,0
INV005538,P036,Pune DC,30-06-2025,916,0,0,916,0
INV005539,P036,Pune DC,07-07-2025,916,246,72,1090,0
INV005540,P036,Pune DC,14-07-2025,1090,0,0,1090,0
INV005541,P036,Pune DC,21-07-2025,1090,0,131,959,0
INV005542,P036,Pune DC,28-07-2025,959,0,121,838,0
INV005543,P036,Pune DC,04-08-2025,838,0,109,729,0
INV005544,P036,Pune DC,11-08-2025,729,0,0,729,0
INV005545,P036,Pune DC,18-08-2025,729,0,65,664,0
INV005546,P036,Pune DC,25-08-2025,664,382,102,944,0
INV005547,P036,Pune DC,01-09-2025,944,0,184,760,0
INV005548,P036,Pune DC,08-09-2025,760,0,0,760,0
INV005549,P036,Pune DC,15-09-2025,760,479,0,1239,0
INV005550,P036,Pune DC,22-09-2025,1239,0,0,1239,0
INV005551,P036,Pune DC,29-09-2025,1239,0,60,1179,0
INV005552,P036,Pune DC,06-10-2025,1179,0,0,1179,0
INV005553,P036,Pune DC,13-10-2025,1179,307,124,1362,0
INV005554,P036,Pune DC,20-10-2025,1362,0,82,1280,0
INV005555,P036,Pune DC,27-10-2025,1280,0,76,1204,0
INV005556,P036,Pune DC,03-11-2025,1204,282,0,1486,0
INV005557,P036,Pune DC,10-11-2025,1486,0,160,1326,0
INV005558,P036,Pune DC,17-11-2025,1326,0,77,1249,0
INV005559,P036,Pune DC,24-11-2025,1249,0,184,1065,0
INV005560,P036,Pune DC,01-12-2025,1065,0,118,947,0
INV005561,P036,Pune DC,08-12-2025,947,279,0,1226,0
INV005562,P036,Pune DC,15-12-2025,1226,0,58,1168,0
INV005563,P036,Pune DC,22-12-2025,1168,0,0,1168,0
INV005564,P036,Pune DC,29-12-2025,1168,0,191,977,0
INV005565,P036,Chennai DC,06-01-2025,743,0,0,743,0
INV005566,P036,Chennai DC,13-01-2025,743,0,73,670,0
INV005567,P036,Chennai DC,20-01-2025,670,267,236,701,0
INV005568,P036,Chennai DC,27-01-2025,701,0,0,701,0
INV005569,P036,Chennai DC,03-02-2025,701,0,83,618,0
INV005570,P036,Chennai DC,10-02-2025,618,0,0,618,0
INV005571,P036,Chennai DC,17-02-2025,618,0,89,529,0
INV005572,P036,Chennai DC,24-02-2025,529,0,256,273,0
INV005573,P036,Chennai DC,03-03-2025,273,374,0,647,0
INV005574,P036,Chennai DC,10-03-2025,647,0,274,373,0
INV005575,P036,Chennai DC,17-03-2025,373,0,90,283,0
INV005576,P036,Chennai DC,24-03-2025,283,288,97,474,0
INV005577,P036,Chennai DC,31-03-2025,474,0,0,474,0
INV005578,P036,Chennai DC,07-04-2025,474,0,0,474,0
INV005579,P036,Chennai DC,14-04-2025,474,0,0,474,0
INV005580,P036,Chennai DC,21-04-2025,474,0,88,386,0
INV005581,P036,Chennai DC,28-04-2025,386,380,0,766,0
INV005582,P036,Chennai DC,05-05-2025,766,0,0,766,0
INV005583,P036,Chennai DC,12-05-2025,766,299,83,982,0
INV005584,P036,Chennai DC,19-05-2025,982,0,124,858,0
INV005585,P036,Chennai DC,26-05-2025,858,0,85,773,0
INV005586,P036,Chennai DC,02-06-2025,773,0,75,698,0
INV005587,P036,Chennai DC,09-06-2025,698,475,97,1076,0
INV005588,P036,Chennai DC,16-06-2025,1076,0,0,1076,0
INV005589,P036,Chennai DC,23-06-2025,1076,0,215,861,0
INV005590,P036,Chennai DC,30-06-2025,861,0,201,660,0
INV005591,P036,Chennai DC,07-07-2025,660,246,70,836,0
INV005592,P036,Chennai DC,14-07-2025,836,0,0,836,0
INV005593,P036,Chennai DC,21-07-2025,836,0,0,836,0
INV005594,P036,Chennai DC,28-07-2025,836,0,112,724,0
INV005595,P036,Chennai DC,04-08-2025,724,0,0,724,0
INV005596,P036,Chennai DC,11-08-2025,724,0,192,532,0
INV005597,P036,Chennai DC,18-08-2025,532,0,141,391,0
INV005598,P036,Chennai DC,25-08-2025,391,382,95,678,0
INV005599,P036,Chennai DC,01-09-2025,678,0,0,678,0
INV005600,P036,Chennai DC,08-09-2025,678,0,0,678,0
INV005601,P036,Chennai DC,15-09-2025,678,479,67,1090,0
INV005602,P036,Chennai DC,22-09-2025,1090,0,0,1090,0
INV005603,P036,Chennai DC,29-09-2025,1090,0,126,964,0
INV005604,P036,Chennai DC,06-10-2025,964,0,134,830,0
INV005605,P036,Chennai DC,13-10-2025,830,307,0,1137,0
INV005606,P036,Chennai DC,20-10-2025,1137,0,86,1051,0
INV005607,P036,Chennai DC,27-10-2025,1051,0,0,1051,0
INV005608,P036,Chennai DC,03-11-2025,1051,282,206,1127,0
INV005609,P036,Chennai DC,10-11-2025,1127,0,0,1127,0
INV005610,P036,Chennai DC,17-11-2025,1127,0,61,1066,0
INV005611,P036,Chennai DC,24-11-2025,1066,0,0,1066,0
INV005612,P036,Chennai DC,01-12-2025,1066,0,0,1066,0
INV005613,P036,Chennai DC,08-12-2025,1066,279,0,1345,0
INV005614,P036,Chennai DC,15-12-2025,1345,0,152,1193,0
INV005615,P036,Chennai DC,22-12-2025,1193,0,61,1132,0
INV005616,P036,Chennai DC,29-12-2025,1132,0,0,1132,0
INV005617,P037,Bengaluru DC,06-01-2025,503,0,0,503,0
INV005618,P037,Bengaluru DC,13-01-2025,503,258,52,709,0
INV005619,P037,Bengaluru DC,20-01-2025,709,0,54,655,0
INV005620,P037,Bengaluru DC,27-01-2025,655,0,175,480,0
INV005621,P037,Bengaluru DC,03-02-2025,480,0,69,411,0
INV005622,P037,Bengaluru DC,10-02-2025,411,0,0,411,0
INV005623,P037,Bengaluru DC,17-02-2025,411,225,178,458,0
INV005624,P037,Bengaluru DC,24-02-2025,458,0,0,458,0
INV005625,P037,Bengaluru DC,03-03-2025,458,0,76,382,0
INV005626,P037,Bengaluru DC,10-03-2025,382,0,0,382,0
INV005627,P037,Bengaluru DC,17-03-2025,382,0,57,325,0
INV005628,P037,Bengaluru DC,24-03-2025,325,0,0,325,0
INV005629,P037,Bengaluru DC,31-03-2025,325,212,56,481,0
INV005630,P037,Bengaluru DC,07-04-2025,481,0,0,481,0
INV005631,P037,Bengaluru DC,14-04-2025,481,0,0,481,0
INV005632,P037,Bengaluru DC,21-04-2025,481,0,0,481,0
INV005633,P037,Bengaluru DC,28-04-2025,481,0,0,481,0
INV005634,P037,Bengaluru DC,05-05-2025,481,162,73,570,0
INV005635,P037,Bengaluru DC,12-05-2025,570,0,87,483,0
INV005636,P037,Bengaluru DC,19-05-2025,483,0,93,390,0
INV005637,P037,Bengaluru DC,26-05-2025,390,0,50,340,0
INV005638,P037,Bengaluru DC,02-06-2025,340,0,0,340,0
INV005639,P037,Bengaluru DC,09-06-2025,340,0,104,236,0
INV005640,P037,Bengaluru DC,16-06-2025,236,172,0,408,0
INV005641,P037,Bengaluru DC,23-06-2025,408,0,161,247,0
INV005642,P037,Bengaluru DC,30-06-2025,247,0,0,247,0
INV005643,P037,Bengaluru DC,07-07-2025,247,284,99,432,0
INV005644,P037,Bengaluru DC,14-07-2025,432,0,78,354,0
INV005645,P037,Bengaluru DC,21-07-2025,354,0,73,281,0
INV005646,P037,Bengaluru DC,28-07-2025,281,0,0,281,0
INV005647,P037,Bengaluru DC,04-08-2025,281,274,0,555,0
INV005648,P037,Bengaluru DC,11-08-2025,555,0,0,555,0
INV005649,P037,Bengaluru DC,18-08-2025,555,0,164,391,0
INV005650,P037,Bengaluru DC,25-08-2025,391,0,55,336,0
INV005651,P037,Bengaluru DC,01-09-2025,336,225,32,529,0
INV005652,P037,Bengaluru DC,08-09-2025,529,0,0,529,0
INV005653,P037,Bengaluru DC,15-09-2025,529,0,0,529,0
INV005654,P037,Bengaluru DC,22-09-2025,529,0,0,529,0
INV005655,P037,Bengaluru DC,29-09-2025,529,0,0,529,0
INV005656,P037,Bengaluru DC,06-10-2025,529,0,0,529,0
INV005657,P037,Bengaluru DC,13-10-2025,529,0,53,476,0
INV005658,P037,Bengaluru DC,20-10-2025,476,233,0,709,0
INV005659,P037,Bengaluru DC,27-10-2025,709,0,112,597,0
INV005660,P037,Bengaluru DC,03-11-2025,597,0,137,460,0
INV005661,P037,Bengaluru DC,10-11-2025,460,0,88,372,0
INV005662,P037,Bengaluru DC,17-11-2025,372,165,101,436,0
INV005663,P037,Bengaluru DC,24-11-2025,436,0,65,371,0
INV005664,P037,Bengaluru DC,01-12-2025,371,0,0,371,0
INV005665,P037,Bengaluru DC,08-12-2025,371,0,130,241,0
INV005666,P037,Bengaluru DC,15-12-2025,241,161,66,336,0
INV005667,P037,Bengaluru DC,22-12-2025,336,0,88,248,0
INV005668,P037,Bengaluru DC,29-12-2025,248,0,0,248,0
INV005669,P037,Pune DC,06-01-2025,573,0,151,422,0
INV005670,P037,Pune DC,13-01-2025,422,258,102,578,0
INV005671,P037,Pune DC,20-01-2025,578,0,98,480,0
INV005672,P037,Pune DC,27-01-2025,480,0,0,480,0
INV005673,P037,Pune DC,03-02-2025,480,0,93,387,0
INV005674,P037,Pune DC,10-02-2025,387,0,77,310,0
INV005675,P037,Pune DC,17-02-2025,310,225,0,535,0
INV005676,P037,Pune DC,24-02-2025,535,0,0,535,0
INV005677,P037,Pune DC,03-03-2025,535,0,0,535,0
INV005678,P037,Pune DC,10-03-2025,535,0,184,351,0
INV005679,P037,Pune DC,17-03-2025,351,0,0,351,0
INV005680,P037,Pune DC,24-03-2025,351,0,48,303,0
INV005681,P037,Pune DC,31-03-2025,303,212,0,515,0
INV005682,P037,Pune DC,07-04-2025,515,0,63,452,0
INV005683,P037,Pune DC,14-04-2025,452,0,99,353,0
INV005684,P037,Pune DC,21-04-2025,353,0,202,151,0
INV005685,P037,Pune DC,28-04-2025,151,0,173,0,22
INV005686,P037,Pune DC,05-05-2025,0,162,60,102,0
INV005687,P037,Pune DC,12-05-2025,102,0,104,0,2
INV005688,P037,Pune DC,19-05-2025,0,0,0,0,0
INV005689,P037,Pune DC,26-05-2025,0,0,64,0,64
INV005690,P037,Pune DC,02-06-2025,0,0,217,0,217
INV005691,P037,Pune DC,09-06-2025,0,0,66,0,66
INV005692,P037,Pune DC,16-06-2025,0,172,0,172,0
INV005693,P037,Pune DC,23-06-2025,172,0,0,172,0
INV005694,P037,Pune DC,30-06-2025,172,0,72,100,0
INV005695,P037,Pune DC,07-07-2025,100,284,48,336,0
INV005696,P037,Pune DC,14-07-2025,336,0,0,336,0
INV005697,P037,Pune DC,21-07-2025,336,0,0,336,0
INV005698,P037,Pune DC,28-07-2025,336,0,80,256,0
INV005699,P037,Pune DC,04-08-2025,256,274,168,362,0
INV005700,P037,Pune DC,11-08-2025,362,0,153,209,0
INV005701,P037,Pune DC,18-08-2025,209,0,0,209,0
INV005702,P037,Pune DC,25-08-2025,209,0,47,162,0
INV005703,P037,Pune DC,01-09-2025,162,225,0,387,0
INV005704,P037,Pune DC,08-09-2025,387,0,155,232,0
INV005705,P037,Pune DC,15-09-2025,232,0,0,232,0
INV005706,P037,Pune DC,22-09-2025,232,0,0,232,0
INV005707,P037,Pune DC,29-09-2025,232,0,0,232,0
INV005708,P037,Pune DC,06-10-2025,232,0,123,109,0
INV005709,P037,Pune DC,13-10-2025,109,0,54,55,0
INV005710,P037,Pune DC,20-10-2025,55,233,159,129,0
INV005711,P037,Pune DC,27-10-2025,129,0,59,70,0
INV005712,P037,Pune DC,03-11-2025,70,0,0,70,0
INV005713,P037,Pune DC,10-11-2025,70,0,0,70,0
INV005714,P037,Pune DC,17-11-2025,70,165,77,158,0
INV005715,P037,Pune DC,24-11-2025,158,0,56,102,0
INV005716,P037,Pune DC,01-12-2025,102,0,0,102,0
INV005717,P037,Pune DC,08-12-2025,102,0,54,48,0
INV005718,P037,Pune DC,15-12-2025,48,161,0,209,0
INV005719,P037,Pune DC,22-12-2025,209,0,0,209,0
INV005720,P037,Pune DC,29-12-2025,209,0,0,209,0
INV005721,P037,Chennai DC,06-01-2025,488,0,0,488,0
INV005722,P037,Chennai DC,13-01-2025,488,258,0,746,0
INV005723,P037,Chennai DC,20-01-2025,746,0,0,746,0
INV005724,P037,Chennai DC,27-01-2025,746,0,0,746,0
INV005725,P037,Chennai DC,03-02-2025,746,0,0,746,0
INV005726,P037,Chennai DC,10-02-2025,746,0,82,664,0
INV005727,P037,Chennai DC,17-02-2025,664,225,0,889,0
INV005728,P037,Chennai DC,24-02-2025,889,0,148,741,0
INV005729,P037,Chennai DC,03-03-2025,741,0,103,638,0
INV005730,P037,Chennai DC,10-03-2025,638,0,0,638,0
INV005731,P037,Chennai DC,17-03-2025,638,0,113,525,0
INV005732,P037,Chennai DC,24-03-2025,525,0,115,410,0
INV005733,P037,Chennai DC,31-03-2025,410,212,110,512,0
INV005734,P037,Chennai DC,07-04-2025,512,0,125,387,0
INV005735,P037,Chennai DC,14-04-2025,387,0,110,277,0
INV005736,P037,Chennai DC,21-04-2025,277,0,0,277,0
INV005737,P037,Chennai DC,28-04-2025,277,0,0,277,0
INV005738,P037,Chennai DC,05-05-2025,277,162,57,382,0
INV005739,P037,Chennai DC,12-05-2025,382,0,0,382,0
INV005740,P037,Chennai DC,19-05-2025,382,0,91,291,0
INV005741,P037,Chennai DC,26-05-2025,291,0,70,221,0
INV005742,P037,Chennai DC,02-06-2025,221,0,0,221,0
INV005743,P037,Chennai DC,09-06-2025,221,0,0,221,0
INV005744,P037,Chennai DC,16-06-2025,221,172,175,218,0
INV005745,P037,Chennai DC,23-06-2025,218,0,0,218,0
INV005746,P037,Chennai DC,30-06-2025,218,0,106,112,0
INV005747,P037,Chennai DC,07-07-2025,112,284,0,396,0
INV005748,P037,Chennai DC,14-07-2025,396,0,81,315,0
INV005749,P037,Chennai DC,21-07-2025,315,0,79,236,0
INV005750,P037,Chennai DC,28-07-2025,236,0,86,150,0
INV005751,P037,Chennai DC,04-08-2025,150,274,0,424,0
INV005752,P037,Chennai DC,11-08-2025,424,0,0,424,0
INV005753,P037,Chennai DC,18-08-2025,424,0,0,424,0
INV005754,P037,Chennai DC,25-08-2025,424,0,49,375,0
INV005755,P037,Chennai DC,01-09-2025,375,225,105,495,0
INV005756,P037,Chennai DC,08-09-2025,495,0,0,495,0
INV005757,P037,Chennai DC,15-09-2025,495,0,157,338,0
INV005758,P037,Chennai DC,22-09-2025,338,0,166,172,0
INV005759,P037,Chennai DC,29-09-2025,172,0,172,0,0
INV005760,P037,Chennai DC,06-10-2025,0,0,63,0,63
INV005761,P037,Chennai DC,13-10-2025,0,0,46,0,46
INV005762,P037,Chennai DC,20-10-2025,0,233,0,233,0
INV005763,P037,Chennai DC,27-10-2025,233,0,0,233,0
INV005764,P037,Chennai DC,03-11-2025,233,0,0,233,0
INV005765,P037,Chennai DC,10-11-2025,233,0,96,137,0
INV005766,P037,Chennai DC,17-11-2025,137,165,0,302,0
INV005767,P037,Chennai DC,24-11-2025,302,0,46,256,0
INV005768,P037,Chennai DC,01-12-2025,256,0,173,83,0
INV005769,P037,Chennai DC,08-12-2025,83,0,0,83,0
INV005770,P037,Chennai DC,15-12-2025,83,161,123,121,0
INV005771,P037,Chennai DC,22-12-2025,121,0,104,17,0
INV005772,P037,Chennai DC,29-12-2025,17,0,162,0,145
INV005773,P038,Bengaluru DC,06-01-2025,36,0,0,36,0
INV005774,P038,Bengaluru DC,13-01-2025,36,0,0,36,0
INV005775,P038,Bengaluru DC,20-01-2025,36,0,6,30,0
INV005776,P038,Bengaluru DC,27-01-2025,30,21,0,51,0
INV005777,P038,Bengaluru DC,03-02-2025,51,0,11,40,0
INV005778,P038,Bengaluru DC,10-02-2025,40,0,0,40,0
INV005779,P038,Bengaluru DC,17-02-2025,40,0,9,31,0
INV005780,P038,Bengaluru DC,24-02-2025,31,25,0,56,0
INV005781,P038,Bengaluru DC,03-03-2025,56,0,15,41,0
INV005782,P038,Bengaluru DC,10-03-2025,41,0,10,31,0
INV005783,P038,Bengaluru DC,17-03-2025,31,18,0,49,0
INV005784,P038,Bengaluru DC,24-03-2025,49,0,13,36,0
INV005785,P038,Bengaluru DC,31-03-2025,36,0,3,33,0
INV005786,P038,Bengaluru DC,07-04-2025,33,0,0,33,0
INV005787,P038,Bengaluru DC,14-04-2025,33,0,0,33,0
INV005788,P038,Bengaluru DC,21-04-2025,33,0,3,30,0
INV005789,P038,Bengaluru DC,28-04-2025,30,25,0,55,0
INV005790,P038,Bengaluru DC,05-05-2025,55,0,15,40,0
INV005791,P038,Bengaluru DC,12-05-2025,40,0,0,40,0
INV005792,P038,Bengaluru DC,19-05-2025,40,0,6,34,0
INV005793,P038,Bengaluru DC,26-05-2025,34,0,17,17,0
INV005794,P038,Bengaluru DC,02-06-2025,17,0,0,17,0
INV005795,P038,Bengaluru DC,09-06-2025,17,17,9,25,0
INV005796,P038,Bengaluru DC,16-06-2025,25,0,0,25,0
INV005797,P038,Bengaluru DC,23-06-2025,25,0,11,14,0
INV005798,P038,Bengaluru DC,30-06-2025,14,0,0,14,0
INV005799,P038,Bengaluru DC,07-07-2025,14,0,10,4,0
INV005800,P038,Bengaluru DC,14-07-2025,4,0,6,0,2
INV005801,P038,Bengaluru DC,21-07-2025,0,13,4,9,0
INV005802,P038,Bengaluru DC,28-07-2025,9,0,0,9,0
INV005803,P038,Bengaluru DC,04-08-2025,9,0,11,0,2
INV005804,P038,Bengaluru DC,11-08-2025,0,19,0,19,0
INV005805,P038,Bengaluru DC,18-08-2025,19,0,6,13,0
INV005806,P038,Bengaluru DC,25-08-2025,13,0,9,4,0
INV005807,P038,Bengaluru DC,01-09-2025,4,0,0,4,0
INV005808,P038,Bengaluru DC,08-09-2025,4,15,0,19,0
INV005809,P038,Bengaluru DC,15-09-2025,19,0,0,19,0
INV005810,P038,Bengaluru DC,22-09-2025,19,0,0,19,0
INV005811,P038,Bengaluru DC,29-09-2025,19,0,0,19,0
INV005812,P038,Bengaluru DC,06-10-2025,19,0,0,19,0
INV005813,P038,Bengaluru DC,13-10-2025,19,0,0,19,0
INV005814,P038,Bengaluru DC,20-10-2025,19,14,0,33,0
INV005815,P038,Bengaluru DC,27-10-2025,33,0,0,33,0
INV005816,P038,Bengaluru DC,03-11-2025,33,0,0,33,0
INV005817,P038,Bengaluru DC,10-11-2025,33,0,7,26,0
INV005818,P038,Bengaluru DC,17-11-2025,26,0,4,22,0
INV005819,P038,Bengaluru DC,24-11-2025,22,0,0,22,0
INV005820,P038,Bengaluru DC,01-12-2025,22,20,0,42,0
INV005821,P038,Bengaluru DC,08-12-2025,42,0,4,38,0
INV005822,P038,Bengaluru DC,15-12-2025,38,0,0,38,0
INV005823,P038,Bengaluru DC,22-12-2025,38,0,0,38,0
INV005824,P038,Bengaluru DC,29-12-2025,38,0,4,34,0
INV005825,P038,Pune DC,06-01-2025,40,0,5,35,0
INV005826,P038,Pune DC,13-01-2025,35,0,7,28,0
INV005827,P038,Pune DC,20-01-2025,28,0,2,26,0
INV005828,P038,Pune DC,27-01-2025,26,21,16,31,0
INV005829,P038,Pune DC,03-02-2025,31,0,3,28,0
INV005830,P038,Pune DC,10-02-2025,28,0,24,4,0
INV005831,P038,Pune DC,17-02-2025,4,0,0,4,0
INV005832,P038,Pune DC,24-02-2025,4,25,0,29,0
INV005833,P038,Pune DC,03-03-2025,29,0,4,25,0
INV005834,P038,Pune DC,10-03-2025,25,0,6,19,0
INV005835,P038,Pune DC,17-03-2025,19,18,18,19,0
INV005836,P038,Pune DC,24-03-2025,19,0,3,16,0
INV005837,P038,Pune DC,31-03-2025,16,0,7,9,0
INV005838,P038,Pune DC,07-04-2025,9,0,20,0,11
INV005839,P038,Pune DC,14-04-2025,0,0,7,0,7
INV005840,P038,Pune DC,21-04-2025,0,0,11,0,11
INV005841,P038,Pune DC,28-04-2025,0,25,13,12,0
INV005842,P038,Pune DC,05-05-2025,12,0,0,12,0
INV005843,P038,Pune DC,12-05-2025,12,0,22,0,10
INV005844,P038,Pune DC,19-05-2025,0,0,10,0,10
INV005845,P038,Pune DC,26-05-2025,0,0,0,0,0
INV005846,P038,Pune DC,02-06-2025,0,0,27,0,27
INV005847,P038,Pune DC,09-06-2025,0,17,5,12,0
INV005848,P038,Pune DC,16-06-2025,12,0,21,0,9
INV005849,P038,Pune DC,23-06-2025,0,0,3,0,3
INV005850,P038,Pune DC,30-06-2025,0,0,0,0,0
INV005851,P038,Pune DC,07-07-2025,0,0,0,0,0
INV005852,P038,Pune DC,14-07-2025,0,0,0,0,0
INV005853,P038,Pune DC,21-07-2025,0,13,5,8,0
INV005854,P038,Pune DC,28-07-2025,8,0,16,0,8
INV005855,P038,Pune DC,04-08-2025,0,0,5,0,5
INV005856,P038,Pune DC,11-08-2025,0,19,0,19,0
INV005857,P038,Pune DC,18-08-2025,19,0,0,19,0
INV005858,P038,Pune DC,25-08-2025,19,0,0,19,0
INV005859,P038,Pune DC,01-09-2025,19,0,3,16,0
INV005860,P038,Pune DC,08-09-2025,16,15,5,26,0
INV005861,P038,Pune DC,15-09-2025,26,0,13,13,0
INV005862,P038,Pune DC,22-09-2025,13,0,7,6,0
INV005863,P038,Pune DC,29-09-2025,6,0,25,0,19
INV005864,P038,Pune DC,06-10-2025,0,0,4,0,4
INV005865,P038,Pune DC,13-10-2025,0,0,18,0,18
INV005866,P038,Pune DC,20-10-2025,0,14,0,14,0
INV005867,P038,Pune DC,27-10-2025,14,0,3,11,0
INV005868,P038,Pune DC,03-11-2025,11,0,9,2,0
INV005869,P038,Pune DC,10-11-2025,2,0,5,0,3
INV005870,P038,Pune DC,17-11-2025,0,0,1,0,1
INV005871,P038,Pune DC,24-11-2025,0,0,15,0,15
INV005872,P038,Pune DC,01-12-2025,0,20,7,13,0
INV005873,P038,Pune DC,08-12-2025,13,0,10,3,0
INV005874,P038,Pune DC,15-12-2025,3,0,0,3,0
INV005875,P038,Pune DC,22-12-2025,3,0,0,3,0
INV005876,P038,Pune DC,29-12-2025,3,0,0,3,0
INV005877,P038,Chennai DC,06-01-2025,48,0,8,40,0
INV005878,P038,Chennai DC,13-01-2025,40,0,12,28,0
INV005879,P038,Chennai DC,20-01-2025,28,0,5,23,0
INV005880,P038,Chennai DC,27-01-2025,23,21,0,44,0
INV005881,P038,Chennai DC,03-02-2025,44,0,0,44,0
INV005882,P038,Chennai DC,10-02-2025,44,0,0,44,0
INV005883,P038,Chennai DC,17-02-2025,44,0,7,37,0
INV005884,P038,Chennai DC,24-02-2025,37,25,12,50,0
INV005885,P038,Chennai DC,03-03-2025,50,0,0,50,0
INV005886,P038,Chennai DC,10-03-2025,50,0,0,50,0
INV005887,P038,Chennai DC,17-03-2025,50,18,0,68,0
INV005888,P038,Chennai DC,24-03-2025,68,0,0,68,0
INV005889,P038,Chennai DC,31-03-2025,68,0,0,68,0
INV005890,P038,Chennai DC,07-04-2025,68,0,0,68,0
INV005891,P038,Chennai DC,14-04-2025,68,0,7,61,0
INV005892,P038,Chennai DC,21-04-2025,61,0,0,61,0
INV005893,P038,Chennai DC,28-04-2025,61,25,0,86,0
INV005894,P038,Chennai DC,05-05-2025,86,0,0,86,0
INV005895,P038,Chennai DC,12-05-2025,86,0,0,86,0
INV005896,P038,Chennai DC,19-05-2025,86,0,0,86,0
INV005897,P038,Chennai DC,26-05-2025,86,0,0,86,0
INV005898,P038,Chennai DC,02-06-2025,86,0,0,86,0
INV005899,P038,Chennai DC,09-06-2025,86,17,9,94,0
INV005900,P038,Chennai DC,16-06-2025,94,0,0,94,0
INV005901,P038,Chennai DC,23-06-2025,94,0,0,94,0
INV005902,P038,Chennai DC,30-06-2025,94,0,9,85,0
INV005903,P038,Chennai DC,07-07-2025,85,0,0,85,0
INV005904,P038,Chennai DC,14-07-2025,85,0,10,75,0
INV005905,P038,Chennai DC,21-07-2025,75,13,0,88,0
INV005906,P038,Chennai DC,28-07-2025,88,0,0,88,0
INV005907,P038,Chennai DC,04-08-2025,88,0,0,88,0
INV005908,P038,Chennai DC,11-08-2025,88,19,12,95,0
INV005909,P038,Chennai DC,18-08-2025,95,0,15,80,0
INV005910,P038,Chennai DC,25-08-2025,80,0,0,80,0
INV005911,P038,Chennai DC,01-09-2025,80,0,5,75,0
INV005912,P038,Chennai DC,08-09-2025,75,15,9,81,0
INV005913,P038,Chennai DC,15-09-2025,81,0,0,81,0
INV005914,P038,Chennai DC,22-09-2025,81,0,7,74,0
INV005915,P038,Chennai DC,29-09-2025,74,0,0,74,0
INV005916,P038,Chennai DC,06-10-2025,74,0,8,66,0
INV005917,P038,Chennai DC,13-10-2025,66,0,0,66,0
INV005918,P038,Chennai DC,20-10-2025,66,14,11,69,0
INV005919,P038,Chennai DC,27-10-2025,69,0,10,59,0
INV005920,P038,Chennai DC,03-11-2025,59,0,9,50,0
INV005921,P038,Chennai DC,10-11-2025,50,0,0,50,0
INV005922,P038,Chennai DC,17-11-2025,50,0,5,45,0
INV005923,P038,Chennai DC,24-11-2025,45,0,0,45,0
INV005924,P038,Chennai DC,01-12-2025,45,20,2,63,0
INV005925,P038,Chennai DC,08-12-2025,63,0,0,63,0
INV005926,P038,Chennai DC,15-12-2025,63,0,23,40,0
INV005927,P038,Chennai DC,22-12-2025,40,0,7,33,0
INV005928,P038,Chennai DC,29-12-2025,33,0,7,26,0
INV005929,P039,Bengaluru DC,06-01-2025,397,0,98,299,0
INV005930,P039,Bengaluru DC,13-01-2025,299,0,0,299,0
INV005931,P039,Bengaluru DC,20-01-2025,299,254,0,553,0
INV005932,P039,Bengaluru DC,27-01-2025,553,0,0,553,0
INV005933,P039,Bengaluru DC,03-02-2025,553,0,0,553,0
INV005934,P039,Bengaluru DC,10-02-2025,553,0,67,486,0
INV005935,P039,Bengaluru DC,17-02-2025,486,0,0,486,0
INV005936,P039,Bengaluru DC,24-02-2025,486,0,102,384,0
INV005937,P039,Bengaluru DC,03-03-2025,384,238,0,622,0
INV005938,P039,Bengaluru DC,10-03-2025,622,0,0,622,0
INV005939,P039,Bengaluru DC,17-03-2025,622,0,0,622,0
INV005940,P039,Bengaluru DC,24-03-2025,622,219,211,630,0
INV005941,P039,Bengaluru DC,31-03-2025,630,0,0,630,0
INV005942,P039,Bengaluru DC,07-04-2025,630,0,0,630,0
INV005943,P039,Bengaluru DC,14-04-2025,630,0,0,630,0
INV005944,P039,Bengaluru DC,21-04-2025,630,0,119,511,0
INV005945,P039,Bengaluru DC,28-04-2025,511,140,0,651,0
INV005946,P039,Bengaluru DC,05-05-2025,651,0,0,651,0
INV005947,P039,Bengaluru DC,12-05-2025,651,0,67,584,0
INV005948,P039,Bengaluru DC,19-05-2025,584,0,0,584,0
INV005949,P039,Bengaluru DC,26-05-2025,584,0,0,584,0
INV005950,P039,Bengaluru DC,02-06-2025,584,260,0,844,0
INV005951,P039,Bengaluru DC,09-06-2025,844,0,183,661,0
INV005952,P039,Bengaluru DC,16-06-2025,661,0,91,570,0
INV005953,P039,Bengaluru DC,23-06-2025,570,160,100,630,0
INV005954,P039,Bengaluru DC,30-06-2025,630,0,68,562,0
INV005955,P039,Bengaluru DC,07-07-2025,562,0,0,562,0
INV005956,P039,Bengaluru DC,14-07-2025,562,0,46,516,0
INV005957,P039,Bengaluru DC,21-07-2025,516,0,0,516,0
INV005958,P039,Bengaluru DC,28-07-2025,516,0,67,449,0
INV005959,P039,Bengaluru DC,04-08-2025,449,0,142,307,0
INV005960,P039,Bengaluru DC,11-08-2025,307,168,0,475,0
INV005961,P039,Bengaluru DC,18-08-2025,475,0,0,475,0
INV005962,P039,Bengaluru DC,25-08-2025,475,0,0,475,0
INV005963,P039,Bengaluru DC,01-09-2025,475,0,111,364,0
INV005964,P039,Bengaluru DC,08-09-2025,364,0,111,253,0
INV005965,P039,Bengaluru DC,15-09-2025,253,237,37,453,0
INV005966,P039,Bengaluru DC,22-09-2025,453,0,32,421,0
INV005967,P039,Bengaluru DC,29-09-2025,421,0,0,421,0
INV005968,P039,Bengaluru DC,06-10-2025,421,0,38,383,0
INV005969,P039,Bengaluru DC,13-10-2025,383,0,0,383,0
INV005970,P039,Bengaluru DC,20-10-2025,383,223,0,606,0
INV005971,P039,Bengaluru DC,27-10-2025,606,0,122,484,0
INV005972,P039,Bengaluru DC,03-11-2025,484,0,0,484,0
INV005973,P039,Bengaluru DC,10-11-2025,484,159,0,643,0
INV005974,P039,Bengaluru DC,17-11-2025,643,0,0,643,0
INV005975,P039,Bengaluru DC,24-11-2025,643,0,51,592,0
INV005976,P039,Bengaluru DC,01-12-2025,592,0,48,544,0
INV005977,P039,Bengaluru DC,08-12-2025,544,0,0,544,0
INV005978,P039,Bengaluru DC,15-12-2025,544,0,57,487,0
INV005979,P039,Bengaluru DC,22-12-2025,487,214,0,701,0
INV005980,P039,Bengaluru DC,29-12-2025,701,0,0,701,0
INV005981,P039,Pune DC,06-01-2025,407,0,56,351,0
INV005982,P039,Pune DC,13-01-2025,351,0,94,257,0
INV005983,P039,Pune DC,20-01-2025,257,254,0,511,0
INV005984,P039,Pune DC,27-01-2025,511,0,68,443,0
INV005985,P039,Pune DC,03-02-2025,443,0,163,280,0
INV005986,P039,Pune DC,10-02-2025,280,0,115,165,0
INV005987,P039,Pune DC,17-02-2025,165,0,171,0,6
INV005988,P039,Pune DC,24-02-2025,0,0,69,0,69
INV005989,P039,Pune DC,03-03-2025,0,238,0,238,0
INV005990,P039,Pune DC,10-03-2025,238,0,193,45,0
INV005991,P039,Pune DC,17-03-2025,45,0,0,45,0
INV005992,P039,Pune DC,24-03-2025,45,219,0,264,0
INV005993,P039,Pune DC,31-03-2025,264,0,206,58,0
INV005994,P039,Pune DC,07-04-2025,58,0,0,58,0
INV005995,P039,Pune DC,14-04-2025,58,0,196,0,138
INV005996,P039,Pune DC,21-04-2025,0,0,105,0,105
INV005997,P039,Pune DC,28-04-2025,0,140,203,0,63
INV005998,P039,Pune DC,05-05-2025,0,0,197,0,197
INV005999,P039,Pune DC,12-05-2025,0,0,80,0,80
INV006000,P039,Pune DC,19-05-2025,0,0,94,0,94
INV006001,P039,Pune DC,26-05-2025,0,0,0,0,0
INV006002,P039,Pune DC,02-06-2025,0,260,108,152,0
INV006003,P039,Pune DC,09-06-2025,152,0,0,152,0
INV006004,P039,Pune DC,16-06-2025,152,0,96,56,0
INV006005,P039,Pune DC,23-06-2025,56,160,83,133,0
INV006006,P039,Pune DC,30-06-2025,133,0,120,13,0
INV006007,P039,Pune DC,07-07-2025,13,0,100,0,87
INV006008,P039,Pune DC,14-07-2025,0,0,48,0,48
INV006009,P039,Pune DC,21-07-2025,0,0,83,0,83
INV006010,P039,Pune DC,28-07-2025,0,0,0,0,0
INV006011,P039,Pune DC,04-08-2025,0,0,0,0,0
INV006012,P039,Pune DC,11-08-2025,0,168,122,46,0
INV006013,P039,Pune DC,18-08-2025,46,0,91,0,45
INV006014,P039,Pune DC,25-08-2025,0,0,0,0,0
INV006015,P039,Pune DC,01-09-2025,0,0,0,0,0
INV006016,P039,Pune DC,08-09-2025,0,0,0,0,0
INV006017,P039,Pune DC,15-09-2025,0,237,35,202,0
INV006018,P039,Pune DC,22-09-2025,202,0,64,138,0
INV006019,P039,Pune DC,29-09-2025,138,0,0,138,0
INV006020,P039,Pune DC,06-10-2025,138,0,81,57,0
INV006021,P039,Pune DC,13-10-2025,57,0,104,0,47
INV006022,P039,Pune DC,20-10-2025,0,223,0,223,0
INV006023,P039,Pune DC,27-10-2025,223,0,0,223,0
INV006024,P039,Pune DC,03-11-2025,223,0,118,105,0
INV006025,P039,Pune DC,10-11-2025,105,159,117,147,0
INV006026,P039,Pune DC,17-11-2025,147,0,0,147,0
INV006027,P039,Pune DC,24-11-2025,147,0,0,147,0
INV006028,P039,Pune DC,01-12-2025,147,0,94,53,0
INV006029,P039,Pune DC,08-12-2025,53,0,0,53,0
INV006030,P039,Pune DC,15-12-2025,53,0,96,0,43
INV006031,P039,Pune DC,22-12-2025,0,214,146,68,0
INV006032,P039,Pune DC,29-12-2025,68,0,168,0,100
INV006033,P039,Chennai DC,06-01-2025,545,0,0,545,0
INV006034,P039,Chennai DC,13-01-2025,545,0,53,492,0
INV006035,P039,Chennai DC,20-01-2025,492,254,139,607,0
INV006036,P039,Chennai DC,27-01-2025,607,0,75,532,0
INV006037,P039,Chennai DC,03-02-2025,532,0,0,532,0
INV006038,P039,Chennai DC,10-02-2025,532,0,0,532,0
INV006039,P039,Chennai DC,17-02-2025,532,0,0,532,0
INV006040,P039,Chennai DC,24-02-2025,532,0,0,532,0
INV006041,P039,Chennai DC,03-03-2025,532,238,186,584,0
INV006042,P039,Chennai DC,10-03-2025,584,0,0,584,0
INV006043,P039,Chennai DC,17-03-2025,584,0,194,390,0
INV006044,P039,Chennai DC,24-03-2025,390,219,0,609,0
INV006045,P039,Chennai DC,31-03-2025,609,0,0,609,0
INV006046,P039,Chennai DC,07-04-2025,609,0,195,414,0
INV006047,P039,Chennai DC,14-04-2025,414,0,0,414,0
INV006048,P039,Chennai DC,21-04-2025,414,0,0,414,0
INV006049,P039,Chennai DC,28-04-2025,414,140,0,554,0
INV006050,P039,Chennai DC,05-05-2025,554,0,0,554,0
INV006051,P039,Chennai DC,12-05-2025,554,0,51,503,0
INV006052,P039,Chennai DC,19-05-2025,503,0,102,401,0
INV006053,P039,Chennai DC,26-05-2025,401,0,197,204,0
INV006054,P039,Chennai DC,02-06-2025,204,260,94,370,0
INV006055,P039,Chennai DC,09-06-2025,370,0,0,370,0
INV006056,P039,Chennai DC,16-06-2025,370,0,0,370,0
INV006057,P039,Chennai DC,23-06-2025,370,160,0,530,0
INV006058,P039,Chennai DC,30-06-2025,530,0,0,530,0
INV006059,P039,Chennai DC,07-07-2025,530,0,46,484,0
INV006060,P039,Chennai DC,14-07-2025,484,0,54,430,0
INV006061,P039,Chennai DC,21-07-2025,430,0,53,377,0
INV006062,P039,Chennai DC,28-07-2025,377,0,70,307,0
INV006063,P039,Chennai DC,04-08-2025,307,0,0,307,0
INV006064,P039,Chennai DC,11-08-2025,307,168,0,475,0
INV006065,P039,Chennai DC,18-08-2025,475,0,46,429,0
INV006066,P039,Chennai DC,25-08-2025,429,0,115,314,0
INV006067,P039,Chennai DC,01-09-2025,314,0,0,314,0
INV006068,P039,Chennai DC,08-09-2025,314,0,0,314,0
INV006069,P039,Chennai DC,15-09-2025,314,237,39,512,0
INV006070,P039,Chennai DC,22-09-2025,512,0,0,512,0
INV006071,P039,Chennai DC,29-09-2025,512,0,109,403,0
INV006072,P039,Chennai DC,06-10-2025,403,0,0,403,0
INV006073,P039,Chennai DC,13-10-2025,403,0,0,403,0
INV006074,P039,Chennai DC,20-10-2025,403,223,97,529,0
INV006075,P039,Chennai DC,27-10-2025,529,0,0,529,0
INV006076,P039,Chennai DC,03-11-2025,529,0,0,529,0
INV006077,P039,Chennai DC,10-11-2025,529,159,0,688,0
INV006078,P039,Chennai DC,17-11-2025,688,0,108,580,0
INV006079,P039,Chennai DC,24-11-2025,580,0,86,494,0
INV006080,P039,Chennai DC,01-12-2025,494,0,0,494,0
INV006081,P039,Chennai DC,08-12-2025,494,0,143,351,0
INV006082,P039,Chennai DC,15-12-2025,351,0,0,351,0
INV006083,P039,Chennai DC,22-12-2025,351,214,0,565,0
INV006084,P039,Chennai DC,29-12-2025,565,0,0,565,0
INV006085,P040,Bengaluru DC,06-01-2025,142,0,0,142,0
INV006086,P040,Bengaluru DC,13-01-2025,142,0,0,142,0
INV006087,P040,Bengaluru DC,20-01-2025,142,0,24,118,0
INV006088,P040,Bengaluru DC,27-01-2025,118,74,0,192,0
INV006089,P040,Bengaluru DC,03-02-2025,192,0,0,192,0
INV006090,P040,Bengaluru DC,10-02-2025,192,66,0,258,0
INV006091,P040,Bengaluru DC,17-02-2025,258,0,0,258,0
INV006092,P040,Bengaluru DC,24-02-2025,258,0,0,258,0
INV006093,P040,Bengaluru DC,03-03-2025,258,0,0,258,0
INV006094,P040,Bengaluru DC,10-03-2025,258,0,20,238,0
INV006095,P040,Bengaluru DC,17-03-2025,238,73,0,311,0
INV006096,P040,Bengaluru DC,24-03-2025,311,0,0,311,0
INV006097,P040,Bengaluru DC,31-03-2025,311,0,0,311,0
INV006098,P040,Bengaluru DC,07-04-2025,311,0,0,311,0
INV006099,P040,Bengaluru DC,14-04-2025,311,0,35,276,0
INV006100,P040,Bengaluru DC,21-04-2025,276,65,0,341,0
INV006101,P040,Bengaluru DC,28-04-2025,341,0,26,315,0
INV006102,P040,Bengaluru DC,05-05-2025,315,0,0,315,0
INV006103,P040,Bengaluru DC,12-05-2025,315,80,0,395,0
INV006104,P040,Bengaluru DC,19-05-2025,395,0,0,395,0
INV006105,P040,Bengaluru DC,26-05-2025,395,66,29,432,0
INV006106,P040,Bengaluru DC,02-06-2025,432,0,0,432,0
INV006107,P040,Bengaluru DC,09-06-2025,432,0,0,432,0
INV006108,P040,Bengaluru DC,16-06-2025,432,0,28,404,0
INV006109,P040,Bengaluru DC,23-06-2025,404,0,20,384,0
INV006110,P040,Bengaluru DC,30-06-2025,384,0,0,384,0
INV006111,P040,Bengaluru DC,07-07-2025,384,59,0,443,0
INV006112,P040,Bengaluru DC,14-07-2025,443,0,0,443,0
INV006113,P040,Bengaluru DC,21-07-2025,443,0,44,399,0
INV006114,P040,Bengaluru DC,28-07-2025,399,74,0,473,0
INV006115,P040,Bengaluru DC,04-08-2025,473,0,18,455,0
INV006116,P040,Bengaluru DC,11-08-2025,455,0,0,455,0
INV006117,P040,Bengaluru DC,18-08-2025,455,0,14,441,0
INV006118,P040,Bengaluru DC,25-08-2025,441,51,0,492,0
INV006119,P040,Bengaluru DC,01-09-2025,492,0,26,466,0
INV006120,P040,Bengaluru DC,08-09-2025,466,0,50,416,0
INV006121,P040,Bengaluru DC,15-09-2025,416,0,0,416,0
INV006122,P040,Bengaluru DC,22-09-2025,416,0,25,391,0
INV006123,P040,Bengaluru DC,29-09-2025,391,51,16,426,0
INV006124,P040,Bengaluru DC,06-10-2025,426,0,15,411,0
INV006125,P040,Bengaluru DC,13-10-2025,411,0,16,395,0
INV006126,P040,Bengaluru DC,20-10-2025,395,0,6,389,0
INV006127,P040,Bengaluru DC,27-10-2025,389,0,28,361,0
INV006128,P040,Bengaluru DC,03-11-2025,361,0,10,351,0
INV006129,P040,Bengaluru DC,10-11-2025,351,47,0,398,0
INV006130,P040,Bengaluru DC,17-11-2025,398,0,0,398,0
INV006131,P040,Bengaluru DC,24-11-2025,398,0,22,376,0
INV006132,P040,Bengaluru DC,01-12-2025,376,0,25,351,0
INV006133,P040,Bengaluru DC,08-12-2025,351,0,17,334,0
INV006134,P040,Bengaluru DC,15-12-2025,334,0,28,306,0
INV006135,P040,Bengaluru DC,22-12-2025,306,57,44,319,0
INV006136,P040,Bengaluru DC,29-12-2025,319,0,27,292,0
INV006137,P040,Pune DC,06-01-2025,126,0,42,84,0
INV006138,P040,Pune DC,13-01-2025,84,0,23,61,0
INV006139,P040,Pune DC,20-01-2025,61,0,0,61,0
INV006140,P040,Pune DC,27-01-2025,61,74,0,135,0
INV006141,P040,Pune DC,03-02-2025,135,0,62,73,0
INV006142,P040,Pune DC,10-02-2025,73,66,40,99,0
INV006143,P040,Pune DC,17-02-2025,99,0,26,73,0
INV006144,P040,Pune DC,24-02-2025,73,0,44,29,0
INV006145,P040,Pune DC,03-03-2025,29,0,27,2,0
INV006146,P040,Pune DC,10-03-2025,2,0,0,2,0
INV006147,P040,Pune DC,17-03-2025,2,73,24,51,0
INV006148,P040,Pune DC,24-03-2025,51,0,47,4,0
INV006149,P040,Pune DC,31-03-2025,4,0,59,0,55
INV006150,P040,Pune DC,07-04-2025,0,0,32,0,32
INV006151,P040,Pune DC,14-04-2025,0,0,20,0,20
INV006152,P040,Pune DC,21-04-2025,0,65,0,65,0
INV006153,P040,Pune DC,28-04-2025,65,0,29,36,0
INV006154,P040,Pune DC,05-05-2025,36,0,41,0,5
INV006155,P040,Pune DC,12-05-2025,0,80,36,44,0
INV006156,P040,Pune DC,19-05-2025,44,0,52,0,8
INV006157,P040,Pune DC,26-05-2025,0,66,0,66,0
INV006158,P040,Pune DC,02-06-2025,66,0,0,66,0
INV006159,P040,Pune DC,09-06-2025,66,0,41,25,0
INV006160,P040,Pune DC,16-06-2025,25,0,0,25,0
INV006161,P040,Pune DC,23-06-2025,25,0,24,1,0
INV006162,P040,Pune DC,30-06-2025,1,0,23,0,22
INV006163,P040,Pune DC,07-07-2025,0,59,40,19,0
INV006164,P040,Pune DC,14-07-2025,19,0,34,0,15
INV006165,P040,Pune DC,21-07-2025,0,0,0,0,0
INV006166,P040,Pune DC,28-07-2025,0,74,0,74,0
INV006167,P040,Pune DC,04-08-2025,74,0,35,39,0
INV006168,P040,Pune DC,11-08-2025,39,0,38,1,0
INV006169,P040,Pune DC,18-08-2025,1,0,36,0,35
INV006170,P040,Pune DC,25-08-2025,0,51,0,51,0
INV006171,P040,Pune DC,01-09-2025,51,0,0,51,0
INV006172,P040,Pune DC,08-09-2025,51,0,0,51,0
INV006173,P040,Pune DC,15-09-2025,51,0,33,18,0
INV006174,P040,Pune DC,22-09-2025,18,0,11,7,0
INV006175,P040,Pune DC,29-09-2025,7,51,18,40,0
INV006176,P040,Pune DC,06-10-2025,40,0,25,15,0
INV006177,P040,Pune DC,13-10-2025,15,0,29,0,14
INV006178,P040,Pune DC,20-10-2025,0,0,0,0,0
INV006179,P040,Pune DC,27-10-2025,0,0,0,0,0
INV006180,P040,Pune DC,03-11-2025,0,0,0,0,0
INV006181,P040,Pune DC,10-11-2025,0,47,21,26,0
INV006182,P040,Pune DC,17-11-2025,26,0,51,0,25
INV006183,P040,Pune DC,24-11-2025,0,0,15,0,15
INV006184,P040,Pune DC,01-12-2025,0,0,23,0,23
INV006185,P040,Pune DC,08-12-2025,0,0,0,0,0
INV006186,P040,Pune DC,15-12-2025,0,0,0,0,0
INV006187,P040,Pune DC,22-12-2025,0,57,0,57,0
INV006188,P040,Pune DC,29-12-2025,57,0,0,57,0
INV006189,P040,Chennai DC,06-01-2025,121,0,0,121,0
INV006190,P040,Chennai DC,13-01-2025,121,0,31,90,0
INV006191,P040,Chennai DC,20-01-2025,90,0,0,90,0
INV006192,P040,Chennai DC,27-01-2025,90,74,50,114,0
INV006193,P040,Chennai DC,03-02-2025,114,0,0,114,0
INV006194,P040,Chennai DC,10-02-2025,114,66,25,155,0
INV006195,P040,Chennai DC,17-02-2025,155,0,19,136,0
INV006196,P040,Chennai DC,24-02-2025,136,0,0,136,0
INV006197,P040,Chennai DC,03-03-2025,136,0,29,107,0
INV006198,P040,Chennai DC,10-03-2025,107,0,35,72,0
INV006199,P040,Chennai DC,17-03-2025,72,73,34,111,0
INV006200,P040,Chennai DC,24-03-2025,111,0,0,111,0
INV006201,P040,Chennai DC,31-03-2025,111,0,0,111,0
INV006202,P040,Chennai DC,07-04-2025,111,0,18,93,0
INV006203,P040,Chennai DC,14-04-2025,93,0,0,93,0
INV006204,P040,Chennai DC,21-04-2025,93,65,55,103,0
INV006205,P040,Chennai DC,28-04-2025,103,0,0,103,0
INV006206,P040,Chennai DC,05-05-2025,103,0,0,103,0
INV006207,P040,Chennai DC,12-05-2025,103,80,22,161,0
INV006208,P040,Chennai DC,19-05-2025,161,0,0,161,0
INV006209,P040,Chennai DC,26-05-2025,161,66,21,206,0
INV006210,P040,Chennai DC,02-06-2025,206,0,53,153,0
INV006211,P040,Chennai DC,09-06-2025,153,0,0,153,0
INV006212,P040,Chennai DC,16-06-2025,153,0,24,129,0
INV006213,P040,Chennai DC,23-06-2025,129,0,0,129,0
INV006214,P040,Chennai DC,30-06-2025,129,0,27,102,0
INV006215,P040,Chennai DC,07-07-2025,102,59,0,161,0
INV006216,P040,Chennai DC,14-07-2025,161,0,0,161,0
INV006217,P040,Chennai DC,21-07-2025,161,0,0,161,0
INV006218,P040,Chennai DC,28-07-2025,161,74,36,199,0
INV006219,P040,Chennai DC,04-08-2025,199,0,0,199,0
INV006220,P040,Chennai DC,11-08-2025,199,0,0,199,0
INV006221,P040,Chennai DC,18-08-2025,199,0,0,199,0
INV006222,P040,Chennai DC,25-08-2025,199,51,36,214,0
INV006223,P040,Chennai DC,01-09-2025,214,0,15,199,0
INV006224,P040,Chennai DC,08-09-2025,199,0,0,199,0
INV006225,P040,Chennai DC,15-09-2025,199,0,0,199,0
INV006226,P040,Chennai DC,22-09-2025,199,0,0,199,0
INV006227,P040,Chennai DC,29-09-2025,199,51,0,250,0
INV006228,P040,Chennai DC,06-10-2025,250,0,0,250,0
INV006229,P040,Chennai DC,13-10-2025,250,0,0,250,0
INV006230,P040,Chennai DC,20-10-2025,250,0,18,232,0
INV006231,P040,Chennai DC,27-10-2025,232,0,27,205,0
INV006232,P040,Chennai DC,03-11-2025,205,0,34,171,0
INV006233,P040,Chennai DC,10-11-2025,171,47,20,198,0
INV006234,P040,Chennai DC,17-11-2025,198,0,0,198,0
INV006235,P040,Chennai DC,24-11-2025,198,0,0,198,0
INV006236,P040,Chennai DC,01-12-2025,198,0,0,198,0
INV006237,P040,Chennai DC,08-12-2025,198,0,23,175,0
INV006238,P040,Chennai DC,15-12-2025,175,0,14,161,0
INV006239,P040,Chennai DC,22-12-2025,161,57,0,218,0
INV006240,P040,Chennai DC,29-12-2025,218,0,29,189,0
