sale_id,date,product_id,customer_id,warehouse,quantity,revenue
SO000001,2025-01-07,P001,C040,Chennai DC,9,34896.78
SO000002,2025-01-09,P001,C005,Chennai DC,7,27141.94
SO000003,2025-01-07,P001,C006,Bengaluru DC,7,27141.94
SO000004,2025-01-16,P001,C008,Bengaluru DC,15,58161.3
SO000005,2025-01-16,P001,C015,Bengaluru DC,13,50406.46
SO000006,2025-01-23,P001,C035,Pune DC,26,100812.92
SO000007,2025-02-01,P001,C040,Chennai DC,13,50406.46
SO000008,2025-02-01,P001,C039,Chennai DC,20,77548.4
SO000009,2025-02-08,P001,C018,Pune DC,15,58161.3
SO000010,2025-02-04,P001,C005,Chennai DC,15,58161.3
SO000011,2025-02-11,P001,C035,Pune DC,11,42651.62
SO000012,2025-02-14,P001,C009,Bengaluru DC,14,54283.88
SO000013,2025-02-17,P001,C027,Chennai DC,12,46529.04
SO000014,2025-02-20,P001,C011,Chennai DC,15,58161.3
SO000015,2025-02-21,P001,C024,Pune DC,13,50406.46
SO000016,2025-03-01,P001,C016,Pune DC,11,42651.62
SO000017,2025-02-24,P001,C038,Chennai DC,9,34896.78
SO000018,2025-02-24,P001,C008,Bengaluru DC,8,31019.36
SO000019,2025-03-06,P001,C029,Chennai DC,7,27141.94
SO000020,2025-03-04,P001,C026,Chennai DC,7,27141.94
SO000021,2025-03-09,P001,C020,Pune DC,11,42651.62
SO000022,2025-03-11,P001,C027,Chennai DC,11,42651.62
SO000023,2025-03-10,P001,C013,Chennai DC,20,77548.4
SO000024,2025-03-20,P001,C023,Bengaluru DC,19,73670.98
SO000025,2025-03-19,P001,C017,Pune DC,14,54283.88
SO000026,2025-03-27,P001,C026,Chennai DC,37,143464.54
SO000027,2025-04-02,P001,C007,Bengaluru DC,16,62038.72
SO000028,2025-04-06,P001,C013,Chennai DC,17,65916.14
SO000029,2025-04-09,P001,C037,Chennai DC,16,62038.72
SO000030,2025-04-13,P001,C016,Pune DC,21,81425.82
SO000031,2025-04-16,P001,C038,Chennai DC,17,65916.14
SO000032,2025-04-20,P001,C021,Pune DC,11,42651.62
SO000033,2025-04-24,P001,C038,Chennai DC,41,158974.22
SO000034,2025-05-03,P001,C024,Pune DC,47,182238.74
SO000035,2025-05-05,P001,C005,Chennai DC,14,54283.88
SO000036,2025-05-07,P001,C017,Pune DC,17,65916.14
SO000037,2025-05-06,P001,C019,Chennai DC,7,27141.94
SO000038,2025-05-12,P001,C012,Bengaluru DC,10,38774.2
SO000039,2025-05-18,P001,C004,Pune DC,5,19387.1
SO000040,2025-05-17,P001,C006,Bengaluru DC,7,27141.94
SO000041,2025-05-25,P001,C009,Bengaluru DC,26,100812.92
SO000042,2025-05-27,P001,C027,Chennai DC,26,100812.92
SO000043,2025-06-08,P001,C038,Chennai DC,27,104690.34
SO000044,2025-06-13,P001,C004,Pune DC,24,93058.08
SO000045,2025-06-17,P001,C001,Bengaluru DC,43,166729.06
SO000046,2025-06-26,P001,C034,Pune DC,35,135709.7
SO000047,2025-06-30,P001,C027,Chennai DC,9,34896.78
SO000048,2025-07-04,P001,C033,Pune DC,10,38774.2
SO000049,2025-07-01,P001,C016,Pune DC,7,27141.94
SO000050,2025-07-12,P001,C024,Pune DC,22,85303.24
SO000051,2025-07-09,P001,C004,Pune DC,12,46529.04
SO000052,2025-07-15,P001,C012,Bengaluru DC,15,58161.3
SO000053,2025-07-18,P001,C003,Pune DC,21,81425.82
SO000054,2025-07-26,P001,C031,Pune DC,11,42651.62
SO000055,2025-07-26,P001,C015,Bengaluru DC,16,62038.72
SO000056,2025-07-21,P001,C032,Bengaluru DC,11,42651.62
SO000057,2025-07-30,P001,C024,Pune DC,31,120200.02
SO000058,2025-08-08,P001,C011,Chennai DC,30,116322.6
SO000059,2025-08-13,P001,C035,Pune DC,29,112445.18
SO000060,2025-08-23,P001,C032,Bengaluru DC,10,38774.2
SO000061,2025-08-21,P001,C038,Chennai DC,13,50406.46
SO000062,2025-08-21,P001,C027,Chennai DC,11,42651.62
SO000063,2025-08-26,P001,C033,Pune DC,11,42651.62
SO000064,2025-08-25,P001,C010,Pune DC,7,27141.94
SO000065,2025-08-29,P001,C014,Bengaluru DC,10,38774.2
SO000066,2025-09-07,P001,C036,Pune DC,9,34896.78
SO000067,2025-09-06,P001,C010,Pune DC,11,42651.62
SO000068,2025-09-02,P001,C035,Pune DC,6,23264.52
SO000069,2025-09-13,P001,C011,Chennai DC,27,104690.34
SO000070,2025-09-21,P001,C022,Bengaluru DC,14,54283.88
SO000071,2025-09-20,P001,C009,Bengaluru DC,11,42651.62
SO000072,2025-09-28,P001,C023,Bengaluru DC,8,31019.36
SO000073,2025-09-22,P001,C017,Pune DC,15,58161.3
SO000074,2025-09-28,P001,C013,Chennai DC,9,34896.78
SO000075,2025-10-05,P001,C026,Chennai DC,10,38774.2
SO000076,2025-09-29,P001,C028,Bengaluru DC,14,54283.88
SO000077,2025-10-01,P001,C012,Bengaluru DC,12,46529.04
SO000078,2025-10-09,P001,C031,Pune DC,8,31019.36
SO000079,2025-10-11,P001,C007,Bengaluru DC,9,34896.78
SO000080,2025-10-08,P001,C002,Pune DC,12,46529.04
SO000081,2025-10-17,P001,C005,Chennai DC,29,112445.18
SO000082,2025-10-22,P001,C019,Chennai DC,4,15509.68
SO000083,2025-10-20,P001,C036,Pune DC,3,11632.26
SO000084,2025-10-26,P001,C024,Pune DC,11,42651.62
SO000085,2025-11-02,P001,C021,Pune DC,13,50406.46
SO000086,2025-10-30,P001,C002,Pune DC,16,62038.72
SO000087,2025-11-06,P001,C027,Chennai DC,37,143464.54
SO000088,2025-11-15,P001,C001,Bengaluru DC,19,73670.98
SO000089,2025-11-16,P001,C036,Pune DC,13,50406.46
SO000090,2025-11-22,P001,C010,Pune DC,16,62038.72
SO000091,2025-11-18,P001,C026,Chennai DC,18,69793.56
SO000092,2025-11-25,P001,C031,Pune DC,12,46529.04
SO000093,2025-11-29,P001,C019,Chennai DC,13,50406.46
SO000094,2025-12-06,P001,C034,Pune DC,10,38774.2
SO000095,2025-12-03,P001,C038,Chennai DC,4,15509.68
SO000096,2025-12-05,P001,C034,Pune DC,18,69793.56
SO000097,2025-12-14,P001,C022,Bengaluru DC,7,27141.94
SO000098,2025-12-11,P001,C037,Chennai DC,13,50406.46
SO000099,2025-12-11,P001,C018,Pune DC,12,46529.04
SO000100,2025-12-21,P001,C027,Chennai DC,20,77548.4
SO000101,2025-12-20,P001,C033,Pune DC,14,54283.88
SO000102,2025-12-24,P001,C005,Chennai DC,13,50406.46
SO000103,2025-12-24,P001,C023,Bengaluru DC,13,50406.46
SO000104,2025-12-28,P001,C010,Pune DC,13,50406.46
SO000105,2026-01-04,P001,C001,Bengaluru DC,27,104690.34
SO000106,2025-01-08,P002,C012,Bengaluru DC,10,23753.2
SO000107,2025-01-14,P002,C024,Pune DC,6,14251.92
SO000108,2025-01-19,P002,C036,Pune DC,5,11876.6
SO000109,2025-01-24,P002,C012,Bengaluru DC,6,14251.92
SO000110,2025-01-24,P002,C015,Bengaluru DC,5,11876.6
SO000111,2025-01-30,P002,C028,Bengaluru DC,6,14251.92
SO000112,2025-01-29,P002,C006,Bengaluru DC,6,14251.92
SO000113,2025-01-27,P002,C038,Chennai DC,6,14251.92
SO000114,2025-02-09,P002,C007,Bengaluru DC,6,14251.92
SO000115,2025-02-05,P002,C034,Pune DC,3,7125.96
SO000116,2025-02-13,P002,C002,Pune DC,15,35629.8
SO000117,2025-02-19,P002,C035,Pune DC,14,33254.48
SO000118,2025-02-26,P002,C013,Chennai DC,6,14251.92
SO000119,2025-02-26,P002,C029,Chennai DC,10,23753.2
SO000120,2025-03-08,P002,C006,Bengaluru DC,8,19002.56
SO000121,2025-03-05,P002,C016,Pune DC,6,14251.92
SO000122,2025-03-07,P002,C033,Pune DC,5,11876.6
SO000123,2025-03-14,P002,C001,Bengaluru DC,12,28503.84
SO000124,2025-03-17,P002,C011,Chennai DC,14,33254.48
SO000125,2025-03-29,P002,C033,Pune DC,20,47506.4
SO000126,2025-04-03,P002,C016,Pune DC,4,9501.28
SO000127,2025-04-04,P002,C029,Chennai DC,9,21377.88
SO000128,2025-04-12,P002,C013,Chennai DC,13,30879.16
SO000129,2025-04-19,P002,C028,Bengaluru DC,5,11876.6
SO000130,2025-04-19,P002,C032,Bengaluru DC,4,9501.28
SO000131,2025-04-24,P002,C031,Pune DC,2,4750.64
SO000132,2025-04-27,P002,C038,Chennai DC,4,9501.28
SO000133,2025-04-28,P002,C002,Pune DC,20,47506.4
SO000134,2025-05-06,P002,C006,Bengaluru DC,9,21377.88
SO000135,2025-05-08,P002,C013,Chennai DC,9,21377.88
SO000136,2025-05-13,P002,C034,Pune DC,6,14251.92
SO000137,2025-05-14,P002,C035,Pune DC,4,9501.28
SO000138,2025-05-17,P002,C036,Pune DC,7,16627.24
SO000139,2025-05-21,P002,C007,Bengaluru DC,5,11876.6
SO000140,2025-05-22,P002,C023,Bengaluru DC,2,4750.64
SO000141,2025-05-23,P002,C037,Chennai DC,4,9501.28
SO000142,2025-05-28,P002,C024,Pune DC,5,11876.6
SO000143,2025-05-29,P002,C030,Pune DC,2,4750.64
SO000144,2025-05-31,P002,C036,Pune DC,5,11876.6
SO000145,2025-06-04,P002,C005,Chennai DC,4,9501.28
SO000146,2025-06-04,P002,C039,Chennai DC,8,19002.56
SO000147,2025-06-07,P002,C003,Pune DC,3,7125.96
SO000148,2025-06-11,P002,C008,Bengaluru DC,9,21377.88
SO000149,2025-06-11,P002,C001,Bengaluru DC,4,9501.28
SO000150,2025-06-17,P002,C028,Bengaluru DC,2,4750.64
SO000151,2025-06-16,P002,C033,Pune DC,6,14251.92
SO000152,2025-06-24,P002,C025,Pune DC,2,4750.64
SO000153,2025-06-25,P002,C020,Pune DC,4,9501.28
SO000154,2025-06-23,P002,C010,Pune DC,6,14251.92
SO000155,2025-07-04,P002,C003,Pune DC,5,11876.6
SO000156,2025-07-06,P002,C031,Pune DC,5,11876.6
SO000157,2025-07-05,P002,C024,Pune DC,3,7125.96
SO000158,2025-07-08,P002,C035,Pune DC,13,30879.16
SO000159,2025-07-19,P002,C025,Pune DC,13,30879.16
SO000160,2025-07-23,P002,C023,Bengaluru DC,5,11876.6
SO000161,2025-07-26,P002,C027,Chennai DC,8,19002.56
SO000162,2025-08-03,P002,C001,Bengaluru DC,3,7125.96
SO000163,2025-08-01,P002,C033,Pune DC,3,7125.96
SO000164,2025-08-01,P002,C036,Pune DC,4,9501.28
SO000165,2025-08-04,P002,C008,Bengaluru DC,5,11876.6
SO000166,2025-08-10,P002,C027,Chennai DC,5,11876.6
SO000167,2025-08-13,P002,C027,Chennai DC,9,21377.88
SO000168,2025-08-20,P002,C031,Pune DC,11,26128.52
SO000169,2025-08-27,P002,C032,Bengaluru DC,14,33254.48
SO000170,2025-09-06,P002,C001,Bengaluru DC,18,42755.76
SO000171,2025-09-09,P002,C019,Chennai DC,4,9501.28
SO000172,2025-09-10,P002,C001,Bengaluru DC,4,9501.28
SO000173,2025-09-08,P002,C021,Pune DC,3,7125.96
SO000174,2025-09-19,P002,C006,Bengaluru DC,6,14251.92
SO000175,2025-09-27,P002,C002,Pune DC,5,11876.6
SO000176,2025-09-23,P002,C019,Chennai DC,3,7125.96
SO000177,2025-10-05,P002,C006,Bengaluru DC,4,9501.28
SO000178,2025-10-05,P002,C005,Chennai DC,2,4750.64
SO000179,2025-10-06,P002,C036,Pune DC,4,9501.28
SO000180,2025-10-12,P002,C026,Chennai DC,5,11876.6
SO000181,2025-10-17,P002,C040,Chennai DC,9,21377.88
SO000182,2025-10-23,P002,C015,Bengaluru DC,9,21377.88
SO000183,2025-10-23,P002,C017,Pune DC,5,11876.6
SO000184,2025-10-29,P002,C027,Chennai DC,3,7125.96
SO000185,2025-10-28,P002,C004,Pune DC,5,11876.6
SO000186,2025-11-05,P002,C021,Pune DC,9,21377.88
SO000187,2025-11-10,P002,C004,Pune DC,4,9501.28
SO000188,2025-11-16,P002,C009,Bengaluru DC,4,9501.28
SO000189,2025-11-20,P002,C004,Pune DC,12,28503.84
SO000190,2025-11-24,P002,C034,Pune DC,5,11876.6
SO000191,2025-11-28,P002,C015,Bengaluru DC,4,9501.28
SO000192,2025-12-06,P002,C032,Bengaluru DC,5,11876.6
SO000193,2025-12-01,P002,C036,Pune DC,2,4750.64
SO000194,2025-12-02,P002,C006,Bengaluru DC,7,16627.24
SO000195,2025-12-14,P002,C001,Bengaluru DC,8,19002.56
SO000196,2025-12-17,P002,C001,Bengaluru DC,6,14251.92
SO000197,2025-12-15,P002,C018,Pune DC,3,7125.96
SO000198,2025-12-22,P002,C004,Pune DC,9,21377.88
SO000199,2026-01-04,P002,C011,Chennai DC,4,9501.28
SO000200,2026-01-01,P002,C010,Pune DC,3,7125.96
SO000201,2026-01-02,P002,C013,Chennai DC,7,16627.24
SO000202,2025-01-12,P003,C017,Pune DC,25,78012.25
SO000203,2025-01-10,P003,C006,Bengaluru DC,13,40566.37
SO000204,2025-01-07,P003,C038,Chennai DC,19,59289.31
SO000205,2025-01-16,P003,C031,Pune DC,13,40566.37
SO000206,2025-01-16,P003,C018,Pune DC,10,31204.9
SO000207,2025-01-16,P003,C001,Bengaluru DC,14,43686.86
SO000208,2025-01-26,P003,C007,Bengaluru DC,24,74891.76
SO000209,2025-01-24,P003,C033,Pune DC,20,62409.8
SO000210,2025-01-29,P003,C016,Pune DC,18,56168.82
SO000211,2025-01-31,P003,C031,Pune DC,19,59289.31
SO000212,2025-02-03,P003,C031,Pune DC,9,28084.41
SO000213,2025-02-07,P003,C028,Bengaluru DC,16,49927.84
SO000214,2025-02-08,P003,C005,Chennai DC,15,46807.35
SO000215,2025-02-16,P003,C032,Bengaluru DC,39,121699.11
SO000216,2025-02-22,P003,C027,Chennai DC,40,124819.6
SO000217,2025-02-26,P003,C024,Pune DC,43,134181.07
SO000218,2025-03-03,P003,C007,Bengaluru DC,8,24963.92
SO000219,2025-03-04,P003,C033,Pune DC,12,37445.88
SO000220,2025-03-04,P003,C039,Chennai DC,9,28084.41
SO000221,2025-03-14,P003,C012,Bengaluru DC,50,156024.5
SO000222,2025-03-18,P003,C034,Pune DC,33,102976.17
SO000223,2025-03-27,P003,C017,Pune DC,48,149783.52
SO000224,2025-04-05,P003,C028,Bengaluru DC,23,71771.27
SO000225,2025-04-04,P003,C029,Chennai DC,26,81132.74
SO000226,2025-04-09,P003,C038,Chennai DC,23,71771.27
SO000227,2025-04-07,P003,C038,Chennai DC,23,71771.27
SO000228,2025-04-16,P003,C040,Chennai DC,57,177867.93
SO000229,2025-04-23,P003,C026,Chennai DC,12,37445.88
SO000230,2025-04-26,P003,C034,Pune DC,16,49927.84
SO000231,2025-04-27,P003,C025,Pune DC,13,40566.37
SO000232,2025-04-28,P003,C028,Bengaluru DC,33,102976.17
SO000233,2025-05-03,P003,C007,Bengaluru DC,16,49927.84
SO000234,2025-05-07,P003,C014,Bengaluru DC,41,127940.09
SO000235,2025-05-16,P003,C033,Pune DC,21,65530.29
SO000236,2025-05-17,P003,C040,Chennai DC,24,74891.76
SO000237,2025-05-18,P003,C018,Pune DC,13,40566.37
SO000238,2025-05-22,P003,C004,Pune DC,47,146663.03
SO000239,2025-05-30,P003,C022,Bengaluru DC,38,118578.62
SO000240,2025-06-07,P003,C033,Pune DC,30,93614.7
SO000241,2025-06-11,P003,C016,Pune DC,33,102976.17
SO000242,2025-06-16,P003,C005,Chennai DC,46,143542.54
SO000243,2025-06-24,P003,C039,Chennai DC,40,124819.6
SO000244,2025-07-04,P003,C021,Pune DC,20,62409.8
SO000245,2025-07-05,P003,C031,Pune DC,19,59289.31
SO000246,2025-07-09,P003,C038,Chennai DC,11,34325.39
SO000247,2025-07-10,P003,C008,Bengaluru DC,21,65530.29
SO000248,2025-07-07,P003,C007,Bengaluru DC,14,43686.86
SO000249,2025-07-19,P003,C012,Bengaluru DC,16,49927.84
SO000250,2025-07-16,P003,C029,Chennai DC,19,59289.31
SO000251,2025-07-24,P003,C010,Pune DC,20,62409.8
SO000252,2025-07-23,P003,C022,Bengaluru DC,8,24963.92
SO000253,2025-07-25,P003,C003,Pune DC,21,65530.29
SO000254,2025-07-31,P003,C023,Bengaluru DC,18,56168.82
SO000255,2025-07-31,P003,C021,Pune DC,16,49927.84
SO000256,2025-07-28,P003,C004,Pune DC,13,40566.37
SO000257,2025-08-04,P003,C015,Bengaluru DC,10,31204.9
SO000258,2025-08-07,P003,C037,Chennai DC,15,46807.35
SO000259,2025-08-09,P003,C034,Pune DC,9,28084.41
SO000260,2025-08-15,P003,C023,Bengaluru DC,22,68650.78
SO000261,2025-08-13,P003,C039,Chennai DC,17,53048.33
SO000262,2025-08-18,P003,C022,Bengaluru DC,40,124819.6
SO000263,2025-08-30,P003,C032,Bengaluru DC,44,137301.56
SO000264,2025-09-05,P003,C015,Bengaluru DC,12,37445.88
SO000265,2025-09-01,P003,C026,Chennai DC,8,24963.92
SO000266,2025-09-07,P003,C021,Pune DC,11,34325.39
SO000267,2025-09-14,P003,C004,Pune DC,13,40566.37
SO000268,2025-09-10,P003,C009,Bengaluru DC,14,43686.86
SO000269,2025-09-12,P003,C018,Pune DC,11,34325.39
SO000270,2025-09-21,P003,C038,Chennai DC,35,109217.15
SO000271,2025-09-25,P003,C001,Bengaluru DC,48,149783.52
SO000272,2025-10-04,P003,C032,Bengaluru DC,8,24963.92
SO000273,2025-10-02,P003,C005,Chennai DC,10,31204.9
SO000274,2025-10-01,P003,C021,Pune DC,7,21843.43
SO000275,2025-10-10,P003,C031,Pune DC,36,112337.64
SO000276,2025-10-18,P003,C031,Pune DC,20,62409.8
SO000277,2025-10-19,P003,C004,Pune DC,22,68650.78
SO000278,2025-10-20,P003,C023,Bengaluru DC,30,93614.7
SO000279,2025-10-23,P003,C032,Bengaluru DC,16,49927.84
SO000280,2025-10-30,P003,C018,Pune DC,18,56168.82
SO000281,2025-10-29,P003,C014,Bengaluru DC,17,53048.33
SO000282,2025-11-08,P003,C020,Pune DC,26,81132.74
SO000283,2025-11-03,P003,C027,Chennai DC,17,53048.33
SO000284,2025-11-12,P003,C011,Chennai DC,47,146663.03
SO000285,2025-11-22,P003,C034,Pune DC,16,49927.84
SO000286,2025-11-20,P003,C026,Chennai DC,22,68650.78
SO000287,2025-11-29,P003,C034,Pune DC,20,62409.8
SO000288,2025-11-27,P003,C009,Bengaluru DC,30,93614.7
SO000289,2025-12-01,P003,C002,Pune DC,17,53048.33
SO000290,2025-12-04,P003,C008,Bengaluru DC,19,59289.31
SO000291,2025-12-01,P003,C037,Chennai DC,12,37445.88
SO000292,2025-12-10,P003,C020,Pune DC,18,56168.82
SO000293,2025-12-10,P003,C011,Chennai DC,21,65530.29
SO000294,2025-12-21,P003,C021,Pune DC,46,143542.54
SO000295,2025-12-28,P003,C036,Pune DC,30,93614.7
SO000296,2025-12-26,P003,C032,Bengaluru DC,23,71771.27
SO000297,2026-01-03,P003,C014,Bengaluru DC,41,127940.09
SO000298,2025-01-09,P004,C034,Pune DC,4,11280.36
SO000299,2025-01-09,P004,C011,Chennai DC,4,11280.36
SO000300,2025-01-06,P004,C016,Pune DC,12,33841.08
SO000301,2025-01-17,P004,C026,Chennai DC,19,53581.71
SO000302,2025-01-24,P004,C011,Chennai DC,12,33841.08
SO000303,2025-01-26,P004,C002,Pune DC,10,28200.9
SO000304,2025-02-01,P004,C027,Chennai DC,13,36661.17
SO000305,2025-01-30,P004,C015,Bengaluru DC,12,33841.08
SO000306,2025-02-04,P004,C017,Pune DC,15,42301.35
SO000307,2025-02-14,P004,C019,Chennai DC,5,14100.45
SO000308,2025-02-11,P004,C032,Bengaluru DC,13,36661.17
SO000309,2025-02-20,P004,C025,Pune DC,16,45121.44
SO000310,2025-02-22,P004,C031,Pune DC,14,39481.26
SO000311,2025-02-24,P004,C017,Pune DC,8,22560.72
SO000312,2025-02-24,P004,C034,Pune DC,11,31020.99
SO000313,2025-03-07,P004,C004,Pune DC,7,19740.63
SO000314,2025-03-09,P004,C008,Bengaluru DC,10,28200.9
SO000315,2025-03-04,P004,C018,Pune DC,7,19740.63
SO000316,2025-03-11,P004,C013,Chennai DC,9,25380.81
SO000317,2025-03-12,P004,C006,Bengaluru DC,12,33841.08
SO000318,2025-03-14,P004,C018,Pune DC,8,22560.72
SO000319,2025-03-21,P004,C025,Pune DC,29,81782.61
SO000320,2025-03-24,P004,C011,Chennai DC,8,22560.72
SO000321,2025-03-25,P004,C019,Chennai DC,16,45121.44
SO000322,2025-04-03,P004,C021,Pune DC,28,78962.52
SO000323,2025-04-12,P004,C016,Pune DC,20,56401.8
SO000324,2025-04-17,P004,C031,Pune DC,32,90242.88
SO000325,2025-04-23,P004,C020,Pune DC,5,14100.45
SO000326,2025-04-25,P004,C012,Bengaluru DC,7,19740.63
SO000327,2025-04-26,P004,C022,Bengaluru DC,5,14100.45
SO000328,2025-05-01,P004,C040,Chennai DC,15,42301.35
SO000329,2025-05-04,P004,C026,Chennai DC,15,42301.35
SO000330,2025-05-08,P004,C036,Pune DC,8,22560.72
SO000331,2025-05-06,P004,C022,Bengaluru DC,13,36661.17
SO000332,2025-05-16,P004,C028,Bengaluru DC,10,28200.9
SO000333,2025-05-13,P004,C014,Bengaluru DC,17,47941.53
SO000334,2025-05-20,P004,C038,Chennai DC,17,47941.53
SO000335,2025-05-23,P004,C003,Pune DC,12,33841.08
SO000336,2025-05-31,P004,C033,Pune DC,5,14100.45
SO000337,2025-05-27,P004,C005,Chennai DC,12,33841.08
SO000338,2025-06-01,P004,C001,Bengaluru DC,14,39481.26
SO000339,2025-06-04,P004,C027,Chennai DC,24,67682.16
SO000340,2025-06-11,P004,C009,Bengaluru DC,9,25380.81
SO000341,2025-06-15,P004,C001,Bengaluru DC,11,31020.99
SO000342,2025-06-18,P004,C032,Bengaluru DC,7,19740.63
SO000343,2025-06-22,P004,C024,Pune DC,12,33841.08
SO000344,2025-06-16,P004,C002,Pune DC,7,19740.63
SO000345,2025-06-28,P004,C035,Pune DC,14,39481.26
SO000346,2025-06-25,P004,C017,Pune DC,14,39481.26
SO000347,2025-07-04,P004,C011,Chennai DC,8,22560.72
SO000348,2025-07-05,P004,C026,Chennai DC,5,14100.45
SO000349,2025-07-03,P004,C012,Bengaluru DC,11,31020.99
SO000350,2025-07-10,P004,C023,Bengaluru DC,27,76142.43
SO000351,2025-07-17,P004,C018,Pune DC,8,22560.72
SO000352,2025-07-16,P004,C023,Bengaluru DC,5,14100.45
SO000353,2025-07-16,P004,C003,Pune DC,9,25380.81
SO000354,2025-07-27,P004,C001,Bengaluru DC,6,16920.54
SO000355,2025-07-25,P004,C032,Bengaluru DC,5,14100.45
SO000356,2025-07-24,P004,C032,Bengaluru DC,6,16920.54
SO000357,2025-07-30,P004,C019,Chennai DC,12,33841.08
SO000358,2025-08-03,P004,C008,Bengaluru DC,11,31020.99
SO000359,2025-08-09,P004,C033,Pune DC,17,47941.53
SO000360,2025-08-15,P004,C012,Bengaluru DC,13,36661.17
SO000361,2025-08-19,P004,C023,Bengaluru DC,6,16920.54
SO000362,2025-08-24,P004,C012,Bengaluru DC,12,33841.08
SO000363,2025-08-25,P004,C035,Pune DC,10,28200.9
SO000364,2025-08-27,P004,C021,Pune DC,4,11280.36
SO000365,2025-09-04,P004,C011,Chennai DC,6,16920.54
SO000366,2025-09-06,P004,C036,Pune DC,3,8460.27
SO000367,2025-09-07,P004,C037,Chennai DC,4,11280.36
SO000368,2025-09-11,P004,C020,Pune DC,14,39481.26
SO000369,2025-09-13,P004,C025,Pune DC,12,33841.08
SO000370,2025-09-16,P004,C011,Chennai DC,9,25380.81
SO000371,2025-09-18,P004,C024,Pune DC,9,25380.81
SO000372,2025-09-15,P004,C039,Chennai DC,9,25380.81
SO000373,2025-09-26,P004,C001,Bengaluru DC,11,31020.99
SO000374,2025-10-01,P004,C016,Pune DC,8,22560.72
SO000375,2025-10-05,P004,C008,Bengaluru DC,6,16920.54
SO000376,2025-09-29,P004,C024,Pune DC,8,22560.72
SO000377,2025-10-06,P004,C016,Pune DC,16,45121.44
SO000378,2025-10-10,P004,C002,Pune DC,11,31020.99
SO000379,2025-10-13,P004,C013,Chennai DC,12,33841.08
SO000380,2025-10-18,P004,C030,Pune DC,10,28200.9
SO000381,2025-10-23,P004,C007,Bengaluru DC,10,28200.9
SO000382,2025-10-28,P004,C002,Pune DC,5,14100.45
SO000383,2025-10-27,P004,C002,Pune DC,1,2820.09
SO000384,2025-10-30,P004,C029,Chennai DC,2,5640.18
SO000385,2025-11-05,P004,C012,Bengaluru DC,3,8460.27
SO000386,2025-11-07,P004,C023,Bengaluru DC,9,25380.81
SO000387,2025-11-13,P004,C037,Chennai DC,6,16920.54
SO000388,2025-11-15,P004,C038,Chennai DC,5,14100.45
SO000389,2025-11-10,P004,C028,Bengaluru DC,5,14100.45
SO000390,2025-11-23,P004,C018,Pune DC,8,22560.72
SO000391,2025-11-22,P004,C024,Pune DC,9,25380.81
SO000392,2025-11-27,P004,C028,Bengaluru DC,6,16920.54
SO000393,2025-11-26,P004,C027,Chennai DC,7,19740.63
SO000394,2025-11-29,P004,C009,Bengaluru DC,4,11280.36
SO000395,2025-12-07,P004,C016,Pune DC,4,11280.36
SO000396,2025-12-04,P004,C022,Bengaluru DC,8,22560.72
SO000397,2025-12-07,P004,C029,Chennai DC,3,8460.27
SO000398,2025-12-08,P004,C005,Chennai DC,11,31020.99
SO000399,2025-12-12,P004,C016,Pune DC,4,11280.36
SO000400,2025-12-08,P004,C010,Pune DC,7,19740.63
SO000401,2025-12-20,P004,C018,Pune DC,28,78962.52
SO000402,2025-12-24,P004,C024,Pune DC,9,25380.81
SO000403,2025-12-23,P004,C029,Chennai DC,9,25380.81
SO000404,2025-12-27,P004,C019,Chennai DC,6,16920.54
SO000405,2026-01-01,P004,C003,Pune DC,24,67682.16
SO000406,2025-01-12,P005,C019,Chennai DC,123,342523.02
SO000407,2025-01-18,P005,C001,Bengaluru DC,53,147591.22
SO000408,2025-01-19,P005,C018,Pune DC,43,119743.82
SO000409,2025-01-13,P005,C025,Pune DC,30,83542.2
SO000410,2025-01-21,P005,C025,Pune DC,45,125313.3
SO000411,2025-01-25,P005,C023,Bengaluru DC,64,178223.36
SO000412,2025-01-27,P005,C031,Pune DC,55,153160.7
SO000413,2025-01-27,P005,C023,Bengaluru DC,52,144806.48
SO000414,2025-02-09,P005,C011,Chennai DC,63,175438.62
SO000415,2025-02-03,P005,C011,Chennai DC,78,217209.72
SO000416,2025-02-12,P005,C036,Pune DC,62,172653.88
SO000417,2025-02-12,P005,C019,Chennai DC,61,169869.14
SO000418,2025-02-18,P005,C013,Chennai DC,60,167084.4
SO000419,2025-02-18,P005,C010,Pune DC,68,189362.32
SO000420,2025-02-27,P005,C022,Bengaluru DC,34,94681.16
SO000421,2025-02-28,P005,C031,Pune DC,50,139237.0
SO000422,2025-03-01,P005,C036,Pune DC,39,108604.86
SO000423,2025-03-04,P005,C010,Pune DC,128,356446.72
SO000424,2025-03-10,P005,C010,Pune DC,120,334168.8
SO000425,2025-03-23,P005,C001,Bengaluru DC,47,130882.78
SO000426,2025-03-20,P005,C018,Pune DC,43,119743.82
SO000427,2025-03-21,P005,C001,Bengaluru DC,37,103035.38
SO000428,2025-03-25,P005,C002,Pune DC,46,128098.04
SO000429,2025-03-27,P005,C011,Chennai DC,44,122528.56
SO000430,2025-03-28,P005,C014,Bengaluru DC,59,164299.66
SO000431,2025-04-01,P005,C004,Pune DC,157,437204.18
SO000432,2025-04-12,P005,C022,Bengaluru DC,57,158730.18
SO000433,2025-04-09,P005,C024,Pune DC,72,200501.28
SO000434,2025-04-16,P005,C010,Pune DC,85,236702.9
SO000435,2025-04-19,P005,C025,Pune DC,79,219994.46
SO000436,2025-04-27,P005,C030,Pune DC,151,420495.74
SO000437,2025-04-30,P005,C005,Chennai DC,64,178223.36
SO000438,2025-05-03,P005,C004,Pune DC,86,239487.64
SO000439,2025-05-06,P005,C007,Bengaluru DC,57,158730.18
SO000440,2025-05-05,P005,C026,Chennai DC,44,122528.56
SO000441,2025-05-08,P005,C030,Pune DC,45,125313.3
SO000442,2025-05-16,P005,C014,Bengaluru DC,70,194931.8
SO000443,2025-05-14,P005,C012,Bengaluru DC,77,214424.98
SO000444,2025-05-22,P005,C017,Pune DC,60,167084.4
SO000445,2025-05-24,P005,C018,Pune DC,56,155945.44
SO000446,2025-05-21,P005,C001,Bengaluru DC,50,139237.0
SO000447,2025-06-01,P005,C034,Pune DC,81,225563.94
SO000448,2025-05-28,P005,C035,Pune DC,66,183792.84
SO000449,2025-06-05,P005,C001,Bengaluru DC,183,509607.42
SO000450,2025-06-09,P005,C017,Pune DC,73,203286.02
SO000451,2025-06-10,P005,C005,Chennai DC,73,203286.02
SO000452,2025-06-20,P005,C026,Chennai DC,90,250626.6
SO000453,2025-06-18,P005,C003,Pune DC,87,242272.38
SO000454,2025-06-25,P005,C028,Bengaluru DC,45,125313.3
SO000455,2025-06-28,P005,C030,Pune DC,47,130882.78
SO000456,2025-06-25,P005,C019,Chennai DC,49,136452.26
SO000457,2025-07-06,P005,C026,Chennai DC,137,381509.38
SO000458,2025-07-10,P005,C005,Chennai DC,60,167084.4
SO000459,2025-07-09,P005,C009,Bengaluru DC,44,122528.56
SO000460,2025-07-07,P005,C036,Pune DC,43,119743.82
SO000461,2025-07-20,P005,C033,Pune DC,43,119743.82
SO000462,2025-07-19,P005,C001,Bengaluru DC,46,128098.04
SO000463,2025-07-20,P005,C031,Pune DC,41,114174.34
SO000464,2025-07-21,P005,C012,Bengaluru DC,35,97465.9
SO000465,2025-07-25,P005,C011,Chennai DC,54,150375.96
SO000466,2025-07-26,P005,C003,Pune DC,37,103035.38
SO000467,2025-08-03,P005,C019,Chennai DC,70,194931.8
SO000468,2025-07-30,P005,C020,Pune DC,64,178223.36
SO000469,2025-08-08,P005,C035,Pune DC,129,359231.46
SO000470,2025-08-12,P005,C014,Bengaluru DC,55,153160.7
SO000471,2025-08-16,P005,C031,Pune DC,59,164299.66
SO000472,2025-08-22,P005,C018,Pune DC,137,381509.38
SO000473,2025-08-30,P005,C016,Pune DC,58,161514.92
SO000474,2025-08-31,P005,C036,Pune DC,39,108604.86
SO000475,2025-09-07,P005,C008,Bengaluru DC,49,136452.26
SO000476,2025-09-06,P005,C016,Pune DC,37,103035.38
SO000477,2025-09-06,P005,C026,Chennai DC,27,75187.98
SO000478,2025-09-13,P005,C031,Pune DC,114,317460.36
SO000479,2025-09-20,P005,C018,Pune DC,103,286828.22
SO000480,2025-09-22,P005,C035,Pune DC,31,86326.94
SO000481,2025-09-24,P005,C016,Pune DC,24,66833.76
SO000482,2025-09-28,P005,C001,Bengaluru DC,40,111389.6
SO000483,2025-09-29,P005,C015,Bengaluru DC,54,150375.96
SO000484,2025-10-03,P005,C011,Chennai DC,48,133667.52
SO000485,2025-10-11,P005,C009,Bengaluru DC,65,181008.1
SO000486,2025-10-07,P005,C002,Pune DC,61,169869.14
SO000487,2025-10-15,P005,C040,Chennai DC,123,342523.02
SO000488,2025-10-25,P005,C001,Bengaluru DC,67,186577.58
SO000489,2025-10-23,P005,C011,Chennai DC,63,175438.62
SO000490,2025-10-28,P005,C007,Bengaluru DC,110,306321.4
SO000491,2025-11-09,P005,C020,Pune DC,143,398217.82
SO000492,2025-11-12,P005,C020,Pune DC,33,91896.42
SO000493,2025-11-14,P005,C033,Pune DC,44,122528.56
SO000494,2025-11-14,P005,C019,Chennai DC,39,108604.86
SO000495,2025-11-23,P005,C035,Pune DC,70,194931.8
SO000496,2025-11-18,P005,C011,Chennai DC,73,203286.02
SO000497,2025-11-30,P005,C013,Chennai DC,57,158730.18
SO000498,2025-11-27,P005,C001,Bengaluru DC,57,158730.18
SO000499,2025-12-06,P005,C022,Bengaluru DC,82,228348.68
SO000500,2025-12-07,P005,C020,Pune DC,70,194931.8
SO000501,2025-12-14,P005,C015,Bengaluru DC,67,186577.58
SO000502,2025-12-08,P005,C006,Bengaluru DC,66,183792.84
SO000503,2025-12-15,P005,C027,Chennai DC,68,189362.32
SO000504,2025-12-16,P005,C016,Pune DC,88,245057.12
SO000505,2025-12-28,P005,C039,Chennai DC,177,492898.98
SO000506,2026-01-03,P005,C038,Chennai DC,46,128098.04
SO000507,2026-01-03,P005,C040,Chennai DC,65,181008.1
SO000508,2026-01-01,P005,C026,Chennai DC,61,169869.14
SO000509,2025-01-08,P006,C014,Bengaluru DC,11,24174.48
SO000510,2025-01-06,P006,C001,Bengaluru DC,12,26372.16
SO000511,2025-01-12,P006,C020,Pune DC,11,24174.48
SO000512,2025-01-13,P006,C003,Pune DC,16,35162.88
SO000513,2025-01-15,P006,C022,Bengaluru DC,18,39558.24
SO000514,2025-01-20,P006,C002,Pune DC,12,26372.16
SO000515,2025-01-23,P006,C010,Pune DC,15,32965.2
SO000516,2025-01-22,P006,C039,Chennai DC,13,28569.84
SO000517,2025-02-01,P006,C012,Bengaluru DC,14,30767.52
SO000518,2025-02-01,P006,C032,Bengaluru DC,16,35162.88
SO000519,2025-01-29,P006,C005,Chennai DC,12,26372.16
SO000520,2025-02-06,P006,C002,Pune DC,11,24174.48
SO000521,2025-02-09,P006,C037,Chennai DC,16,35162.88
SO000522,2025-02-08,P006,C026,Chennai DC,5,10988.4
SO000523,2025-02-10,P006,C024,Pune DC,20,43953.6
SO000524,2025-02-15,P006,C022,Bengaluru DC,26,57139.68
SO000525,2025-02-20,P006,C032,Bengaluru DC,27,59337.36
SO000526,2025-02-28,P006,C003,Pune DC,43,94500.24
SO000527,2025-03-05,P006,C027,Chennai DC,9,19779.12
SO000528,2025-03-07,P006,C020,Pune DC,17,37360.56
SO000529,2025-03-04,P006,C027,Chennai DC,9,19779.12
SO000530,2025-03-10,P006,C019,Chennai DC,8,17581.44
SO000531,2025-03-15,P006,C015,Bengaluru DC,12,26372.16
SO000532,2025-03-16,P006,C032,Bengaluru DC,9,19779.12
SO000533,2025-03-22,P006,C010,Pune DC,20,43953.6
SO000534,2025-03-19,P006,C031,Pune DC,27,59337.36
SO000535,2025-03-27,P006,C005,Chennai DC,16,35162.88
SO000536,2025-03-24,P006,C040,Chennai DC,11,24174.48
SO000537,2025-03-25,P006,C032,Bengaluru DC,8,17581.44
SO000538,2025-03-31,P006,C003,Pune DC,29,63732.72
SO000539,2025-04-10,P006,C012,Bengaluru DC,19,41755.92
SO000540,2025-04-07,P006,C017,Pune DC,10,21976.8
SO000541,2025-04-15,P006,C038,Chennai DC,37,81314.16
SO000542,2025-04-22,P006,C012,Bengaluru DC,16,35162.88
SO000543,2025-04-24,P006,C021,Pune DC,16,35162.88
SO000544,2025-04-24,P006,C007,Bengaluru DC,13,28569.84
SO000545,2025-05-03,P006,C014,Bengaluru DC,21,46151.28
SO000546,2025-05-03,P006,C012,Bengaluru DC,8,17581.44
SO000547,2025-05-09,P006,C003,Pune DC,8,17581.44
SO000548,2025-05-08,P006,C018,Pune DC,15,32965.2
SO000549,2025-05-09,P006,C032,Bengaluru DC,9,19779.12
SO000550,2025-05-17,P006,C012,Bengaluru DC,10,21976.8
SO000551,2025-05-13,P006,C009,Bengaluru DC,16,35162.88
SO000552,2025-05-15,P006,C024,Pune DC,13,28569.84
SO000553,2025-05-19,P006,C019,Chennai DC,13,28569.84
SO000554,2025-05-25,P006,C036,Pune DC,14,30767.52
SO000555,2025-05-22,P006,C007,Bengaluru DC,9,19779.12
SO000556,2025-05-29,P006,C010,Pune DC,10,21976.8
SO000557,2025-05-28,P006,C018,Pune DC,11,24174.48
SO000558,2025-05-26,P006,C029,Chennai DC,12,26372.16
SO000559,2025-06-04,P006,C005,Chennai DC,14,30767.52
SO000560,2025-06-03,P006,C018,Pune DC,8,17581.44
SO000561,2025-06-05,P006,C021,Pune DC,7,15383.76
SO000562,2025-06-10,P006,C024,Pune DC,10,21976.8
SO000563,2025-06-15,P006,C005,Chennai DC,15,32965.2
SO000564,2025-06-16,P006,C014,Bengaluru DC,12,26372.16
SO000565,2025-06-21,P006,C037,Chennai DC,20,43953.6
SO000566,2025-06-27,P006,C011,Chennai DC,17,37360.56
SO000567,2025-06-28,P006,C001,Bengaluru DC,19,41755.92
SO000568,2025-06-30,P006,C027,Chennai DC,14,30767.52
SO000569,2025-07-03,P006,C020,Pune DC,10,21976.8
SO000570,2025-07-08,P006,C034,Pune DC,16,35162.88
SO000571,2025-07-07,P006,C025,Pune DC,15,32965.2
SO000572,2025-07-14,P006,C009,Bengaluru DC,13,28569.84
SO000573,2025-07-19,P006,C009,Bengaluru DC,13,28569.84
SO000574,2025-07-26,P006,C018,Pune DC,24,52744.32
SO000575,2025-08-01,P006,C001,Bengaluru DC,12,26372.16
SO000576,2025-07-28,P006,C017,Pune DC,7,15383.76
SO000577,2025-07-28,P006,C025,Pune DC,8,17581.44
SO000578,2025-08-05,P006,C034,Pune DC,11,24174.48
SO000579,2025-08-05,P006,C024,Pune DC,15,32965.2
SO000580,2025-08-12,P006,C037,Chennai DC,10,21976.8
SO000581,2025-08-11,P006,C009,Bengaluru DC,8,17581.44
SO000582,2025-08-17,P006,C009,Bengaluru DC,14,30767.52
SO000583,2025-08-19,P006,C024,Pune DC,4,8790.72
SO000584,2025-08-22,P006,C027,Chennai DC,6,13186.08
SO000585,2025-08-19,P006,C024,Pune DC,13,28569.84
SO000586,2025-08-27,P006,C004,Pune DC,28,61535.04
SO000587,2025-09-07,P006,C015,Bengaluru DC,34,74721.12
SO000588,2025-09-08,P006,C024,Pune DC,9,19779.12
SO000589,2025-09-10,P006,C031,Pune DC,11,24174.48
SO000590,2025-09-14,P006,C031,Pune DC,9,19779.12
SO000591,2025-09-16,P006,C005,Chennai DC,15,32965.2
SO000592,2025-09-24,P006,C031,Pune DC,7,15383.76
SO000593,2025-09-28,P006,C031,Pune DC,5,10988.4
SO000594,2025-09-23,P006,C024,Pune DC,10,21976.8
SO000595,2025-10-04,P006,C035,Pune DC,23,50546.64
SO000596,2025-10-07,P006,C037,Chennai DC,25,54942.0
SO000597,2025-10-15,P006,C029,Chennai DC,28,61535.04
SO000598,2025-10-24,P006,C024,Pune DC,25,54942.0
SO000599,2025-10-27,P006,C032,Bengaluru DC,17,37360.56
SO000600,2025-10-28,P006,C032,Bengaluru DC,9,19779.12
SO000601,2025-11-03,P006,C017,Pune DC,9,19779.12
SO000602,2025-11-04,P006,C015,Bengaluru DC,11,24174.48
SO000603,2025-11-13,P006,C010,Pune DC,7,15383.76
SO000604,2025-11-14,P006,C029,Chennai DC,15,32965.2
SO000605,2025-11-10,P006,C019,Chennai DC,7,15383.76
SO000606,2025-11-17,P006,C008,Bengaluru DC,14,30767.52
SO000607,2025-11-20,P006,C025,Pune DC,5,10988.4
SO000608,2025-11-20,P006,C025,Pune DC,4,8790.72
SO000609,2025-11-28,P006,C010,Pune DC,16,35162.88
SO000610,2025-11-28,P006,C006,Bengaluru DC,12,26372.16
SO000611,2025-12-04,P006,C022,Bengaluru DC,19,41755.92
SO000612,2025-12-09,P006,C024,Pune DC,7,15383.76
SO000613,2025-12-12,P006,C019,Chennai DC,12,26372.16
SO000614,2025-12-08,P006,C018,Pune DC,13,28569.84
SO000615,2025-12-21,P006,C013,Chennai DC,9,19779.12
SO000616,2025-12-21,P006,C018,Pune DC,5,10988.4
SO000617,2025-12-20,P006,C002,Pune DC,8,17581.44
SO000618,2025-12-24,P006,C016,Pune DC,6,13186.08
SO000619,2025-12-25,P006,C017,Pune DC,7,15383.76
SO000620,2025-12-27,P006,C031,Pune DC,6,13186.08
SO000621,2025-12-29,P006,C001,Bengaluru DC,19,41755.92
SO000622,2025-01-12,P007,C023,Bengaluru DC,7,21279.02
SO000623,2025-01-09,P007,C038,Chennai DC,7,21279.02
SO000624,2025-01-18,P007,C034,Pune DC,9,27358.74
SO000625,2025-01-13,P007,C007,Bengaluru DC,9,27358.74
SO000626,2025-01-25,P007,C038,Chennai DC,6,18239.16
SO000627,2025-01-23,P007,C039,Chennai DC,12,36478.32
SO000628,2025-01-27,P007,C040,Chennai DC,22,66876.92
SO000629,2025-02-07,P007,C026,Chennai DC,12,36478.32
SO000630,2025-02-04,P007,C024,Pune DC,6,18239.16
SO000631,2025-02-11,P007,C015,Bengaluru DC,23,69916.78
SO000632,2025-02-21,P007,C027,Chennai DC,6,18239.16
SO000633,2025-02-22,P007,C039,Chennai DC,12,36478.32
SO000634,2025-02-28,P007,C034,Pune DC,7,21279.02
SO000635,2025-03-01,P007,C004,Pune DC,4,12159.44
SO000636,2025-02-26,P007,C038,Chennai DC,4,12159.44
SO000637,2025-03-07,P007,C010,Pune DC,10,30398.6
SO000638,2025-03-07,P007,C009,Bengaluru DC,8,24318.88
SO000639,2025-03-13,P007,C033,Pune DC,13,39518.18
SO000640,2025-03-14,P007,C025,Pune DC,8,24318.88
SO000641,2025-03-20,P007,C022,Bengaluru DC,11,33438.46
SO000642,2025-03-17,P007,C034,Pune DC,9,27358.74
SO000643,2025-03-23,P007,C001,Bengaluru DC,5,15199.3
SO000644,2025-03-24,P007,C033,Pune DC,2,6079.72
SO000645,2025-03-30,P007,C006,Bengaluru DC,9,27358.74
SO000646,2025-03-29,P007,C007,Bengaluru DC,5,15199.3
SO000647,2025-04-06,P007,C020,Pune DC,5,15199.3
SO000648,2025-04-04,P007,C024,Pune DC,3,9119.58
SO000649,2025-04-05,P007,C029,Chennai DC,13,39518.18
SO000650,2025-04-10,P007,C005,Chennai DC,24,72956.64
SO000651,2025-04-15,P007,C004,Pune DC,8,24318.88
SO000652,2025-04-17,P007,C020,Pune DC,6,18239.16
SO000653,2025-04-27,P007,C008,Bengaluru DC,13,39518.18
SO000654,2025-04-24,P007,C018,Pune DC,11,33438.46
SO000655,2025-05-01,P007,C040,Chennai DC,16,48637.76
SO000656,2025-05-03,P007,C029,Chennai DC,13,39518.18
SO000657,2025-05-07,P007,C008,Bengaluru DC,28,85116.08
SO000658,2025-05-14,P007,C006,Bengaluru DC,11,33438.46
SO000659,2025-05-17,P007,C015,Bengaluru DC,16,48637.76
SO000660,2025-05-21,P007,C039,Chennai DC,10,30398.6
SO000661,2025-05-20,P007,C030,Pune DC,13,39518.18
SO000662,2025-05-29,P007,C033,Pune DC,8,24318.88
SO000663,2025-05-26,P007,C006,Bengaluru DC,8,24318.88
SO000664,2025-05-26,P007,C018,Pune DC,10,30398.6
SO000665,2025-06-02,P007,C021,Pune DC,24,72956.64
SO000666,2025-06-09,P007,C035,Pune DC,7,21279.02
SO000667,2025-06-14,P007,C039,Chennai DC,6,18239.16
SO000668,2025-06-18,P007,C011,Chennai DC,6,18239.16
SO000669,2025-06-22,P007,C032,Bengaluru DC,8,24318.88
SO000670,2025-06-17,P007,C037,Chennai DC,4,12159.44
SO000671,2025-06-23,P007,C004,Pune DC,5,15199.3
SO000672,2025-06-27,P007,C010,Pune DC,8,24318.88
SO000673,2025-06-27,P007,C026,Chennai DC,1,3039.86
SO000674,2025-07-02,P007,C033,Pune DC,7,21279.02
SO000675,2025-07-05,P007,C008,Bengaluru DC,9,27358.74
SO000676,2025-06-30,P007,C006,Bengaluru DC,6,18239.16
SO000677,2025-07-09,P007,C025,Pune DC,17,51677.62
SO000678,2025-07-13,P007,C038,Chennai DC,10,30398.6
SO000679,2025-07-20,P007,C018,Pune DC,5,15199.3
SO000680,2025-07-17,P007,C033,Pune DC,5,15199.3
SO000681,2025-07-20,P007,C029,Chennai DC,4,12159.44
SO000682,2025-07-21,P007,C035,Pune DC,4,12159.44
SO000683,2025-07-23,P007,C034,Pune DC,1,3039.86
SO000684,2025-07-25,P007,C014,Bengaluru DC,4,12159.44
SO000685,2025-07-30,P007,C005,Chennai DC,9,27358.74
SO000686,2025-07-28,P007,C036,Pune DC,3,9119.58
SO000687,2025-08-08,P007,C018,Pune DC,6,18239.16
SO000688,2025-08-05,P007,C016,Pune DC,3,9119.58
SO000689,2025-08-05,P007,C007,Bengaluru DC,5,15199.3
SO000690,2025-08-14,P007,C010,Pune DC,3,9119.58
SO000691,2025-08-12,P007,C012,Bengaluru DC,3,9119.58
SO000692,2025-08-17,P007,C008,Bengaluru DC,6,18239.16
SO000693,2025-08-20,P007,C021,Pune DC,16,48637.76
SO000694,2025-08-27,P007,C005,Chennai DC,5,15199.3
SO000695,2025-08-25,P007,C015,Bengaluru DC,6,18239.16
SO000696,2025-08-31,P007,C030,Pune DC,5,15199.3
SO000697,2025-09-05,P007,C033,Pune DC,6,18239.16
SO000698,2025-09-02,P007,C006,Bengaluru DC,8,24318.88
SO000699,2025-09-14,P007,C039,Chennai DC,9,27358.74
SO000700,2025-09-12,P007,C015,Bengaluru DC,3,9119.58
SO000701,2025-09-19,P007,C036,Pune DC,1,3039.86
SO000702,2025-09-20,P007,C024,Pune DC,4,12159.44
SO000703,2025-09-20,P007,C021,Pune DC,5,15199.3
SO000704,2025-09-22,P007,C002,Pune DC,5,15199.3
SO000705,2025-09-26,P007,C013,Chennai DC,3,9119.58
SO000706,2025-09-27,P007,C023,Bengaluru DC,1,3039.86
SO000707,2025-10-01,P007,C013,Chennai DC,5,15199.3
SO000708,2025-09-29,P007,C011,Chennai DC,3,9119.58
SO000709,2025-09-30,P007,C003,Pune DC,2,6079.72
SO000710,2025-10-11,P007,C018,Pune DC,12,36478.32
SO000711,2025-10-12,P007,C028,Bengaluru DC,5,15199.3
SO000712,2025-10-15,P007,C039,Chennai DC,7,21279.02
SO000713,2025-10-15,P007,C003,Pune DC,3,9119.58
SO000714,2025-10-21,P007,C018,Pune DC,13,39518.18
SO000715,2025-10-31,P007,C014,Bengaluru DC,11,33438.46
SO000716,2025-11-06,P007,C032,Bengaluru DC,7,21279.02
SO000717,2025-11-03,P007,C039,Chennai DC,4,12159.44
SO000718,2025-11-04,P007,C029,Chennai DC,3,9119.58
SO000719,2025-11-15,P007,C001,Bengaluru DC,2,6079.72
SO000720,2025-11-10,P007,C005,Chennai DC,5,15199.3
SO000721,2025-11-10,P007,C021,Pune DC,2,6079.72
SO000722,2025-11-21,P007,C023,Bengaluru DC,3,9119.58
SO000723,2025-11-18,P007,C001,Bengaluru DC,7,21279.02
SO000724,2025-11-20,P007,C037,Chennai DC,7,21279.02
SO000725,2025-11-27,P007,C025,Pune DC,6,18239.16
SO000726,2025-11-26,P007,C008,Bengaluru DC,5,15199.3
SO000727,2025-12-03,P007,C037,Chennai DC,21,63837.06
SO000728,2025-12-13,P007,C017,Pune DC,6,18239.16
SO000729,2025-12-10,P007,C030,Pune DC,9,27358.74
SO000730,2025-12-19,P007,C028,Bengaluru DC,11,33438.46
SO000731,2025-12-15,P007,C020,Pune DC,2,6079.72
SO000732,2025-12-15,P007,C029,Chennai DC,4,12159.44
SO000733,2025-12-23,P007,C009,Bengaluru DC,19,57757.34
SO000734,2025-12-29,P007,C038,Chennai DC,4,12159.44
SO000735,2026-01-03,P007,C016,Pune DC,11,33438.46
SO000736,2025-12-29,P007,C007,Bengaluru DC,6,18239.16
SO000737,2025-01-09,P008,C036,Pune DC,21,15454.11
SO000738,2025-01-11,P008,C030,Pune DC,22,16190.02
SO000739,2025-01-16,P008,C034,Pune DC,25,18397.75
SO000740,2025-01-17,P008,C037,Chennai DC,22,16190.02
SO000741,2025-01-23,P008,C032,Bengaluru DC,27,19869.57
SO000742,2025-01-22,P008,C031,Pune DC,30,22077.3
SO000743,2025-02-02,P008,C002,Pune DC,53,39003.23
SO000744,2025-02-03,P008,C039,Chennai DC,22,16190.02
SO000745,2025-02-05,P008,C010,Pune DC,15,11038.65
SO000746,2025-02-06,P008,C012,Bengaluru DC,23,16925.93
SO000747,2025-02-12,P008,C028,Bengaluru DC,50,36795.5
SO000748,2025-02-22,P008,C008,Bengaluru DC,24,17661.84
SO000749,2025-02-21,P008,C028,Bengaluru DC,26,19133.66
SO000750,2025-02-20,P008,C031,Pune DC,14,10302.74
SO000751,2025-03-01,P008,C007,Bengaluru DC,22,16190.02
SO000752,2025-02-26,P008,C030,Pune DC,21,15454.11
SO000753,2025-02-24,P008,C016,Pune DC,20,14718.2
SO000754,2025-03-06,P008,C006,Bengaluru DC,54,39739.14
SO000755,2025-03-10,P008,C036,Pune DC,14,10302.74
SO000756,2025-03-10,P008,C012,Bengaluru DC,25,18397.75
SO000757,2025-03-11,P008,C021,Pune DC,25,18397.75
SO000758,2025-03-18,P008,C002,Pune DC,32,23549.12
SO000759,2025-03-23,P008,C007,Bengaluru DC,23,16925.93
SO000760,2025-03-30,P008,C004,Pune DC,52,38267.32
SO000761,2025-04-02,P008,C004,Pune DC,38,27964.58
SO000762,2025-04-02,P008,C013,Chennai DC,31,22813.21
SO000763,2025-04-07,P008,C039,Chennai DC,44,32380.04
SO000764,2025-04-19,P008,C035,Pune DC,37,27228.67
SO000765,2025-04-17,P008,C040,Chennai DC,29,21341.39
SO000766,2025-04-22,P008,C035,Pune DC,53,39003.23
SO000767,2025-05-02,P008,C040,Chennai DC,27,19869.57
SO000768,2025-05-03,P008,C036,Pune DC,27,19869.57
SO000769,2025-05-09,P008,C031,Pune DC,60,44154.6
SO000770,2025-05-18,P008,C018,Pune DC,12,8830.92
SO000771,2025-05-17,P008,C023,Bengaluru DC,23,16925.93
SO000772,2025-05-18,P008,C003,Pune DC,16,11774.56
SO000773,2025-05-19,P008,C031,Pune DC,27,19869.57
SO000774,2025-05-22,P008,C025,Pune DC,25,18397.75
SO000775,2025-05-26,P008,C002,Pune DC,13,9566.83
SO000776,2025-05-29,P008,C026,Chennai DC,16,11774.56
SO000777,2025-05-26,P008,C027,Chennai DC,15,11038.65
SO000778,2025-06-02,P008,C004,Pune DC,30,22077.3
SO000779,2025-06-08,P008,C024,Pune DC,26,19133.66
SO000780,2025-06-13,P008,C004,Pune DC,23,16925.93
SO000781,2025-06-12,P008,C037,Chennai DC,22,16190.02
SO000782,2025-06-19,P008,C039,Chennai DC,20,14718.2
SO000783,2025-06-21,P008,C039,Chennai DC,8,5887.28
SO000784,2025-06-21,P008,C004,Pune DC,15,11038.65
SO000785,2025-06-25,P008,C013,Chennai DC,32,23549.12
SO000786,2025-06-23,P008,C019,Chennai DC,28,20605.48
SO000787,2025-06-30,P008,C007,Bengaluru DC,32,23549.12
SO000788,2025-07-02,P008,C013,Chennai DC,32,23549.12
SO000789,2025-07-13,P008,C023,Bengaluru DC,63,46362.33
SO000790,2025-07-17,P008,C035,Pune DC,13,9566.83
SO000791,2025-07-20,P008,C017,Pune DC,14,10302.74
SO000792,2025-07-19,P008,C021,Pune DC,19,13982.29
SO000793,2025-07-21,P008,C024,Pune DC,28,20605.48
SO000794,2025-07-24,P008,C031,Pune DC,16,11774.56
SO000795,2025-07-29,P008,C038,Chennai DC,39,28700.49
SO000796,2025-08-08,P008,C039,Chennai DC,32,23549.12
SO000797,2025-08-07,P008,C024,Pune DC,20,14718.2
SO000798,2025-08-11,P008,C024,Pune DC,18,13246.38
SO000799,2025-08-14,P008,C025,Pune DC,18,13246.38
SO000800,2025-08-17,P008,C021,Pune DC,19,13982.29
SO000801,2025-08-23,P008,C039,Chennai DC,45,33115.95
SO000802,2025-08-20,P008,C011,Chennai DC,21,15454.11
SO000803,2025-08-27,P008,C002,Pune DC,35,25756.85
SO000804,2025-09-01,P008,C031,Pune DC,44,32380.04
SO000805,2025-09-13,P008,C039,Chennai DC,18,13246.38
SO000806,2025-09-08,P008,C039,Chennai DC,13,9566.83
SO000807,2025-09-12,P008,C037,Chennai DC,20,14718.2
SO000808,2025-09-16,P008,C003,Pune DC,10,7359.1
SO000809,2025-09-21,P008,C037,Chennai DC,10,7359.1
SO000810,2025-09-17,P008,C001,Bengaluru DC,19,13982.29
SO000811,2025-09-27,P008,C022,Bengaluru DC,19,13982.29
SO000812,2025-09-28,P008,C035,Pune DC,22,16190.02
SO000813,2025-10-05,P008,C004,Pune DC,15,11038.65
SO000814,2025-09-30,P008,C025,Pune DC,16,11774.56
SO000815,2025-09-30,P008,C040,Chennai DC,9,6623.19
SO000816,2025-10-07,P008,C016,Pune DC,54,39739.14
SO000817,2025-10-14,P008,C035,Pune DC,15,11038.65
SO000818,2025-10-14,P008,C024,Pune DC,29,21341.39
SO000819,2025-10-21,P008,C022,Bengaluru DC,18,13246.38
SO000820,2025-10-26,P008,C026,Chennai DC,20,14718.2
SO000821,2025-10-26,P008,C001,Bengaluru DC,13,9566.83
SO000822,2025-10-27,P008,C029,Chennai DC,14,10302.74
SO000823,2025-10-28,P008,C026,Chennai DC,15,11038.65
SO000824,2025-11-02,P008,C001,Bengaluru DC,11,8095.01
SO000825,2025-11-06,P008,C040,Chennai DC,15,11038.65
SO000826,2025-11-06,P008,C003,Pune DC,19,13982.29
SO000827,2025-11-09,P008,C008,Bengaluru DC,9,6623.19
SO000828,2025-11-16,P008,C001,Bengaluru DC,16,11774.56
SO000829,2025-11-14,P008,C028,Bengaluru DC,17,12510.47
SO000830,2025-11-13,P008,C005,Chennai DC,12,8830.92
SO000831,2025-11-21,P008,C013,Chennai DC,8,5887.28
SO000832,2025-11-22,P008,C017,Pune DC,13,9566.83
SO000833,2025-11-22,P008,C023,Bengaluru DC,16,11774.56
SO000834,2025-11-26,P008,C005,Chennai DC,20,14718.2
SO000835,2025-11-30,P008,C035,Pune DC,13,9566.83
SO000836,2025-11-29,P008,C001,Bengaluru DC,9,6623.19
SO000837,2025-12-02,P008,C039,Chennai DC,26,19133.66
SO000838,2025-12-04,P008,C039,Chennai DC,20,14718.2
SO000839,2025-12-11,P008,C026,Chennai DC,59,43418.69
SO000840,2025-12-20,P008,C036,Pune DC,25,18397.75
SO000841,2025-12-17,P008,C039,Chennai DC,23,16925.93
SO000842,2025-12-26,P008,C024,Pune DC,19,13982.29
SO000843,2025-12-22,P008,C006,Bengaluru DC,26,19133.66
SO000844,2026-01-02,P008,C040,Chennai DC,29,21341.39
SO000845,2025-12-29,P008,C034,Pune DC,22,16190.02
SO000846,2025-01-09,P009,C029,Chennai DC,22,19169.48
SO000847,2025-01-09,P009,C015,Bengaluru DC,22,19169.48
SO000848,2025-01-13,P009,C003,Pune DC,33,28754.22
SO000849,2025-01-26,P009,C014,Bengaluru DC,13,11327.42
SO000850,2025-01-22,P009,C004,Pune DC,18,15684.12
SO000851,2025-02-01,P009,C022,Bengaluru DC,54,47052.36
SO000852,2025-02-07,P009,C036,Pune DC,34,29625.56
SO000853,2025-02-14,P009,C011,Chennai DC,10,8713.4
SO000854,2025-02-13,P009,C004,Pune DC,11,9584.74
SO000855,2025-02-13,P009,C002,Pune DC,20,17426.8
SO000856,2025-02-21,P009,C014,Bengaluru DC,14,12198.76
SO000857,2025-02-23,P009,C028,Bengaluru DC,24,20912.16
SO000858,2025-02-22,P009,C017,Pune DC,23,20040.82
SO000859,2025-02-27,P009,C032,Bengaluru DC,60,52280.4
SO000860,2025-03-08,P009,C014,Bengaluru DC,15,13070.1
SO000861,2025-03-04,P009,C014,Bengaluru DC,15,13070.1
SO000862,2025-03-05,P009,C034,Pune DC,12,10456.08
SO000863,2025-03-13,P009,C035,Pune DC,18,15684.12
SO000864,2025-03-14,P009,C014,Bengaluru DC,19,16555.46
SO000865,2025-03-11,P009,C013,Chennai DC,14,12198.76
SO000866,2025-03-20,P009,C012,Bengaluru DC,52,45309.68
SO000867,2025-03-30,P009,C022,Bengaluru DC,44,38338.96
SO000868,2025-04-05,P009,C020,Pune DC,25,21783.5
SO000869,2025-03-31,P009,C005,Chennai DC,19,16555.46
SO000870,2025-04-12,P009,C024,Pune DC,23,20040.82
SO000871,2025-04-08,P009,C003,Pune DC,19,16555.46
SO000872,2025-04-07,P009,C030,Pune DC,9,7842.06
SO000873,2025-04-19,P009,C017,Pune DC,49,42695.66
SO000874,2025-04-24,P009,C004,Pune DC,21,18298.14
SO000875,2025-04-25,P009,C009,Bengaluru DC,27,23526.18
SO000876,2025-05-02,P009,C040,Chennai DC,15,13070.1
SO000877,2025-04-29,P009,C040,Chennai DC,15,13070.1
SO000878,2025-04-30,P009,C029,Chennai DC,23,20040.82
SO000879,2025-05-07,P009,C015,Bengaluru DC,22,19169.48
SO000880,2025-05-08,P009,C007,Bengaluru DC,20,17426.8
SO000881,2025-05-18,P009,C009,Bengaluru DC,22,19169.48
SO000882,2025-05-14,P009,C031,Pune DC,23,20040.82
SO000883,2025-05-23,P009,C024,Pune DC,22,19169.48
SO000884,2025-05-19,P009,C032,Bengaluru DC,15,13070.1
SO000885,2025-05-25,P009,C009,Bengaluru DC,15,13070.1
SO000886,2025-05-31,P009,C009,Bengaluru DC,17,14812.78
SO000887,2025-05-28,P009,C010,Pune DC,15,13070.1
SO000888,2025-05-26,P009,C022,Bengaluru DC,13,11327.42
SO000889,2025-06-02,P009,C013,Chennai DC,20,17426.8
SO000890,2025-06-06,P009,C014,Bengaluru DC,23,20040.82
SO000891,2025-06-12,P009,C037,Chennai DC,14,12198.76
SO000892,2025-06-11,P009,C021,Pune DC,18,15684.12
SO000893,2025-06-11,P009,C010,Pune DC,11,9584.74
SO000894,2025-06-22,P009,C037,Chennai DC,14,12198.76
SO000895,2025-06-21,P009,C002,Pune DC,16,13941.44
SO000896,2025-06-20,P009,C039,Chennai DC,19,16555.46
SO000897,2025-06-25,P009,C018,Pune DC,50,43567.0
SO000898,2025-07-04,P009,C039,Chennai DC,44,38338.96
SO000899,2025-07-08,P009,C020,Pune DC,15,13070.1
SO000900,2025-07-09,P009,C011,Chennai DC,14,12198.76
SO000901,2025-07-09,P009,C007,Bengaluru DC,16,13941.44
SO000902,2025-07-19,P009,C032,Bengaluru DC,16,13941.44
SO000903,2025-07-19,P009,C024,Pune DC,19,16555.46
SO000904,2025-07-17,P009,C023,Bengaluru DC,13,11327.42
SO000905,2025-07-25,P009,C007,Bengaluru DC,35,30496.9
SO000906,2025-07-28,P009,C029,Chennai DC,12,10456.08
SO000907,2025-07-30,P009,C016,Pune DC,21,18298.14
SO000908,2025-08-01,P009,C015,Bengaluru DC,17,14812.78
SO000909,2025-08-09,P009,C032,Bengaluru DC,28,24397.52
SO000910,2025-08-10,P009,C022,Bengaluru DC,17,14812.78
SO000911,2025-08-17,P009,C018,Pune DC,16,13941.44
SO000912,2025-08-12,P009,C038,Chennai DC,22,19169.48
SO000913,2025-08-23,P009,C035,Pune DC,10,8713.4
SO000914,2025-08-24,P009,C003,Pune DC,15,13070.1
SO000915,2025-08-23,P009,C005,Chennai DC,14,12198.76
SO000916,2025-08-29,P009,C026,Chennai DC,15,13070.1
SO000917,2025-08-25,P009,C013,Chennai DC,14,12198.76
SO000918,2025-08-30,P009,C001,Bengaluru DC,8,6970.72
SO000919,2025-09-04,P009,C007,Bengaluru DC,10,8713.4
SO000920,2025-09-05,P009,C014,Bengaluru DC,22,19169.48
SO000921,2025-09-03,P009,C004,Pune DC,16,13941.44
SO000922,2025-09-10,P009,C015,Bengaluru DC,32,27882.88
SO000923,2025-09-16,P009,C004,Pune DC,22,19169.48
SO000924,2025-09-16,P009,C018,Pune DC,19,16555.46
SO000925,2025-09-28,P009,C033,Pune DC,26,22654.84
SO000926,2025-09-25,P009,C005,Chennai DC,23,20040.82
SO000927,2025-09-30,P009,C005,Chennai DC,39,33982.26
SO000928,2025-10-07,P009,C013,Chennai DC,27,23526.18
SO000929,2025-10-15,P009,C031,Pune DC,52,45309.68
SO000930,2025-10-24,P009,C026,Chennai DC,38,33110.92
SO000931,2025-11-02,P009,C037,Chennai DC,15,13070.1
SO000932,2025-11-01,P009,C027,Chennai DC,16,13941.44
SO000933,2025-10-31,P009,C036,Pune DC,11,9584.74
SO000934,2025-11-08,P009,C024,Pune DC,51,44438.34
SO000935,2025-11-16,P009,C036,Pune DC,16,13941.44
SO000936,2025-11-14,P009,C010,Pune DC,21,18298.14
SO000937,2025-11-21,P009,C003,Pune DC,29,25268.86
SO000938,2025-11-25,P009,C007,Bengaluru DC,13,11327.42
SO000939,2025-11-25,P009,C031,Pune DC,12,10456.08
SO000940,2025-12-07,P009,C008,Bengaluru DC,48,41824.32
SO000941,2025-12-14,P009,C036,Pune DC,12,10456.08
SO000942,2025-12-12,P009,C038,Chennai DC,7,6099.38
SO000943,2025-12-14,P009,C004,Pune DC,13,11327.42
SO000944,2025-12-20,P009,C008,Bengaluru DC,44,38338.96
SO000945,2025-12-22,P009,C035,Pune DC,23,20040.82
SO000946,2025-12-25,P009,C020,Pune DC,27,23526.18
SO000947,2026-01-03,P009,C012,Bengaluru DC,23,20040.82
SO000948,2026-01-03,P009,C023,Bengaluru DC,30,26140.2
SO000949,2025-01-09,P010,C033,Pune DC,15,10700.55
SO000950,2025-01-15,P010,C001,Bengaluru DC,3,2140.11
SO000951,2025-01-19,P010,C019,Chennai DC,6,4280.22
SO000952,2025-01-18,P010,C008,Bengaluru DC,8,5706.96
SO000953,2025-01-21,P010,C010,Pune DC,11,7847.07
SO000954,2025-01-24,P010,C028,Bengaluru DC,9,6420.33
SO000955,2025-01-29,P010,C017,Pune DC,25,17834.25
SO000956,2025-02-09,P010,C039,Chennai DC,8,5706.96
SO000957,2025-02-04,P010,C020,Pune DC,14,9987.18
SO000958,2025-02-15,P010,C020,Pune DC,16,11413.92
SO000959,2025-02-14,P010,C016,Pune DC,11,7847.07
SO000960,2025-02-20,P010,C005,Chennai DC,10,7133.7
SO000961,2025-02-23,P010,C034,Pune DC,13,9273.81
SO000962,2025-03-02,P010,C003,Pune DC,13,9273.81
SO000963,2025-02-27,P010,C019,Chennai DC,12,8560.44
SO000964,2025-03-07,P010,C027,Chennai DC,7,4993.59
SO000965,2025-03-06,P010,C030,Pune DC,20,14267.4
SO000966,2025-03-04,P010,C007,Bengaluru DC,17,12127.29
SO000967,2025-03-16,P010,C025,Pune DC,27,19260.99
SO000968,2025-03-18,P010,C036,Pune DC,13,9273.81
SO000969,2025-03-23,P010,C037,Chennai DC,8,5706.96
SO000970,2025-03-19,P010,C007,Bengaluru DC,11,7847.07
SO000971,2025-03-29,P010,C011,Chennai DC,34,24254.58
SO000972,2025-04-06,P010,C018,Pune DC,19,13554.03
SO000973,2025-04-02,P010,C038,Chennai DC,11,7847.07
SO000974,2025-04-07,P010,C031,Pune DC,10,7133.7
SO000975,2025-04-12,P010,C008,Bengaluru DC,10,7133.7
SO000976,2025-04-13,P010,C001,Bengaluru DC,10,7133.7
SO000977,2025-04-20,P010,C010,Pune DC,15,10700.55
SO000978,2025-04-14,P010,C012,Bengaluru DC,13,9273.81
SO000979,2025-04-16,P010,C023,Bengaluru DC,13,9273.81
SO000980,2025-04-27,P010,C010,Pune DC,33,23541.21
SO000981,2025-04-30,P010,C016,Pune DC,31,22114.47
SO000982,2025-05-09,P010,C038,Chennai DC,19,13554.03
SO000983,2025-05-06,P010,C017,Pune DC,17,12127.29
SO000984,2025-05-12,P010,C022,Bengaluru DC,14,9987.18
SO000985,2025-05-13,P010,C010,Pune DC,13,9273.81
SO000986,2025-05-21,P010,C014,Bengaluru DC,10,7133.7
SO000987,2025-05-19,P010,C009,Bengaluru DC,18,12840.66
SO000988,2025-05-26,P010,C006,Bengaluru DC,13,9273.81
SO000989,2025-05-29,P010,C039,Chennai DC,13,9273.81
SO000990,2025-06-04,P010,C034,Pune DC,9,6420.33
SO000991,2025-06-03,P010,C003,Pune DC,10,7133.7
SO000992,2025-06-05,P010,C029,Chennai DC,3,2140.11
SO000993,2025-06-11,P010,C039,Chennai DC,35,24967.95
SO000994,2025-06-16,P010,C018,Pune DC,30,21401.1
SO000995,2025-06-23,P010,C034,Pune DC,13,9273.81
SO000996,2025-06-29,P010,C038,Chennai DC,13,9273.81
SO000997,2025-07-05,P010,C037,Chennai DC,13,9273.81
SO000998,2025-07-02,P010,C005,Chennai DC,6,4280.22
SO000999,2025-07-06,P010,C027,Chennai DC,11,7847.07
SO001000,2025-07-08,P010,C022,Bengaluru DC,20,14267.4
SO001001,2025-07-16,P010,C033,Pune DC,27,19260.99
SO001002,2025-07-26,P010,C006,Bengaluru DC,10,7133.7
SO001003,2025-07-27,P010,C023,Bengaluru DC,9,6420.33
SO001004,2025-08-03,P010,C009,Bengaluru DC,18,12840.66
SO001005,2025-08-07,P010,C020,Pune DC,12,8560.44
SO001006,2025-08-07,P010,C010,Pune DC,4,2853.48
SO001007,2025-08-08,P010,C008,Bengaluru DC,4,2853.48
SO001008,2025-08-11,P010,C005,Chennai DC,17,12127.29
SO001009,2025-08-20,P010,C006,Bengaluru DC,21,14980.77
SO001010,2025-08-31,P010,C004,Pune DC,18,12840.66
SO001011,2025-09-05,P010,C004,Pune DC,18,12840.66
SO001012,2025-09-12,P010,C037,Chennai DC,5,3566.85
SO001013,2025-09-12,P010,C016,Pune DC,7,4993.59
SO001014,2025-09-11,P010,C010,Pune DC,2,1426.74
SO001015,2025-09-21,P010,C016,Pune DC,23,16407.51
SO001016,2025-09-23,P010,C005,Chennai DC,9,6420.33
SO001017,2025-09-24,P010,C010,Pune DC,7,4993.59
SO001018,2025-09-29,P010,C040,Chennai DC,15,10700.55
SO001019,2025-10-09,P010,C022,Bengaluru DC,15,10700.55
SO001020,2025-10-19,P010,C014,Bengaluru DC,5,3566.85
SO001021,2025-10-17,P010,C010,Pune DC,7,4993.59
SO001022,2025-10-16,P010,C037,Chennai DC,3,2140.11
SO001023,2025-10-20,P010,C036,Pune DC,12,8560.44
SO001024,2025-10-31,P010,C024,Pune DC,7,4993.59
SO001025,2025-10-31,P010,C012,Bengaluru DC,12,8560.44
SO001026,2025-11-08,P010,C003,Pune DC,16,11413.92
SO001027,2025-11-14,P010,C033,Pune DC,3,2140.11
SO001028,2025-11-11,P010,C029,Chennai DC,6,4280.22
SO001029,2025-11-15,P010,C032,Bengaluru DC,3,2140.11
SO001030,2025-11-19,P010,C014,Bengaluru DC,21,14980.77
SO001031,2025-11-24,P010,C030,Pune DC,15,10700.55
SO001032,2025-11-28,P010,C034,Pune DC,7,4993.59
SO001033,2025-12-02,P010,C014,Bengaluru DC,10,7133.7
SO001034,2025-12-05,P010,C007,Bengaluru DC,14,9987.18
SO001035,2025-12-09,P010,C002,Pune DC,12,8560.44
SO001036,2025-12-13,P010,C008,Bengaluru DC,7,4993.59
SO001037,2025-12-15,P010,C035,Pune DC,11,7847.07
SO001038,2025-12-19,P010,C011,Chennai DC,8,5706.96
SO001039,2025-12-17,P010,C034,Pune DC,8,5706.96
SO001040,2025-12-26,P010,C009,Bengaluru DC,34,24254.58
SO001041,2026-01-02,P010,C006,Bengaluru DC,11,7847.07
SO001042,2026-01-04,P010,C023,Bengaluru DC,7,4993.59
SO001043,2026-01-02,P010,C021,Pune DC,13,9273.81
SO001044,2025-01-06,P011,C036,Pune DC,23,78596.29
SO001045,2025-01-09,P011,C035,Pune DC,35,119603.05
SO001046,2025-01-12,P011,C013,Chennai DC,29,99099.67
SO001047,2025-01-13,P011,C015,Bengaluru DC,48,164027.04
SO001048,2025-01-18,P011,C030,Pune DC,46,157192.58
SO001049,2025-01-22,P011,C023,Bengaluru DC,65,222119.95
SO001050,2025-01-22,P011,C029,Chennai DC,67,228954.41
SO001051,2025-01-27,P011,C017,Pune DC,30,102516.9
SO001052,2025-01-29,P011,C037,Chennai DC,37,126437.51
SO001053,2025-02-02,P011,C007,Bengaluru DC,29,99099.67
SO001054,2025-02-05,P011,C019,Chennai DC,111,379312.53
SO001055,2025-02-15,P011,C018,Pune DC,123,420319.29
SO001056,2025-02-22,P011,C023,Bengaluru DC,40,136689.2
SO001057,2025-02-17,P011,C008,Bengaluru DC,37,126437.51
SO001058,2025-02-23,P011,C029,Chennai DC,40,136689.2
SO001059,2025-03-01,P011,C020,Pune DC,38,129854.74
SO001060,2025-03-02,P011,C010,Pune DC,38,129854.74
SO001061,2025-02-26,P011,C008,Bengaluru DC,45,153775.35
SO001062,2025-03-03,P011,C022,Bengaluru DC,136,464743.28
SO001063,2025-03-14,P011,C029,Chennai DC,73,249457.79
SO001064,2025-03-12,P011,C006,Bengaluru DC,55,187947.65
SO001065,2025-03-18,P011,C040,Chennai DC,44,150358.12
SO001066,2025-03-23,P011,C001,Bengaluru DC,48,164027.04
SO001067,2025-03-23,P011,C005,Chennai DC,43,146940.89
SO001068,2025-03-27,P011,C005,Chennai DC,53,181113.19
SO001069,2025-03-29,P011,C007,Bengaluru DC,45,153775.35
SO001070,2025-03-27,P011,C017,Pune DC,42,143523.66
SO001071,2025-04-01,P011,C018,Pune DC,56,191364.88
SO001072,2025-04-06,P011,C015,Bengaluru DC,40,136689.2
SO001073,2025-04-01,P011,C039,Chennai DC,47,160609.81
SO001074,2025-04-12,P011,C032,Bengaluru DC,128,437405.44
SO001075,2025-04-14,P011,C039,Chennai DC,63,215285.49
SO001076,2025-04-16,P011,C008,Bengaluru DC,88,300716.24
SO001077,2025-04-21,P011,C001,Bengaluru DC,114,389564.22
SO001078,2025-04-28,P011,C012,Bengaluru DC,120,410067.6
SO001079,2025-05-07,P011,C024,Pune DC,57,194782.11
SO001080,2025-05-09,P011,C010,Pune DC,61,208451.03
SO001081,2025-05-18,P011,C040,Chennai DC,62,211868.26
SO001082,2025-05-16,P011,C031,Pune DC,68,232371.64
SO001083,2025-05-21,P011,C034,Pune DC,61,208451.03
SO001084,2025-05-19,P011,C022,Bengaluru DC,62,211868.26
SO001085,2025-05-27,P011,C005,Chennai DC,43,146940.89
SO001086,2025-05-28,P011,C021,Pune DC,47,160609.81
SO001087,2025-05-28,P011,C039,Chennai DC,41,140106.43
SO001088,2025-06-08,P011,C025,Pune DC,110,375895.3
SO001089,2025-06-11,P011,C009,Bengaluru DC,31,105934.13
SO001090,2025-06-11,P011,C040,Chennai DC,29,99099.67
SO001091,2025-06-09,P011,C022,Bengaluru DC,25,85430.75
SO001092,2025-06-19,P011,C026,Chennai DC,56,191364.88
SO001093,2025-06-19,P011,C028,Bengaluru DC,54,184530.42
SO001094,2025-06-26,P011,C013,Chennai DC,30,102516.9
SO001095,2025-06-26,P011,C015,Bengaluru DC,25,85430.75
SO001096,2025-06-25,P011,C040,Chennai DC,38,129854.74
SO001097,2025-07-03,P011,C020,Pune DC,103,351974.69
SO001098,2025-07-10,P011,C026,Chennai DC,37,126437.51
SO001099,2025-07-09,P011,C037,Chennai DC,30,102516.9
SO001100,2025-07-13,P011,C040,Chennai DC,31,105934.13
SO001101,2025-07-16,P011,C039,Chennai DC,27,92265.21
SO001102,2025-07-20,P011,C032,Bengaluru DC,33,112768.59
SO001103,2025-07-14,P011,C022,Bengaluru DC,30,102516.9
SO001104,2025-07-24,P011,C001,Bengaluru DC,36,123020.28
SO001105,2025-07-21,P011,C022,Bengaluru DC,24,82013.52
SO001106,2025-07-24,P011,C029,Chennai DC,26,88847.98
SO001107,2025-08-03,P011,C013,Chennai DC,29,99099.67
SO001108,2025-07-29,P011,C026,Chennai DC,33,112768.59
SO001109,2025-08-01,P011,C033,Pune DC,29,99099.67
SO001110,2025-08-06,P011,C032,Bengaluru DC,36,123020.28
SO001111,2025-08-04,P011,C018,Pune DC,40,136689.2
SO001112,2025-08-13,P011,C038,Chennai DC,79,269961.17
SO001113,2025-08-20,P011,C033,Pune DC,20,68344.6
SO001114,2025-08-20,P011,C036,Pune DC,30,102516.9
SO001115,2025-08-21,P011,C023,Bengaluru DC,28,95682.44
SO001116,2025-08-30,P011,C026,Chennai DC,21,71761.83
SO001117,2025-08-28,P011,C018,Pune DC,21,71761.83
SO001118,2025-08-26,P011,C015,Bengaluru DC,23,78596.29
SO001119,2025-09-04,P011,C027,Chennai DC,26,88847.98
SO001120,2025-09-03,P011,C017,Pune DC,19,64927.37
SO001121,2025-09-04,P011,C040,Chennai DC,21,71761.83
SO001122,2025-09-13,P011,C006,Bengaluru DC,76,259709.48
SO001123,2025-09-19,P011,C010,Pune DC,33,112768.59
SO001124,2025-09-18,P011,C010,Pune DC,39,133271.97
SO001125,2025-09-27,P011,C036,Pune DC,34,116185.82
SO001126,2025-09-28,P011,C039,Chennai DC,36,123020.28
SO001127,2025-09-29,P011,C011,Chennai DC,61,208451.03
SO001128,2025-10-11,P011,C031,Pune DC,26,88847.98
SO001129,2025-10-09,P011,C032,Bengaluru DC,22,75179.06
SO001130,2025-10-08,P011,C005,Chennai DC,20,68344.6
SO001131,2025-10-19,P011,C032,Bengaluru DC,15,51258.45
SO001132,2025-10-18,P011,C025,Pune DC,20,68344.6
SO001133,2025-10-18,P011,C015,Bengaluru DC,23,78596.29
SO001134,2025-10-20,P011,C037,Chennai DC,69,235788.87
SO001135,2025-11-02,P011,C017,Pune DC,71,242623.33
SO001136,2025-11-08,P011,C002,Pune DC,23,78596.29
SO001137,2025-11-09,P011,C016,Pune DC,22,75179.06
SO001138,2025-11-06,P011,C026,Chennai DC,14,47841.22
SO001139,2025-11-11,P011,C014,Bengaluru DC,73,249457.79
SO001140,2025-11-18,P011,C001,Bengaluru DC,76,259709.48
SO001141,2025-11-26,P011,C017,Pune DC,23,78596.29
SO001142,2025-11-26,P011,C015,Bengaluru DC,28,95682.44
SO001143,2025-11-27,P011,C036,Pune DC,25,85430.75
SO001144,2025-12-01,P011,C024,Pune DC,22,75179.06
SO001145,2025-12-05,P011,C006,Bengaluru DC,32,109351.36
SO001146,2025-12-02,P011,C002,Pune DC,34,116185.82
SO001147,2025-12-11,P011,C015,Bengaluru DC,25,85430.75
SO001148,2025-12-10,P011,C034,Pune DC,21,71761.83
SO001149,2025-12-10,P011,C029,Chennai DC,19,64927.37
SO001150,2025-12-21,P011,C027,Chennai DC,38,129854.74
SO001151,2025-12-15,P011,C029,Chennai DC,42,143523.66
SO001152,2025-12-23,P011,C001,Bengaluru DC,33,112768.59
SO001153,2025-12-26,P011,C019,Chennai DC,23,78596.29
SO001154,2025-12-24,P011,C009,Bengaluru DC,25,85430.75
SO001155,2025-12-31,P011,C012,Bengaluru DC,40,136689.2
SO001156,2026-01-03,P011,C031,Pune DC,35,119603.05
SO001157,2025-01-07,P012,C013,Chennai DC,19,41253.75
SO001158,2025-01-06,P012,C022,Bengaluru DC,20,43425.0
SO001159,2025-01-18,P012,C008,Bengaluru DC,41,89021.25
SO001160,2025-01-23,P012,C016,Pune DC,56,121590.0
SO001161,2025-01-30,P012,C039,Chennai DC,18,39082.5
SO001162,2025-01-31,P012,C033,Pune DC,17,36911.25
SO001163,2025-01-27,P012,C026,Chennai DC,10,21712.5
SO001164,2025-02-09,P012,C026,Chennai DC,26,56452.5
SO001165,2025-02-05,P012,C025,Pune DC,14,30397.5
SO001166,2025-02-13,P012,C030,Pune DC,12,26055.0
SO001167,2025-02-11,P012,C033,Pune DC,14,30397.5
SO001168,2025-02-14,P012,C013,Chennai DC,8,17370.0
SO001169,2025-02-22,P012,C037,Chennai DC,24,52110.0
SO001170,2025-02-20,P012,C038,Chennai DC,17,36911.25
SO001171,2025-02-24,P012,C013,Chennai DC,44,95535.0
SO001172,2025-03-09,P012,C003,Pune DC,35,75993.75
SO001173,2025-03-13,P012,C014,Bengaluru DC,47,102048.75
SO001174,2025-03-22,P012,C016,Pune DC,47,102048.75
SO001175,2025-03-24,P012,C026,Chennai DC,19,41253.75
SO001176,2025-03-30,P012,C006,Bengaluru DC,34,73822.5
SO001177,2025-04-06,P012,C039,Chennai DC,19,41253.75
SO001178,2025-04-02,P012,C034,Pune DC,18,39082.5
SO001179,2025-04-05,P012,C006,Bengaluru DC,20,43425.0
SO001180,2025-04-12,P012,C008,Bengaluru DC,15,32568.75
SO001181,2025-04-07,P012,C038,Chennai DC,21,45596.25
SO001182,2025-04-18,P012,C009,Bengaluru DC,14,30397.5
SO001183,2025-04-16,P012,C004,Pune DC,19,41253.75
SO001184,2025-04-16,P012,C016,Pune DC,16,34740.0
SO001185,2025-04-26,P012,C038,Chennai DC,41,89021.25
SO001186,2025-05-03,P012,C035,Pune DC,10,21712.5
SO001187,2025-05-03,P012,C014,Bengaluru DC,12,26055.0
SO001188,2025-04-29,P012,C001,Bengaluru DC,16,34740.0
SO001189,2025-05-09,P012,C011,Chennai DC,27,58623.75
SO001190,2025-05-06,P012,C037,Chennai DC,24,52110.0
SO001191,2025-05-13,P012,C030,Pune DC,48,104220.0
SO001192,2025-05-20,P012,C040,Chennai DC,45,97706.25
SO001193,2025-05-26,P012,C012,Bengaluru DC,21,45596.25
SO001194,2025-05-28,P012,C017,Pune DC,29,62966.25
SO001195,2025-06-06,P012,C035,Pune DC,21,45596.25
SO001196,2025-06-04,P012,C010,Pune DC,15,32568.75
SO001197,2025-06-05,P012,C012,Bengaluru DC,18,39082.5
SO001198,2025-06-10,P012,C024,Pune DC,16,34740.0
SO001199,2025-06-13,P012,C021,Pune DC,14,30397.5
SO001200,2025-06-09,P012,C030,Pune DC,12,26055.0
SO001201,2025-06-18,P012,C036,Pune DC,38,82507.5
SO001202,2025-06-28,P012,C005,Chennai DC,29,62966.25
SO001203,2025-06-28,P012,C018,Pune DC,18,39082.5
SO001204,2025-07-04,P012,C030,Pune DC,16,34740.0
SO001205,2025-07-03,P012,C002,Pune DC,17,36911.25
SO001206,2025-07-13,P012,C033,Pune DC,25,54281.25
SO001207,2025-07-11,P012,C020,Pune DC,21,45596.25
SO001208,2025-07-15,P012,C008,Bengaluru DC,40,86850.0
SO001209,2025-07-26,P012,C039,Chennai DC,17,36911.25
SO001210,2025-07-21,P012,C017,Pune DC,28,60795.0
SO001211,2025-07-31,P012,C006,Bengaluru DC,18,39082.5
SO001212,2025-08-02,P012,C020,Pune DC,11,23883.75
SO001213,2025-08-06,P012,C027,Chennai DC,13,28226.25
SO001214,2025-08-05,P012,C011,Chennai DC,9,19541.25
SO001215,2025-08-10,P012,C010,Pune DC,12,26055.0
SO001216,2025-08-16,P012,C038,Chennai DC,9,19541.25
SO001217,2025-08-15,P012,C033,Pune DC,13,28226.25
SO001218,2025-08-12,P012,C026,Chennai DC,6,13027.5
SO001219,2025-08-21,P012,C014,Bengaluru DC,35,75993.75
SO001220,2025-08-31,P012,C035,Pune DC,12,26055.0
SO001221,2025-08-25,P012,C005,Chennai DC,16,34740.0
SO001222,2025-08-31,P012,C020,Pune DC,15,32568.75
SO001223,2025-09-05,P012,C018,Pune DC,38,82507.5
SO001224,2025-09-10,P012,C001,Bengaluru DC,42,91192.5
SO001225,2025-09-16,P012,C013,Chennai DC,34,73822.5
SO001226,2025-09-27,P012,C001,Bengaluru DC,9,19541.25
SO001227,2025-09-23,P012,C021,Pune DC,21,45596.25
SO001228,2025-10-03,P012,C019,Chennai DC,16,34740.0
SO001229,2025-10-01,P012,C036,Pune DC,18,39082.5
SO001230,2025-10-08,P012,C025,Pune DC,28,60795.0
SO001231,2025-10-18,P012,C012,Bengaluru DC,43,93363.75
SO001232,2025-10-22,P012,C019,Chennai DC,11,23883.75
SO001233,2025-10-21,P012,C032,Bengaluru DC,8,17370.0
SO001234,2025-10-25,P012,C021,Pune DC,6,13027.5
SO001235,2025-10-31,P012,C032,Bengaluru DC,12,26055.0
SO001236,2025-10-31,P012,C001,Bengaluru DC,18,39082.5
SO001237,2025-11-07,P012,C026,Chennai DC,38,82507.5
SO001238,2025-11-11,P012,C018,Pune DC,15,32568.75
SO001239,2025-11-14,P012,C009,Bengaluru DC,14,30397.5
SO001240,2025-11-14,P012,C029,Chennai DC,12,26055.0
SO001241,2025-11-18,P012,C001,Bengaluru DC,47,102048.75
SO001242,2025-11-28,P012,C024,Pune DC,10,21712.5
SO001243,2025-11-29,P012,C033,Pune DC,12,26055.0
SO001244,2025-11-28,P012,C034,Pune DC,12,26055.0
SO001245,2025-12-07,P012,C025,Pune DC,22,47767.5
SO001246,2025-12-05,P012,C035,Pune DC,22,47767.5
SO001247,2025-12-14,P012,C039,Chennai DC,38,82507.5
SO001248,2025-12-15,P012,C011,Chennai DC,40,86850.0
SO001249,2025-12-27,P012,C023,Bengaluru DC,32,69480.0
SO001250,2025-12-31,P012,C021,Pune DC,16,34740.0
SO001251,2026-01-03,P012,C021,Pune DC,15,32568.75
SO001252,2025-12-30,P012,C015,Bengaluru DC,12,26055.0
SO001253,2025-01-09,P013,C019,Chennai DC,17,34045.9
SO001254,2025-01-10,P013,C027,Chennai DC,25,50067.5
SO001255,2025-01-11,P013,C018,Pune DC,27,54072.9
SO001256,2025-01-16,P013,C025,Pune DC,92,184248.4
SO001257,2025-01-24,P013,C015,Bengaluru DC,33,66089.1
SO001258,2025-01-22,P013,C036,Pune DC,31,62083.7
SO001259,2025-01-25,P013,C028,Bengaluru DC,27,54072.9
SO001260,2025-01-30,P013,C031,Pune DC,42,84113.4
SO001261,2025-01-28,P013,C038,Chennai DC,45,90121.5
SO001262,2025-02-06,P013,C006,Bengaluru DC,24,48064.8
SO001263,2025-02-05,P013,C015,Bengaluru DC,29,58078.3
SO001264,2025-02-06,P013,C038,Chennai DC,26,52070.2
SO001265,2025-02-15,P013,C001,Bengaluru DC,94,188253.8
SO001266,2025-02-18,P013,C019,Chennai DC,109,218294.3
SO001267,2025-02-27,P013,C031,Pune DC,47,94126.9
SO001268,2025-02-27,P013,C033,Pune DC,44,88118.8
SO001269,2025-03-04,P013,C010,Pune DC,44,88118.8
SO001270,2025-03-05,P013,C037,Chennai DC,50,100135.0
SO001271,2025-03-11,P013,C027,Chennai DC,36,72097.2
SO001272,2025-03-12,P013,C019,Chennai DC,32,64086.4
SO001273,2025-03-16,P013,C009,Bengaluru DC,32,64086.4
SO001274,2025-03-19,P013,C015,Bengaluru DC,40,80108.0
SO001275,2025-03-22,P013,C001,Bengaluru DC,31,62083.7
SO001276,2025-03-23,P013,C013,Chennai DC,36,72097.2
SO001277,2025-03-27,P013,C018,Pune DC,44,88118.8
SO001278,2025-03-25,P013,C009,Bengaluru DC,41,82110.7
SO001279,2025-04-04,P013,C013,Chennai DC,45,90121.5
SO001280,2025-04-04,P013,C034,Pune DC,51,102137.7
SO001281,2025-04-09,P013,C020,Pune DC,114,228307.8
SO001282,2025-04-17,P013,C039,Chennai DC,111,222299.7
SO001283,2025-04-23,P013,C011,Chennai DC,102,204275.4
SO001284,2025-04-29,P013,C020,Pune DC,50,100135.0
SO001285,2025-04-29,P013,C025,Pune DC,51,102137.7
SO001286,2025-05-05,P013,C030,Pune DC,95,190256.5
SO001287,2025-05-15,P013,C009,Bengaluru DC,44,88118.8
SO001288,2025-05-18,P013,C020,Pune DC,50,100135.0
SO001289,2025-05-22,P013,C033,Pune DC,40,80108.0
SO001290,2025-05-20,P013,C039,Chennai DC,32,64086.4
SO001291,2025-05-25,P013,C022,Bengaluru DC,37,74099.9
SO001292,2025-06-01,P013,C001,Bengaluru DC,104,208280.8
SO001293,2025-06-06,P013,C016,Pune DC,50,100135.0
SO001294,2025-06-07,P013,C040,Chennai DC,49,98132.3
SO001295,2025-06-10,P013,C003,Pune DC,45,90121.5
SO001296,2025-06-15,P013,C028,Bengaluru DC,57,114153.9
SO001297,2025-06-19,P013,C011,Chennai DC,86,172232.2
SO001298,2025-06-26,P013,C024,Pune DC,25,50067.5
SO001299,2025-06-26,P013,C028,Bengaluru DC,27,54072.9
SO001300,2025-06-25,P013,C002,Pune DC,29,58078.3
SO001301,2025-06-30,P013,C004,Pune DC,44,88118.8
SO001302,2025-06-30,P013,C004,Pune DC,59,118159.3
SO001303,2025-07-11,P013,C006,Bengaluru DC,43,86116.1
SO001304,2025-07-10,P013,C030,Pune DC,46,92124.2
SO001305,2025-07-15,P013,C033,Pune DC,100,200270.0
SO001306,2025-07-23,P013,C017,Pune DC,30,60081.0
SO001307,2025-07-21,P013,C034,Pune DC,37,74099.9
SO001308,2025-07-21,P013,C025,Pune DC,27,54072.9
SO001309,2025-07-31,P013,C037,Chennai DC,33,66089.1
SO001310,2025-08-01,P013,C021,Pune DC,36,72097.2
SO001311,2025-08-09,P013,C006,Bengaluru DC,27,54072.9
SO001312,2025-08-07,P013,C012,Bengaluru DC,31,62083.7
SO001313,2025-08-06,P013,C022,Bengaluru DC,25,50067.5
SO001314,2025-08-11,P013,C014,Bengaluru DC,28,56075.6
SO001315,2025-08-17,P013,C035,Pune DC,26,52070.2
SO001316,2025-08-11,P013,C019,Chennai DC,20,40054.0
SO001317,2025-08-19,P013,C033,Pune DC,39,78105.3
SO001318,2025-08-20,P013,C038,Chennai DC,33,66089.1
SO001319,2025-08-27,P013,C007,Bengaluru DC,28,56075.6
SO001320,2025-08-31,P013,C037,Chennai DC,20,40054.0
SO001321,2025-08-28,P013,C023,Bengaluru DC,22,44059.4
SO001322,2025-09-01,P013,C010,Pune DC,46,92124.2
SO001323,2025-09-04,P013,C020,Pune DC,35,70094.5
SO001324,2025-09-12,P013,C029,Chennai DC,77,154207.9
SO001325,2025-09-16,P013,C001,Bengaluru DC,22,44059.4
SO001326,2025-09-17,P013,C003,Pune DC,23,46062.1
SO001327,2025-09-19,P013,C004,Pune DC,25,50067.5
SO001328,2025-09-22,P013,C031,Pune DC,33,66089.1
SO001329,2025-09-25,P013,C017,Pune DC,38,76102.6
SO001330,2025-10-02,P013,C040,Chennai DC,24,48064.8
SO001331,2025-10-05,P013,C012,Bengaluru DC,35,70094.5
SO001332,2025-10-03,P013,C014,Bengaluru DC,22,44059.4
SO001333,2025-10-12,P013,C025,Pune DC,50,100135.0
SO001334,2025-10-10,P013,C020,Pune DC,24,48064.8
SO001335,2025-10-17,P013,C019,Chennai DC,28,56075.6
SO001336,2025-10-13,P013,C011,Chennai DC,28,56075.6
SO001337,2025-10-14,P013,C036,Pune DC,20,40054.0
SO001338,2025-10-23,P013,C017,Pune DC,67,134180.9
SO001339,2025-11-02,P013,C021,Pune DC,34,68091.8
SO001340,2025-10-29,P013,C031,Pune DC,33,66089.1
SO001341,2025-11-05,P013,C007,Bengaluru DC,25,50067.5
SO001342,2025-11-09,P013,C026,Chennai DC,18,36048.6
SO001343,2025-11-04,P013,C020,Pune DC,27,54072.9
SO001344,2025-11-14,P013,C025,Pune DC,63,126170.1
SO001345,2025-11-20,P013,C027,Chennai DC,35,70094.5
SO001346,2025-11-21,P013,C007,Bengaluru DC,29,58078.3
SO001347,2025-11-17,P013,C003,Pune DC,30,60081.0
SO001348,2025-11-24,P013,C024,Pune DC,86,172232.2
SO001349,2025-12-06,P013,C004,Pune DC,95,190256.5
SO001350,2025-12-14,P013,C011,Chennai DC,44,88118.8
SO001351,2025-12-11,P013,C004,Pune DC,31,62083.7
SO001352,2025-12-18,P013,C009,Bengaluru DC,20,40054.0
SO001353,2025-12-16,P013,C008,Bengaluru DC,23,46062.1
SO001354,2025-12-19,P013,C009,Bengaluru DC,23,46062.1
SO001355,2025-12-23,P013,C037,Chennai DC,31,62083.7
SO001356,2025-12-24,P013,C011,Chennai DC,36,72097.2
SO001357,2025-12-26,P013,C032,Bengaluru DC,30,60081.0
SO001358,2025-12-30,P013,C035,Pune DC,43,86116.1
SO001359,2026-01-01,P013,C017,Pune DC,40,80108.0
SO001360,2025-01-11,P014,C033,Pune DC,7,2119.88
SO001361,2025-01-12,P014,C040,Chennai DC,8,2422.72
SO001362,2025-01-08,P014,C016,Pune DC,7,2119.88
SO001363,2025-01-15,P014,C004,Pune DC,9,2725.56
SO001364,2025-01-17,P014,C011,Chennai DC,8,2422.72
SO001365,2025-01-19,P014,C007,Bengaluru DC,4,1211.36
SO001366,2025-01-24,P014,C002,Pune DC,12,3634.08
SO001367,2025-01-23,P014,C001,Bengaluru DC,13,3936.92
SO001368,2025-01-25,P014,C020,Pune DC,13,3936.92
SO001369,2025-01-29,P014,C014,Bengaluru DC,6,1817.04
SO001370,2025-01-30,P014,C007,Bengaluru DC,11,3331.24
SO001371,2025-02-02,P014,C018,Pune DC,8,2422.72
SO001372,2025-02-05,P014,C032,Bengaluru DC,35,10599.4
SO001373,2025-02-15,P014,C033,Pune DC,12,3634.08
SO001374,2025-02-10,P014,C024,Pune DC,16,4845.44
SO001375,2025-02-21,P014,C037,Chennai DC,16,4845.44
SO001376,2025-02-19,P014,C019,Chennai DC,28,8479.52
SO001377,2025-03-02,P014,C004,Pune DC,11,3331.24
SO001378,2025-03-01,P014,C005,Chennai DC,9,2725.56
SO001379,2025-03-01,P014,C001,Bengaluru DC,7,2119.88
SO001380,2025-03-07,P014,C012,Bengaluru DC,23,6965.32
SO001381,2025-03-12,P014,C040,Chennai DC,10,3028.4
SO001382,2025-03-15,P014,C030,Pune DC,17,5148.28
SO001383,2025-03-21,P014,C013,Chennai DC,10,3028.4
SO001384,2025-03-18,P014,C007,Bengaluru DC,11,3331.24
SO001385,2025-03-22,P014,C006,Bengaluru DC,7,2119.88
SO001386,2025-03-28,P014,C028,Bengaluru DC,41,12416.44
SO001387,2025-04-01,P014,C001,Bengaluru DC,13,3936.92
SO001388,2025-04-04,P014,C002,Pune DC,21,6359.64
SO001389,2025-04-12,P014,C030,Pune DC,12,3634.08
SO001390,2025-04-11,P014,C005,Chennai DC,5,1514.2
SO001391,2025-04-13,P014,C022,Bengaluru DC,16,4845.44
SO001392,2025-04-15,P014,C021,Pune DC,19,5753.96
SO001393,2025-04-20,P014,C024,Pune DC,23,6965.32
SO001394,2025-04-22,P014,C012,Bengaluru DC,9,2725.56
SO001395,2025-04-21,P014,C040,Chennai DC,20,6056.8
SO001396,2025-04-25,P014,C004,Pune DC,12,3634.08
SO001397,2025-04-28,P014,C032,Bengaluru DC,12,3634.08
SO001398,2025-04-29,P014,C010,Pune DC,12,3634.08
SO001399,2025-04-28,P014,C025,Pune DC,9,2725.56
SO001400,2025-05-07,P014,C022,Bengaluru DC,23,6965.32
SO001401,2025-05-08,P014,C013,Chennai DC,14,4239.76
SO001402,2025-05-15,P014,C024,Pune DC,32,9690.88
SO001403,2025-05-20,P014,C019,Chennai DC,14,4239.76
SO001404,2025-05-22,P014,C032,Bengaluru DC,14,4239.76
SO001405,2025-05-23,P014,C022,Bengaluru DC,10,3028.4
SO001406,2025-05-29,P014,C040,Chennai DC,17,5148.28
SO001407,2025-06-01,P014,C031,Pune DC,11,3331.24
SO001408,2025-06-01,P014,C034,Pune DC,14,4239.76
SO001409,2025-06-07,P014,C013,Chennai DC,12,3634.08
SO001410,2025-06-02,P014,C030,Pune DC,15,4542.6
SO001411,2025-06-07,P014,C005,Chennai DC,7,2119.88
SO001412,2025-06-13,P014,C015,Bengaluru DC,47,14233.48
SO001413,2025-06-20,P014,C003,Pune DC,28,8479.52
SO001414,2025-06-28,P014,C021,Pune DC,13,3936.92
SO001415,2025-06-26,P014,C030,Pune DC,15,4542.6
SO001416,2025-07-03,P014,C003,Pune DC,11,3331.24
SO001417,2025-07-02,P014,C040,Chennai DC,10,3028.4
SO001418,2025-07-01,P014,C028,Bengaluru DC,6,1817.04
SO001419,2025-07-11,P014,C003,Pune DC,15,4542.6
SO001420,2025-07-09,P014,C018,Pune DC,15,4542.6
SO001421,2025-07-16,P014,C027,Chennai DC,15,4542.6
SO001422,2025-07-19,P014,C022,Bengaluru DC,12,3634.08
SO001423,2025-07-20,P014,C022,Bengaluru DC,14,4239.76
SO001424,2025-07-26,P014,C008,Bengaluru DC,10,3028.4
SO001425,2025-07-26,P014,C016,Pune DC,8,2422.72
SO001426,2025-07-27,P014,C011,Chennai DC,11,3331.24
SO001427,2025-07-30,P014,C030,Pune DC,7,2119.88
SO001428,2025-08-01,P014,C040,Chennai DC,8,2422.72
SO001429,2025-07-31,P014,C031,Pune DC,8,2422.72
SO001430,2025-08-05,P014,C031,Pune DC,31,9388.04
SO001431,2025-08-15,P014,C024,Pune DC,14,4239.76
SO001432,2025-08-13,P014,C026,Chennai DC,16,4845.44
SO001433,2025-08-20,P014,C023,Bengaluru DC,31,9388.04
SO001434,2025-08-30,P014,C019,Chennai DC,16,4845.44
SO001435,2025-08-26,P014,C026,Chennai DC,9,2725.56
SO001436,2025-09-06,P014,C035,Pune DC,9,2725.56
SO001437,2025-09-04,P014,C010,Pune DC,12,3634.08
SO001438,2025-09-03,P014,C021,Pune DC,8,2422.72
SO001439,2025-09-10,P014,C027,Chennai DC,12,3634.08
SO001440,2025-09-12,P014,C001,Bengaluru DC,15,4542.6
SO001441,2025-09-17,P014,C029,Chennai DC,7,2119.88
SO001442,2025-09-17,P014,C006,Bengaluru DC,4,1211.36
SO001443,2025-09-15,P014,C017,Pune DC,11,3331.24
SO001444,2025-09-27,P014,C019,Chennai DC,4,1211.36
SO001445,2025-09-26,P014,C025,Pune DC,8,2422.72
SO001446,2025-09-25,P014,C026,Chennai DC,5,1514.2
SO001447,2025-10-05,P014,C032,Bengaluru DC,14,4239.76
SO001448,2025-10-01,P014,C007,Bengaluru DC,18,5451.12
SO001449,2025-10-08,P014,C021,Pune DC,26,7873.84
SO001450,2025-10-15,P014,C017,Pune DC,22,6662.48
SO001451,2025-10-20,P014,C035,Pune DC,4,1211.36
SO001452,2025-10-22,P014,C040,Chennai DC,7,2119.88
SO001453,2025-10-23,P014,C004,Pune DC,9,2725.56
SO001454,2025-10-29,P014,C016,Pune DC,9,2725.56
SO001455,2025-11-01,P014,C005,Chennai DC,8,2422.72
SO001456,2025-10-30,P014,C016,Pune DC,10,3028.4
SO001457,2025-11-04,P014,C003,Pune DC,31,9388.04
SO001458,2025-11-12,P014,C021,Pune DC,10,3028.4
SO001459,2025-11-14,P014,C011,Chennai DC,15,4542.6
SO001460,2025-11-15,P014,C037,Chennai DC,4,1211.36
SO001461,2025-11-18,P014,C003,Pune DC,22,6662.48
SO001462,2025-11-17,P014,C023,Bengaluru DC,17,5148.28
SO001463,2025-11-29,P014,C012,Bengaluru DC,11,3331.24
SO001464,2025-11-28,P014,C008,Bengaluru DC,9,2725.56
SO001465,2025-11-25,P014,C014,Bengaluru DC,12,3634.08
SO001466,2025-12-01,P014,C023,Bengaluru DC,33,9993.72
SO001467,2025-12-12,P014,C037,Chennai DC,6,1817.04
SO001468,2025-12-09,P014,C015,Bengaluru DC,8,2422.72
SO001469,2025-12-13,P014,C003,Pune DC,5,1514.2
SO001470,2025-12-15,P014,C036,Pune DC,26,7873.84
SO001471,2025-12-25,P014,C010,Pune DC,35,10599.4
SO001472,2026-01-03,P014,C039,Chennai DC,22,6662.48
SO001473,2026-01-01,P014,C029,Chennai DC,9,2725.56
SO001474,2025-01-11,P015,C008,Bengaluru DC,140,73175.2
SO001475,2025-01-13,P015,C025,Pune DC,141,73697.88
SO001476,2025-01-21,P015,C025,Pune DC,37,19339.16
SO001477,2025-01-23,P015,C027,Chennai DC,45,23520.6
SO001478,2025-01-25,P015,C009,Bengaluru DC,45,23520.6
SO001479,2025-01-30,P015,C026,Chennai DC,73,38155.64
SO001480,2025-02-01,P015,C021,Pune DC,63,32928.84
SO001481,2025-02-09,P015,C028,Bengaluru DC,147,76833.96
SO001482,2025-02-12,P015,C022,Bengaluru DC,77,40246.36
SO001483,2025-02-12,P015,C018,Pune DC,76,39723.68
SO001484,2025-02-17,P015,C040,Chennai DC,48,25088.64
SO001485,2025-02-23,P015,C040,Chennai DC,42,21952.56
SO001486,2025-02-17,P015,C020,Pune DC,48,25088.64
SO001487,2025-02-28,P015,C010,Pune DC,62,32406.16
SO001488,2025-02-25,P015,C029,Chennai DC,49,25611.32
SO001489,2025-02-28,P015,C033,Pune DC,51,26656.68
SO001490,2025-03-08,P015,C003,Pune DC,59,30838.12
SO001491,2025-03-09,P015,C002,Pune DC,58,30315.44
SO001492,2025-03-03,P015,C010,Pune DC,64,33451.52
SO001493,2025-03-13,P015,C024,Pune DC,162,84674.16
SO001494,2025-03-17,P015,C018,Pune DC,169,88332.92
SO001495,2025-03-30,P015,C027,Chennai DC,88,45995.84
SO001496,2025-03-27,P015,C009,Bengaluru DC,95,49654.6
SO001497,2025-04-05,P015,C014,Bengaluru DC,184,96173.12
SO001498,2025-04-07,P015,C040,Chennai DC,83,43382.44
SO001499,2025-04-07,P015,C003,Pune DC,92,48086.56
SO001500,2025-04-18,P015,C012,Bengaluru DC,94,49131.92
SO001501,2025-04-18,P015,C021,Pune DC,104,54358.72
SO001502,2025-04-23,P015,C025,Pune DC,182,95127.76
SO001503,2025-05-01,P015,C021,Pune DC,90,47041.2
SO001504,2025-05-03,P015,C038,Chennai DC,85,44427.8
SO001505,2025-05-09,P015,C023,Bengaluru DC,62,32406.16
SO001506,2025-05-08,P015,C034,Pune DC,62,32406.16
SO001507,2025-05-06,P015,C001,Bengaluru DC,58,30315.44
SO001508,2025-05-15,P015,C004,Pune DC,55,28747.4
SO001509,2025-05-14,P015,C038,Chennai DC,59,30838.12
SO001510,2025-05-13,P015,C020,Pune DC,57,29792.76
SO001511,2025-05-21,P015,C021,Pune DC,172,89900.96
SO001512,2025-05-31,P015,C003,Pune DC,152,79447.36
SO001513,2025-06-07,P015,C037,Chennai DC,101,52790.68
SO001514,2025-06-04,P015,C015,Bengaluru DC,93,48609.24
SO001515,2025-06-10,P015,C019,Chennai DC,41,21429.88
SO001516,2025-06-09,P015,C024,Pune DC,53,27702.04
SO001517,2025-06-14,P015,C011,Chennai DC,58,30315.44
SO001518,2025-06-22,P015,C009,Bengaluru DC,88,45995.84
SO001519,2025-06-18,P015,C037,Chennai DC,72,37632.96
SO001520,2025-06-28,P015,C025,Pune DC,62,32406.16
SO001521,2025-06-29,P015,C035,Pune DC,50,26134.0
SO001522,2025-06-24,P015,C030,Pune DC,58,30315.44
SO001523,2025-07-04,P015,C031,Pune DC,149,77879.32
SO001524,2025-07-10,P015,C028,Bengaluru DC,52,27179.36
SO001525,2025-07-13,P015,C039,Chennai DC,36,18816.48
SO001526,2025-07-10,P015,C033,Pune DC,47,24565.96
SO001527,2025-07-16,P015,C024,Pune DC,41,21429.88
SO001528,2025-07-14,P015,C030,Pune DC,44,22997.92
SO001529,2025-07-17,P015,C015,Bengaluru DC,44,22997.92
SO001530,2025-07-21,P015,C003,Pune DC,29,15157.72
SO001531,2025-07-22,P015,C012,Bengaluru DC,55,28747.4
SO001532,2025-07-22,P015,C040,Chennai DC,39,20384.52
SO001533,2025-07-30,P015,C031,Pune DC,57,29792.76
SO001534,2025-07-29,P015,C018,Pune DC,67,35019.56
SO001535,2025-08-06,P015,C023,Bengaluru DC,103,53836.04
SO001536,2025-08-12,P015,C003,Pune DC,71,37110.28
SO001537,2025-08-14,P015,C013,Chennai DC,53,27702.04
SO001538,2025-08-20,P015,C003,Pune DC,49,25611.32
SO001539,2025-08-20,P015,C005,Chennai DC,57,29792.76
SO001540,2025-08-30,P015,C036,Pune DC,34,17771.12
SO001541,2025-08-29,P015,C017,Pune DC,35,18293.8
SO001542,2025-08-25,P015,C040,Chennai DC,27,14112.36
SO001543,2025-09-06,P015,C021,Pune DC,50,26134.0
SO001544,2025-09-03,P015,C037,Chennai DC,57,29792.76
SO001545,2025-09-09,P015,C038,Chennai DC,28,14635.04
SO001546,2025-09-08,P015,C001,Bengaluru DC,32,16725.76
SO001547,2025-09-13,P015,C009,Bengaluru DC,40,20907.2
SO001548,2025-09-18,P015,C026,Chennai DC,97,50699.96
SO001549,2025-09-23,P015,C003,Pune DC,43,22475.24
SO001550,2025-09-25,P015,C030,Pune DC,39,20384.52
SO001551,2025-10-03,P015,C005,Chennai DC,29,15157.72
SO001552,2025-10-04,P015,C020,Pune DC,34,17771.12
SO001553,2025-10-05,P015,C016,Pune DC,25,13067.0
SO001554,2025-10-11,P015,C025,Pune DC,40,20907.2
SO001555,2025-10-06,P015,C014,Bengaluru DC,35,18293.8
SO001556,2025-10-15,P015,C004,Pune DC,32,16725.76
SO001557,2025-10-15,P015,C014,Bengaluru DC,31,16203.08
SO001558,2025-10-17,P015,C001,Bengaluru DC,32,16725.76
SO001559,2025-10-21,P015,C036,Pune DC,92,48086.56
SO001560,2025-10-30,P015,C034,Pune DC,106,55404.08
SO001561,2025-11-06,P015,C027,Chennai DC,101,52790.68
SO001562,2025-11-14,P015,C001,Bengaluru DC,25,13067.0
SO001563,2025-11-12,P015,C034,Pune DC,31,16203.08
SO001564,2025-11-13,P015,C011,Chennai DC,25,13067.0
SO001565,2025-11-21,P015,C038,Chennai DC,28,14635.04
SO001566,2025-11-20,P015,C010,Pune DC,35,18293.8
SO001567,2025-11-23,P015,C023,Bengaluru DC,31,16203.08
SO001568,2025-11-30,P015,C011,Chennai DC,37,19339.16
SO001569,2025-11-29,P015,C017,Pune DC,39,20384.52
SO001570,2025-11-30,P015,C001,Bengaluru DC,46,24043.28
SO001571,2025-12-07,P015,C040,Chennai DC,122,63766.96
SO001572,2025-12-13,P015,C009,Bengaluru DC,136,71084.48
SO001573,2025-12-21,P015,C005,Chennai DC,61,31883.48
SO001574,2025-12-21,P015,C016,Pune DC,38,19861.84
SO001575,2025-12-15,P015,C007,Bengaluru DC,41,21429.88
SO001576,2025-12-25,P015,C024,Pune DC,47,24565.96
SO001577,2025-12-26,P015,C039,Chennai DC,36,18816.48
SO001578,2025-12-27,P015,C035,Pune DC,42,21952.56
SO001579,2025-12-29,P015,C033,Pune DC,72,37632.96
SO001580,2026-01-02,P015,C012,Bengaluru DC,66,34496.88
SO001581,2025-01-06,P016,C033,Pune DC,314,1306729.84
SO001582,2025-01-17,P016,C009,Bengaluru DC,106,441125.36
SO001583,2025-01-14,P016,C035,Pune DC,111,461933.16
SO001584,2025-01-17,P016,C032,Bengaluru DC,113,470256.28
SO001585,2025-01-21,P016,C038,Chennai DC,89,370378.84
SO001586,2025-01-21,P016,C029,Chennai DC,99,411994.44
SO001587,2025-01-22,P016,C029,Chennai DC,91,378701.96
SO001588,2025-01-30,P016,C039,Chennai DC,109,453610.04
SO001589,2025-01-27,P016,C029,Chennai DC,118,491064.08
SO001590,2025-02-01,P016,C006,Bengaluru DC,108,449448.48
SO001591,2025-02-08,P016,C026,Chennai DC,307,1277598.92
SO001592,2025-02-13,P016,C022,Bengaluru DC,95,395348.2
SO001593,2025-02-10,P016,C037,Chennai DC,105,436963.8
SO001594,2025-02-14,P016,C015,Bengaluru DC,106,441125.36
SO001595,2025-02-23,P016,C004,Pune DC,156,649203.36
SO001596,2025-02-17,P016,C037,Chennai DC,158,657526.48
SO001597,2025-02-25,P016,C017,Pune DC,177,736596.12
SO001598,2025-02-28,P016,C017,Pune DC,184,765727.04
SO001599,2025-03-06,P016,C023,Bengaluru DC,187,778211.72
SO001600,2025-03-07,P016,C023,Bengaluru DC,169,703303.64
SO001601,2025-03-14,P016,C033,Pune DC,314,1306729.84
SO001602,2025-03-22,P016,C002,Pune DC,170,707465.2
SO001603,2025-03-23,P016,C028,Bengaluru DC,176,732434.56
SO001604,2025-03-29,P016,C014,Bengaluru DC,191,794857.96
SO001605,2025-03-24,P016,C001,Bengaluru DC,176,732434.56
SO001606,2025-04-02,P016,C002,Pune DC,174,724111.44
SO001607,2025-04-06,P016,C033,Pune DC,164,682495.84
SO001608,2025-04-12,P016,C030,Pune DC,338,1406607.28
SO001609,2025-04-18,P016,C019,Chennai DC,340,1414930.4
SO001610,2025-04-21,P016,C005,Chennai DC,325,1352507.0
SO001611,2025-04-30,P016,C026,Chennai DC,167,694980.52
SO001612,2025-05-03,P016,C031,Pune DC,152,632557.12
SO001613,2025-05-09,P016,C018,Pune DC,315,1310891.4
SO001614,2025-05-12,P016,C038,Chennai DC,342,1423253.52
SO001615,2025-05-19,P016,C003,Pune DC,153,636718.68
SO001616,2025-05-21,P016,C011,Chennai DC,158,657526.48
SO001617,2025-05-27,P016,C036,Pune DC,171,711626.76
SO001618,2025-06-01,P016,C016,Pune DC,161,670011.16
SO001619,2025-06-08,P016,C037,Chennai DC,287,1194367.72
SO001620,2025-06-14,P016,C003,Pune DC,101,420317.56
SO001621,2025-06-14,P016,C040,Chennai DC,85,353732.6
SO001622,2025-06-12,P016,C034,Pune DC,109,453610.04
SO001623,2025-06-19,P016,C009,Bengaluru DC,151,628395.56
SO001624,2025-06-19,P016,C015,Bengaluru DC,139,578456.84
SO001625,2025-06-26,P016,C003,Pune DC,157,653364.92
SO001626,2025-06-23,P016,C036,Pune DC,164,682495.84
SO001627,2025-07-05,P016,C037,Chennai DC,91,378701.96
SO001628,2025-07-06,P016,C022,Bengaluru DC,74,307955.44
SO001629,2025-07-04,P016,C017,Pune DC,86,357894.16
SO001630,2025-07-12,P016,C013,Chennai DC,263,1094490.28
SO001631,2025-07-14,P016,C028,Bengaluru DC,158,657526.48
SO001632,2025-07-15,P016,C021,Pune DC,128,532679.68
SO001633,2025-07-24,P016,C006,Bengaluru DC,90,374540.4
SO001634,2025-07-25,P016,C020,Pune DC,93,387025.08
SO001635,2025-07-22,P016,C038,Chennai DC,100,416156.0
SO001636,2025-07-29,P016,C016,Pune DC,94,391186.64
SO001637,2025-08-03,P016,C038,Chennai DC,68,282986.08
SO001638,2025-07-28,P016,C007,Bengaluru DC,95,395348.2
SO001639,2025-08-06,P016,C002,Pune DC,266,1106974.96
SO001640,2025-08-16,P016,C006,Bengaluru DC,140,582618.4
SO001641,2025-08-16,P016,C003,Pune DC,132,549325.92
SO001642,2025-08-21,P016,C036,Pune DC,97,403671.32
SO001643,2025-08-22,P016,C026,Chennai DC,84,349571.04
SO001644,2025-08-21,P016,C028,Bengaluru DC,83,345409.48
SO001645,2025-08-26,P016,C023,Bengaluru DC,240,998774.4
SO001646,2025-09-03,P016,C024,Pune DC,117,486902.52
SO001647,2025-09-02,P016,C015,Bengaluru DC,142,590941.52
SO001648,2025-09-09,P016,C030,Pune DC,128,532679.68
SO001649,2025-09-13,P016,C039,Chennai DC,114,474417.84
SO001650,2025-09-15,P016,C004,Pune DC,227,944674.12
SO001651,2025-09-25,P016,C024,Pune DC,85,353732.6
SO001652,2025-09-26,P016,C035,Pune DC,86,357894.16
SO001653,2025-09-28,P016,C001,Bengaluru DC,63,262178.28
SO001654,2025-09-30,P016,C026,Chennai DC,223,928027.88
SO001655,2025-10-06,P016,C012,Bengaluru DC,236,982128.16
SO001656,2025-10-17,P016,C023,Bengaluru DC,240,998774.4
SO001657,2025-10-23,P016,C033,Pune DC,206,857281.36
SO001658,2025-11-01,P016,C013,Chennai DC,77,320440.12
SO001659,2025-11-01,P016,C001,Bengaluru DC,82,341247.92
SO001660,2025-11-02,P016,C008,Bengaluru DC,88,366217.28
SO001661,2025-11-04,P016,C014,Bengaluru DC,248,1032066.88
SO001662,2025-11-10,P016,C017,Pune DC,78,324601.68
SO001663,2025-11-13,P016,C009,Bengaluru DC,73,303793.88
SO001664,2025-11-13,P016,C037,Chennai DC,70,291309.2
SO001665,2025-11-21,P016,C036,Pune DC,258,1073682.48
SO001666,2025-11-30,P016,C020,Pune DC,225,936351.0
SO001667,2025-12-02,P016,C007,Bengaluru DC,212,882250.72
SO001668,2025-12-10,P016,C011,Chennai DC,88,366217.28
SO001669,2025-12-09,P016,C019,Chennai DC,83,345409.48
SO001670,2025-12-14,P016,C004,Pune DC,96,399509.76
SO001671,2025-12-19,P016,C007,Bengaluru DC,72,299632.32
SO001672,2025-12-17,P016,C037,Chennai DC,85,353732.6
SO001673,2025-12-19,P016,C015,Bengaluru DC,78,324601.68
SO001674,2025-12-28,P016,C027,Chennai DC,81,337086.36
SO001675,2025-12-27,P016,C033,Pune DC,76,316278.56
SO001676,2025-12-28,P016,C007,Bengaluru DC,79,328763.24
SO001677,2025-12-30,P016,C026,Chennai DC,121,503548.76
SO001678,2025-12-31,P016,C010,Pune DC,134,557649.04
SO001679,2025-01-11,P017,C026,Chennai DC,151,184787.76
SO001680,2025-01-14,P017,C020,Pune DC,50,61188.0
SO001681,2025-01-16,P017,C009,Bengaluru DC,48,58740.48
SO001682,2025-01-15,P017,C022,Bengaluru DC,48,58740.48
SO001683,2025-01-20,P017,C003,Pune DC,83,101572.08
SO001684,2025-01-24,P017,C025,Pune DC,71,86886.96
SO001685,2025-02-01,P017,C008,Bengaluru DC,50,61188.0
SO001686,2025-01-28,P017,C035,Pune DC,61,74649.36
SO001687,2025-02-01,P017,C019,Chennai DC,56,68530.56
SO001688,2025-02-06,P017,C013,Chennai DC,55,67306.8
SO001689,2025-02-07,P017,C024,Pune DC,46,56292.96
SO001690,2025-02-06,P017,C023,Bengaluru DC,48,58740.48
SO001691,2025-02-12,P017,C036,Pune DC,169,206815.44
SO001692,2025-02-22,P017,C012,Bengaluru DC,44,53845.44
SO001693,2025-02-20,P017,C021,Pune DC,47,57516.72
SO001694,2025-02-23,P017,C028,Bengaluru DC,47,57516.72
SO001695,2025-02-26,P017,C018,Pune DC,48,58740.48
SO001696,2025-03-01,P017,C011,Chennai DC,64,78320.64
SO001697,2025-02-27,P017,C037,Chennai DC,41,50174.16
SO001698,2025-03-04,P017,C009,Bengaluru DC,85,104019.6
SO001699,2025-03-05,P017,C005,Chennai DC,85,104019.6
SO001700,2025-03-11,P017,C030,Pune DC,67,81991.92
SO001701,2025-03-16,P017,C027,Chennai DC,89,108914.64
SO001702,2025-03-20,P017,C019,Chennai DC,60,73425.6
SO001703,2025-03-18,P017,C005,Chennai DC,53,64859.28
SO001704,2025-03-23,P017,C023,Bengaluru DC,53,64859.28
SO001705,2025-03-26,P017,C007,Bengaluru DC,160,195801.6
SO001706,2025-04-01,P017,C004,Pune DC,53,64859.28
SO001707,2025-04-06,P017,C012,Bengaluru DC,61,74649.36
SO001708,2025-04-03,P017,C015,Bengaluru DC,57,69754.32
SO001709,2025-04-11,P017,C034,Pune DC,166,203144.16
SO001710,2025-04-17,P017,C036,Pune DC,92,112585.92
SO001711,2025-04-18,P017,C016,Pune DC,77,94229.52
SO001712,2025-04-22,P017,C005,Chennai DC,56,68530.56
SO001713,2025-04-24,P017,C028,Bengaluru DC,45,55069.2
SO001714,2025-04-22,P017,C003,Pune DC,54,66083.04
SO001715,2025-04-29,P017,C012,Bengaluru DC,86,105243.36
SO001716,2025-04-30,P017,C025,Pune DC,85,104019.6
SO001717,2025-05-05,P017,C025,Pune DC,70,85663.2
SO001718,2025-05-08,P017,C030,Pune DC,50,61188.0
SO001719,2025-05-11,P017,C037,Chennai DC,57,69754.32
SO001720,2025-05-12,P017,C010,Pune DC,79,96677.04
SO001721,2025-05-16,P017,C036,Pune DC,86,105243.36
SO001722,2025-05-25,P017,C024,Pune DC,57,69754.32
SO001723,2025-05-20,P017,C026,Chennai DC,59,72201.84
SO001724,2025-05-19,P017,C014,Bengaluru DC,55,67306.8
SO001725,2025-05-29,P017,C037,Chennai DC,87,106467.12
SO001726,2025-05-31,P017,C025,Pune DC,85,104019.6
SO001727,2025-06-06,P017,C037,Chennai DC,54,66083.04
SO001728,2025-06-02,P017,C008,Bengaluru DC,61,74649.36
SO001729,2025-06-08,P017,C013,Chennai DC,57,69754.32
SO001730,2025-06-10,P017,C031,Pune DC,169,206815.44
SO001731,2025-06-21,P017,C005,Chennai DC,62,75873.12
SO001732,2025-06-21,P017,C008,Bengaluru DC,59,72201.84
SO001733,2025-06-20,P017,C019,Chennai DC,43,52621.68
SO001734,2025-06-26,P017,C013,Chennai DC,149,182340.24
SO001735,2025-07-06,P017,C015,Bengaluru DC,169,206815.44
SO001736,2025-07-09,P017,C015,Bengaluru DC,78,95453.28
SO001737,2025-07-07,P017,C011,Chennai DC,70,85663.2
SO001738,2025-07-15,P017,C033,Pune DC,175,214158.0
SO001739,2025-07-21,P017,C033,Pune DC,47,57516.72
SO001740,2025-07-26,P017,C019,Chennai DC,52,63635.52
SO001741,2025-07-27,P017,C003,Pune DC,54,66083.04
SO001742,2025-07-29,P017,C029,Chennai DC,98,119928.48
SO001743,2025-08-02,P017,C004,Pune DC,82,100348.32
SO001744,2025-08-09,P017,C005,Chennai DC,44,53845.44
SO001745,2025-08-05,P017,C004,Pune DC,48,58740.48
SO001746,2025-08-07,P017,C005,Chennai DC,40,48950.4
SO001747,2025-08-15,P017,C007,Bengaluru DC,130,159088.8
SO001748,2025-08-24,P017,C023,Bengaluru DC,87,106467.12
SO001749,2025-08-20,P017,C016,Pune DC,63,77096.88
SO001750,2025-08-28,P017,C033,Pune DC,63,77096.88
SO001751,2025-08-29,P017,C019,Chennai DC,58,70978.08
SO001752,2025-09-03,P017,C031,Pune DC,44,53845.44
SO001753,2025-09-03,P017,C035,Pune DC,40,48950.4
SO001754,2025-09-03,P017,C024,Pune DC,44,53845.44
SO001755,2025-09-12,P017,C010,Pune DC,62,75873.12
SO001756,2025-09-11,P017,C018,Pune DC,73,89334.48
SO001757,2025-09-15,P017,C007,Bengaluru DC,66,80768.16
SO001758,2025-09-21,P017,C015,Bengaluru DC,61,74649.36
SO001759,2025-09-25,P017,C014,Bengaluru DC,48,58740.48
SO001760,2025-09-28,P017,C014,Bengaluru DC,47,57516.72
SO001761,2025-09-28,P017,C009,Bengaluru DC,43,52621.68
SO001762,2025-09-30,P017,C036,Pune DC,63,77096.88
SO001763,2025-10-01,P017,C013,Chennai DC,66,80768.16
SO001764,2025-10-09,P017,C006,Bengaluru DC,69,84439.44
SO001765,2025-10-06,P017,C024,Pune DC,70,85663.2
SO001766,2025-10-19,P017,C014,Bengaluru DC,50,61188.0
SO001767,2025-10-14,P017,C018,Pune DC,47,57516.72
SO001768,2025-10-18,P017,C002,Pune DC,40,48950.4
SO001769,2025-10-20,P017,C040,Chennai DC,140,171326.4
SO001770,2025-10-31,P017,C007,Bengaluru DC,74,90558.24
SO001771,2025-10-31,P017,C004,Pune DC,57,69754.32
SO001772,2025-11-08,P017,C027,Chennai DC,47,57516.72
SO001773,2025-11-06,P017,C027,Chennai DC,32,39160.32
SO001774,2025-11-05,P017,C019,Chennai DC,57,69754.32
SO001775,2025-11-11,P017,C016,Pune DC,126,154193.76
SO001776,2025-11-18,P017,C023,Bengaluru DC,72,88110.72
SO001777,2025-11-20,P017,C033,Pune DC,63,77096.88
SO001778,2025-11-30,P017,C021,Pune DC,41,50174.16
SO001779,2025-11-25,P017,C039,Chennai DC,34,41607.84
SO001780,2025-11-27,P017,C003,Pune DC,45,55069.2
SO001781,2025-12-06,P017,C005,Chennai DC,53,64859.28
SO001782,2025-12-06,P017,C018,Pune DC,34,41607.84
SO001783,2025-12-03,P017,C001,Bengaluru DC,46,56292.96
SO001784,2025-12-14,P017,C010,Pune DC,72,88110.72
SO001785,2025-12-14,P017,C023,Bengaluru DC,83,101572.08
SO001786,2025-12-20,P017,C001,Bengaluru DC,77,94229.52
SO001787,2025-12-20,P017,C010,Pune DC,80,97900.8
SO001788,2025-12-25,P017,C003,Pune DC,41,50174.16
SO001789,2025-12-25,P017,C029,Chennai DC,58,70978.08
SO001790,2025-12-23,P017,C003,Pune DC,52,63635.52
SO001791,2026-01-04,P017,C019,Chennai DC,60,73425.6
SO001792,2025-12-31,P017,C020,Pune DC,47,57516.72
SO001793,2025-12-30,P017,C009,Bengaluru DC,53,64859.28
SO001794,2025-01-11,P018,C023,Bengaluru DC,50,116016.0
SO001795,2025-01-16,P018,C001,Bengaluru DC,13,30164.16
SO001796,2025-01-14,P018,C004,Pune DC,18,41765.76
SO001797,2025-01-17,P018,C011,Chennai DC,14,32484.48
SO001798,2025-01-20,P018,C037,Chennai DC,12,27843.84
SO001799,2025-01-24,P018,C038,Chennai DC,15,34804.8
SO001800,2025-01-20,P018,C003,Pune DC,17,39445.44
SO001801,2025-02-02,P018,C001,Bengaluru DC,44,102094.08
SO001802,2025-02-03,P018,C012,Bengaluru DC,13,30164.16
SO001803,2025-02-09,P018,C027,Chennai DC,19,44086.08
SO001804,2025-02-03,P018,C031,Pune DC,18,41765.76
SO001805,2025-02-11,P018,C021,Pune DC,26,60328.32
SO001806,2025-02-16,P018,C020,Pune DC,16,37125.12
SO001807,2025-02-18,P018,C016,Pune DC,18,41765.76
SO001808,2025-02-17,P018,C020,Pune DC,22,51047.04
SO001809,2025-02-22,P018,C014,Bengaluru DC,22,51047.04
SO001810,2025-02-24,P018,C027,Chennai DC,53,122976.96
SO001811,2025-03-07,P018,C025,Pune DC,51,118336.32
SO001812,2025-03-12,P018,C024,Pune DC,22,51047.04
SO001813,2025-03-10,P018,C003,Pune DC,24,55687.68
SO001814,2025-03-22,P018,C028,Bengaluru DC,17,39445.44
SO001815,2025-03-22,P018,C003,Pune DC,12,27843.84
SO001816,2025-03-21,P018,C007,Bengaluru DC,14,32484.48
SO001817,2025-03-29,P018,C039,Chennai DC,22,51047.04
SO001818,2025-03-27,P018,C002,Pune DC,28,64968.96
SO001819,2025-03-31,P018,C034,Pune DC,44,102094.08
SO001820,2025-04-11,P018,C023,Bengaluru DC,21,48726.72
SO001821,2025-04-10,P018,C036,Pune DC,18,41765.76
SO001822,2025-04-07,P018,C007,Bengaluru DC,27,62648.64
SO001823,2025-04-18,P018,C037,Chennai DC,57,132258.24
SO001824,2025-04-23,P018,C027,Chennai DC,22,51047.04
SO001825,2025-04-25,P018,C027,Chennai DC,19,44086.08
SO001826,2025-04-23,P018,C021,Pune DC,22,51047.04
SO001827,2025-05-02,P018,C020,Pune DC,60,139219.2
SO001828,2025-05-10,P018,C007,Bengaluru DC,13,30164.16
SO001829,2025-05-08,P018,C031,Pune DC,18,41765.76
SO001830,2025-05-11,P018,C014,Bengaluru DC,27,62648.64
SO001831,2025-05-12,P018,C032,Bengaluru DC,51,118336.32
SO001832,2025-05-23,P018,C020,Pune DC,51,118336.32
SO001833,2025-05-27,P018,C003,Pune DC,56,129937.92
SO001834,2025-06-06,P018,C040,Chennai DC,60,139219.2
SO001835,2025-06-11,P018,C014,Bengaluru DC,15,34804.8
SO001836,2025-06-15,P018,C012,Bengaluru DC,19,44086.08
SO001837,2025-06-11,P018,C013,Chennai DC,17,39445.44
SO001838,2025-06-22,P018,C029,Chennai DC,27,62648.64
SO001839,2025-06-19,P018,C026,Chennai DC,33,76570.56
SO001840,2025-06-25,P018,C023,Bengaluru DC,54,125297.28
SO001841,2025-07-03,P018,C026,Chennai DC,33,76570.56
SO001842,2025-07-04,P018,C035,Pune DC,28,64968.96
SO001843,2025-07-12,P018,C016,Pune DC,42,97453.44
SO001844,2025-07-16,P018,C011,Chennai DC,43,99773.76
SO001845,2025-07-27,P018,C031,Pune DC,11,25523.52
SO001846,2025-07-27,P018,C016,Pune DC,11,25523.52
SO001847,2025-07-21,P018,C038,Chennai DC,11,25523.52
SO001848,2025-08-03,P018,C024,Pune DC,18,41765.76
SO001849,2025-08-02,P018,C008,Bengaluru DC,18,41765.76
SO001850,2025-08-03,P018,C039,Chennai DC,14,32484.48
SO001851,2025-08-04,P018,C005,Chennai DC,51,118336.32
SO001852,2025-08-14,P018,C021,Pune DC,26,60328.32
SO001853,2025-08-14,P018,C012,Bengaluru DC,42,97453.44
SO001854,2025-08-21,P018,C002,Pune DC,22,51047.04
SO001855,2025-08-18,P018,C019,Chennai DC,14,32484.48
SO001856,2025-08-23,P018,C015,Bengaluru DC,9,20882.88
SO001857,2025-08-30,P018,C028,Bengaluru DC,53,122976.96
SO001858,2025-09-01,P018,C003,Pune DC,45,104414.4
SO001859,2025-09-14,P018,C035,Pune DC,26,60328.32
SO001860,2025-09-11,P018,C036,Pune DC,25,58008.0
SO001861,2025-09-21,P018,C010,Pune DC,17,39445.44
SO001862,2025-09-17,P018,C031,Pune DC,15,34804.8
SO001863,2025-09-19,P018,C008,Bengaluru DC,19,44086.08
SO001864,2025-09-26,P018,C002,Pune DC,40,92812.8
SO001865,2025-09-30,P018,C003,Pune DC,42,97453.44
SO001866,2025-10-12,P018,C003,Pune DC,57,132258.24
SO001867,2025-10-17,P018,C022,Bengaluru DC,22,51047.04
SO001868,2025-10-16,P018,C032,Bengaluru DC,12,27843.84
SO001869,2025-10-15,P018,C020,Pune DC,17,39445.44
SO001870,2025-10-20,P018,C024,Pune DC,50,116016.0
SO001871,2025-10-29,P018,C035,Pune DC,22,51047.04
SO001872,2025-10-31,P018,C028,Bengaluru DC,19,44086.08
SO001873,2025-10-31,P018,C014,Bengaluru DC,16,37125.12
SO001874,2025-11-03,P018,C015,Bengaluru DC,13,30164.16
SO001875,2025-11-04,P018,C012,Bengaluru DC,10,23203.2
SO001876,2025-11-09,P018,C032,Bengaluru DC,16,37125.12
SO001877,2025-11-10,P018,C027,Chennai DC,29,67289.28
SO001878,2025-11-11,P018,C030,Pune DC,27,62648.64
SO001879,2025-11-18,P018,C016,Pune DC,20,46406.4
SO001880,2025-11-23,P018,C029,Chennai DC,22,51047.04
SO001881,2025-11-23,P018,C039,Chennai DC,17,39445.44
SO001882,2025-11-30,P018,C023,Bengaluru DC,10,23203.2
SO001883,2025-11-27,P018,C003,Pune DC,15,34804.8
SO001884,2025-11-24,P018,C009,Bengaluru DC,18,41765.76
SO001885,2025-12-02,P018,C013,Chennai DC,31,71929.92
SO001886,2025-12-05,P018,C002,Pune DC,21,48726.72
SO001887,2025-12-12,P018,C016,Pune DC,53,122976.96
SO001888,2025-12-20,P018,C031,Pune DC,30,69609.6
SO001889,2025-12-19,P018,C029,Chennai DC,23,53367.36
SO001890,2025-12-25,P018,C023,Bengaluru DC,29,67289.28
SO001891,2025-12-28,P018,C040,Chennai DC,29,67289.28
SO001892,2025-12-30,P018,C014,Bengaluru DC,19,44086.08
SO001893,2026-01-04,P018,C022,Bengaluru DC,17,39445.44
SO001894,2026-01-03,P018,C021,Pune DC,21,48726.72
SO001895,2025-01-06,P019,C003,Pune DC,14,3805.48
SO001896,2025-01-10,P019,C036,Pune DC,17,4620.94
SO001897,2025-01-11,P019,C034,Pune DC,18,4892.76
SO001898,2025-01-13,P019,C039,Chennai DC,28,7610.96
SO001899,2025-01-13,P019,C016,Pune DC,27,7339.14
SO001900,2025-01-21,P019,C033,Pune DC,29,7882.78
SO001901,2025-01-26,P019,C012,Bengaluru DC,28,7610.96
SO001902,2025-01-29,P019,C007,Bengaluru DC,50,13591.0
SO001903,2025-02-09,P019,C029,Chennai DC,14,3805.48
SO001904,2025-02-07,P019,C029,Chennai DC,22,5980.04
SO001905,2025-02-07,P019,C030,Pune DC,15,4077.3
SO001906,2025-02-16,P019,C024,Pune DC,27,7339.14
SO001907,2025-02-12,P019,C029,Chennai DC,31,8426.42
SO001908,2025-02-22,P019,C031,Pune DC,58,15765.56
SO001909,2025-03-02,P019,C011,Chennai DC,25,6795.5
SO001910,2025-02-27,P019,C031,Pune DC,27,7339.14
SO001911,2025-03-04,P019,C014,Bengaluru DC,31,8426.42
SO001912,2025-03-05,P019,C023,Bengaluru DC,22,5980.04
SO001913,2025-03-13,P019,C037,Chennai DC,21,5708.22
SO001914,2025-03-13,P019,C002,Pune DC,17,4620.94
SO001915,2025-03-11,P019,C025,Pune DC,21,5708.22
SO001916,2025-03-21,P019,C012,Bengaluru DC,33,8970.06
SO001917,2025-03-22,P019,C007,Bengaluru DC,16,4349.12
SO001918,2025-03-20,P019,C005,Chennai DC,15,4077.3
SO001919,2025-03-30,P019,C016,Pune DC,70,19027.4
SO001920,2025-04-02,P019,C007,Bengaluru DC,21,5708.22
SO001921,2025-04-06,P019,C005,Chennai DC,21,5708.22
SO001922,2025-04-01,P019,C001,Bengaluru DC,21,5708.22
SO001923,2025-04-07,P019,C023,Bengaluru DC,17,4620.94
SO001924,2025-04-07,P019,C001,Bengaluru DC,17,4620.94
SO001925,2025-04-09,P019,C015,Bengaluru DC,15,4077.3
SO001926,2025-04-17,P019,C004,Pune DC,66,17940.12
SO001927,2025-04-27,P019,C018,Pune DC,16,4349.12
SO001928,2025-04-26,P019,C010,Pune DC,28,7610.96
SO001929,2025-04-22,P019,C024,Pune DC,26,7067.32
SO001930,2025-05-01,P019,C037,Chennai DC,22,5980.04
SO001931,2025-04-30,P019,C007,Bengaluru DC,24,6523.68
SO001932,2025-04-30,P019,C014,Bengaluru DC,17,4620.94
SO001933,2025-05-05,P019,C025,Pune DC,64,17396.48
SO001934,2025-05-14,P019,C024,Pune DC,74,20114.68
SO001935,2025-05-21,P019,C007,Bengaluru DC,28,7610.96
SO001936,2025-05-25,P019,C032,Bengaluru DC,36,9785.52
SO001937,2025-05-26,P019,C023,Bengaluru DC,28,7610.96
SO001938,2025-05-27,P019,C027,Chennai DC,25,6795.5
SO001939,2025-06-03,P019,C018,Pune DC,51,13862.82
SO001940,2025-06-12,P019,C039,Chennai DC,31,8426.42
SO001941,2025-06-13,P019,C010,Pune DC,27,7339.14
SO001942,2025-06-20,P019,C010,Pune DC,17,4620.94
SO001943,2025-06-19,P019,C031,Pune DC,27,7339.14
SO001944,2025-06-16,P019,C014,Bengaluru DC,23,6251.86
SO001945,2025-06-23,P019,C017,Pune DC,61,16581.02
SO001946,2025-07-04,P019,C031,Pune DC,28,7610.96
SO001947,2025-06-30,P019,C033,Pune DC,24,6523.68
SO001948,2025-07-11,P019,C036,Pune DC,21,5708.22
SO001949,2025-07-13,P019,C001,Bengaluru DC,12,3261.84
SO001950,2025-07-09,P019,C030,Pune DC,16,4349.12
SO001951,2025-07-14,P019,C030,Pune DC,21,5708.22
SO001952,2025-07-16,P019,C034,Pune DC,28,7610.96
SO001953,2025-07-24,P019,C016,Pune DC,22,5980.04
SO001954,2025-07-27,P019,C031,Pune DC,20,5436.4
SO001955,2025-08-02,P019,C027,Chennai DC,46,12503.72
SO001956,2025-08-05,P019,C011,Chennai DC,16,4349.12
SO001957,2025-08-08,P019,C016,Pune DC,9,2446.38
SO001958,2025-08-08,P019,C023,Bengaluru DC,19,5164.58
SO001959,2025-08-16,P019,C024,Pune DC,34,9241.88
SO001960,2025-08-19,P019,C014,Bengaluru DC,15,4077.3
SO001961,2025-08-19,P019,C002,Pune DC,20,5436.4
SO001962,2025-08-27,P019,C021,Pune DC,15,4077.3
SO001963,2025-08-27,P019,C001,Bengaluru DC,17,4620.94
SO001964,2025-09-02,P019,C028,Bengaluru DC,22,5980.04
SO001965,2025-09-01,P019,C004,Pune DC,15,4077.3
SO001966,2025-09-11,P019,C010,Pune DC,37,10057.34
SO001967,2025-09-18,P019,C001,Bengaluru DC,17,4620.94
SO001968,2025-09-17,P019,C004,Pune DC,14,3805.48
SO001969,2025-09-28,P019,C025,Pune DC,16,4349.12
SO001970,2025-09-22,P019,C025,Pune DC,15,4077.3
SO001971,2025-10-01,P019,C006,Bengaluru DC,23,6251.86
SO001972,2025-09-30,P019,C026,Chennai DC,18,4892.76
SO001973,2025-10-11,P019,C019,Chennai DC,9,2446.38
SO001974,2025-10-09,P019,C014,Bengaluru DC,11,2990.02
SO001975,2025-10-10,P019,C003,Pune DC,9,2446.38
SO001976,2025-10-14,P019,C025,Pune DC,14,3805.48
SO001977,2025-10-16,P019,C037,Chennai DC,6,1630.92
SO001978,2025-10-13,P019,C034,Pune DC,8,2174.56
SO001979,2025-10-22,P019,C018,Pune DC,45,12231.9
SO001980,2025-10-30,P019,C016,Pune DC,38,10329.16
SO001981,2025-11-09,P019,C019,Chennai DC,16,4349.12
SO001982,2025-11-07,P019,C008,Bengaluru DC,25,6795.5
SO001983,2025-11-16,P019,C040,Chennai DC,29,7882.78
SO001984,2025-11-16,P019,C003,Pune DC,20,5436.4
SO001985,2025-11-20,P019,C017,Pune DC,22,5980.04
SO001986,2025-11-19,P019,C011,Chennai DC,21,5708.22
SO001987,2025-11-30,P019,C001,Bengaluru DC,23,6251.86
SO001988,2025-11-30,P019,C011,Chennai DC,23,6251.86
SO001989,2025-12-05,P019,C036,Pune DC,23,6251.86
SO001990,2025-12-02,P019,C006,Bengaluru DC,17,4620.94
SO001991,2025-12-03,P019,C024,Pune DC,9,2446.38
SO001992,2025-12-12,P019,C027,Chennai DC,18,4892.76
SO001993,2025-12-13,P019,C019,Chennai DC,21,5708.22
SO001994,2025-12-18,P019,C001,Bengaluru DC,51,13862.82
SO001995,2025-12-23,P019,C018,Pune DC,26,7067.32
SO001996,2025-12-25,P019,C027,Chennai DC,24,6523.68
SO001997,2025-12-31,P019,C032,Bengaluru DC,28,7610.96
SO001998,2026-01-03,P019,C039,Chennai DC,29,7882.78
SO001999,2025-01-11,P020,C028,Bengaluru DC,31,63225.12
SO002000,2025-01-09,P020,C032,Bengaluru DC,29,59146.08
SO002001,2025-01-10,P020,C017,Pune DC,32,65264.64
SO002002,2025-01-15,P020,C005,Chennai DC,109,222307.68
SO002003,2025-01-22,P020,C036,Pune DC,42,85659.84
SO002004,2025-01-26,P020,C010,Pune DC,53,108094.56
SO002005,2025-01-29,P020,C034,Pune DC,51,104015.52
SO002006,2025-01-27,P020,C035,Pune DC,47,95857.44
SO002007,2025-02-04,P020,C028,Bengaluru DC,24,48948.48
SO002008,2025-02-07,P020,C006,Bengaluru DC,32,65264.64
SO002009,2025-02-07,P020,C011,Chennai DC,28,57106.56
SO002010,2025-02-15,P020,C023,Bengaluru DC,103,210070.56
SO002011,2025-02-17,P020,C020,Pune DC,39,79541.28
SO002012,2025-02-22,P020,C023,Bengaluru DC,37,75462.24
SO002013,2025-02-20,P020,C003,Pune DC,35,71383.2
SO002014,2025-02-25,P020,C003,Pune DC,31,63225.12
SO002015,2025-02-27,P020,C018,Pune DC,37,75462.24
SO002016,2025-03-02,P020,C029,Chennai DC,39,79541.28
SO002017,2025-03-09,P020,C032,Bengaluru DC,56,114213.12
SO002018,2025-03-08,P020,C020,Pune DC,48,97896.96
SO002019,2025-03-16,P020,C020,Pune DC,112,228426.24
SO002020,2025-03-22,P020,C037,Chennai DC,59,120331.68
SO002021,2025-03-20,P020,C018,Pune DC,54,110134.08
SO002022,2025-03-29,P020,C013,Chennai DC,106,216189.12
SO002023,2025-04-01,P020,C015,Bengaluru DC,57,116252.64
SO002024,2025-04-02,P020,C027,Chennai DC,61,124410.72
SO002025,2025-04-08,P020,C016,Pune DC,38,77501.76
SO002026,2025-04-12,P020,C033,Pune DC,32,65264.64
SO002027,2025-04-10,P020,C028,Bengaluru DC,49,99936.48
SO002028,2025-04-14,P020,C036,Pune DC,62,126450.24
SO002029,2025-04-17,P020,C002,Pune DC,61,124410.72
SO002030,2025-04-24,P020,C011,Chennai DC,34,69343.68
SO002031,2025-04-25,P020,C028,Bengaluru DC,39,79541.28
SO002032,2025-04-24,P020,C038,Chennai DC,52,106055.04
SO002033,2025-05-02,P020,C019,Chennai DC,43,87699.36
SO002034,2025-05-04,P020,C012,Bengaluru DC,41,83620.32
SO002035,2025-05-03,P020,C025,Pune DC,32,65264.64
SO002036,2025-05-09,P020,C017,Pune DC,62,126450.24
SO002037,2025-05-05,P020,C025,Pune DC,67,136647.84
SO002038,2025-05-17,P020,C014,Bengaluru DC,67,136647.84
SO002039,2025-05-18,P020,C032,Bengaluru DC,53,108094.56
SO002040,2025-05-23,P020,C007,Bengaluru DC,42,85659.84
SO002041,2025-05-24,P020,C035,Pune DC,34,69343.68
SO002042,2025-05-19,P020,C020,Pune DC,34,69343.68
SO002043,2025-06-01,P020,C036,Pune DC,113,230465.76
SO002044,2025-06-07,P020,C039,Chennai DC,118,240663.36
SO002045,2025-06-11,P020,C018,Pune DC,38,77501.76
SO002046,2025-06-10,P020,C015,Bengaluru DC,52,106055.04
SO002047,2025-06-14,P020,C001,Bengaluru DC,30,61185.6
SO002048,2025-06-16,P020,C031,Pune DC,39,79541.28
SO002049,2025-06-20,P020,C025,Pune DC,40,81580.8
SO002050,2025-06-21,P020,C014,Bengaluru DC,46,93817.92
SO002051,2025-06-28,P020,C033,Pune DC,34,69343.68
SO002052,2025-06-26,P020,C016,Pune DC,31,63225.12
SO002053,2025-06-29,P020,C022,Bengaluru DC,31,63225.12
SO002054,2025-07-06,P020,C009,Bengaluru DC,62,126450.24
SO002055,2025-07-03,P020,C036,Pune DC,55,112173.6
SO002056,2025-07-07,P020,C011,Chennai DC,95,193754.4
SO002057,2025-07-16,P020,C031,Pune DC,95,193754.4
SO002058,2025-07-25,P020,C010,Pune DC,79,161122.08
SO002059,2025-08-01,P020,C038,Chennai DC,30,61185.6
SO002060,2025-08-01,P020,C028,Bengaluru DC,32,65264.64
SO002061,2025-08-01,P020,C016,Pune DC,33,67304.16
SO002062,2025-08-08,P020,C014,Bengaluru DC,34,69343.68
SO002063,2025-08-05,P020,C040,Chennai DC,34,69343.68
SO002064,2025-08-07,P020,C008,Bengaluru DC,31,63225.12
SO002065,2025-08-14,P020,C015,Bengaluru DC,35,71383.2
SO002066,2025-08-14,P020,C028,Bengaluru DC,43,87699.36
SO002067,2025-08-22,P020,C008,Bengaluru DC,28,57106.56
SO002068,2025-08-23,P020,C008,Bengaluru DC,28,57106.56
SO002069,2025-08-22,P020,C018,Pune DC,28,57106.56
SO002070,2025-08-27,P020,C035,Pune DC,88,179477.76
SO002071,2025-09-04,P020,C038,Chennai DC,71,144805.92
SO002072,2025-09-10,P020,C025,Pune DC,72,146845.44
SO002073,2025-09-15,P020,C017,Pune DC,43,87699.36
SO002074,2025-09-15,P020,C030,Pune DC,45,91778.4
SO002075,2025-09-23,P020,C038,Chennai DC,29,59146.08
SO002076,2025-09-24,P020,C037,Chennai DC,22,44869.44
SO002077,2025-09-24,P020,C038,Chennai DC,20,40790.4
SO002078,2025-10-02,P020,C040,Chennai DC,32,65264.64
SO002079,2025-10-05,P020,C001,Bengaluru DC,40,81580.8
SO002080,2025-10-10,P020,C026,Chennai DC,62,126450.24
SO002081,2025-10-15,P020,C004,Pune DC,28,57106.56
SO002082,2025-10-16,P020,C021,Pune DC,38,77501.76
SO002083,2025-10-23,P020,C020,Pune DC,67,136647.84
SO002084,2025-11-01,P020,C033,Pune DC,29,59146.08
SO002085,2025-10-30,P020,C013,Chennai DC,21,42829.92
SO002086,2025-10-29,P020,C004,Pune DC,20,40790.4
SO002087,2025-11-05,P020,C027,Chennai DC,64,130529.28
SO002088,2025-11-16,P020,C032,Bengaluru DC,72,146845.44
SO002089,2025-11-17,P020,C006,Bengaluru DC,23,46908.96
SO002090,2025-11-17,P020,C025,Pune DC,19,38750.88
SO002091,2025-11-23,P020,C026,Chennai DC,32,65264.64
SO002092,2025-11-29,P020,C022,Bengaluru DC,39,79541.28
SO002093,2025-11-24,P020,C013,Chennai DC,31,63225.12
SO002094,2025-12-07,P020,C017,Pune DC,23,46908.96
SO002095,2025-12-02,P020,C003,Pune DC,23,46908.96
SO002096,2025-12-06,P020,C034,Pune DC,24,48948.48
SO002097,2025-12-12,P020,C007,Bengaluru DC,87,177438.24
SO002098,2025-12-19,P020,C018,Pune DC,85,173359.2
SO002099,2025-12-24,P020,C031,Pune DC,100,203952.0
SO002100,2026-01-01,P020,C009,Bengaluru DC,30,61185.6
SO002101,2026-01-01,P020,C003,Pune DC,34,69343.68
SO002102,2025-12-30,P020,C024,Pune DC,32,65264.64
SO002103,2025-01-11,P021,C020,Pune DC,27,3214.35
SO002104,2025-01-07,P021,C021,Pune DC,18,2142.9
SO002105,2025-01-18,P021,C016,Pune DC,44,5238.2
SO002106,2025-01-23,P021,C014,Bengaluru DC,12,1428.6
SO002107,2025-01-23,P021,C029,Chennai DC,13,1547.65
SO002108,2025-01-20,P021,C037,Chennai DC,14,1666.7
SO002109,2025-01-31,P021,C037,Chennai DC,11,1309.55
SO002110,2025-01-28,P021,C026,Chennai DC,15,1785.75
SO002111,2025-01-30,P021,C026,Chennai DC,13,1547.65
SO002112,2025-02-06,P021,C025,Pune DC,15,1785.75
SO002113,2025-02-06,P021,C016,Pune DC,15,1785.75
SO002114,2025-02-03,P021,C018,Pune DC,15,1785.75
SO002115,2025-02-11,P021,C039,Chennai DC,12,1428.6
SO002116,2025-02-11,P021,C009,Bengaluru DC,17,2023.85
SO002117,2025-02-12,P021,C006,Bengaluru DC,12,1428.6
SO002118,2025-02-23,P021,C003,Pune DC,20,2381.0
SO002119,2025-02-23,P021,C027,Chennai DC,17,2023.85
SO002120,2025-02-17,P021,C024,Pune DC,11,1309.55
SO002121,2025-02-24,P021,C008,Bengaluru DC,9,1071.45
SO002122,2025-03-02,P021,C028,Bengaluru DC,17,2023.85
SO002123,2025-03-02,P021,C027,Chennai DC,18,2142.9
SO002124,2025-03-04,P021,C024,Pune DC,12,1428.6
SO002125,2025-03-05,P021,C029,Chennai DC,19,2261.95
SO002126,2025-03-05,P021,C032,Bengaluru DC,10,1190.5
SO002127,2025-03-13,P021,C033,Pune DC,45,5357.25
SO002128,2025-03-19,P021,C030,Pune DC,57,6785.85
SO002129,2025-03-30,P021,C037,Chennai DC,13,1547.65
SO002130,2025-03-27,P021,C007,Bengaluru DC,22,2619.1
SO002131,2025-03-28,P021,C010,Pune DC,19,2261.95
SO002132,2025-04-02,P021,C029,Chennai DC,17,2023.85
SO002133,2025-04-04,P021,C019,Chennai DC,17,2023.85
SO002134,2025-04-03,P021,C001,Bengaluru DC,12,1428.6
SO002135,2025-04-10,P021,C038,Chennai DC,13,1547.65
SO002136,2025-04-11,P021,C008,Bengaluru DC,10,1190.5
SO002137,2025-04-07,P021,C037,Chennai DC,16,1904.8
SO002138,2025-04-16,P021,C014,Bengaluru DC,33,3928.65
SO002139,2025-04-20,P021,C031,Pune DC,22,2619.1
SO002140,2025-04-25,P021,C013,Chennai DC,20,2381.0
SO002141,2025-04-22,P021,C002,Pune DC,34,4047.7
SO002142,2025-05-03,P021,C020,Pune DC,23,2738.15
SO002143,2025-05-04,P021,C014,Bengaluru DC,19,2261.95
SO002144,2025-04-30,P021,C027,Chennai DC,15,1785.75
SO002145,2025-05-09,P021,C024,Pune DC,14,1666.7
SO002146,2025-05-05,P021,C036,Pune DC,23,2738.15
SO002147,2025-05-10,P021,C013,Chennai DC,10,1190.5
SO002148,2025-05-14,P021,C029,Chennai DC,42,5000.1
SO002149,2025-05-20,P021,C017,Pune DC,40,4762.0
SO002150,2025-05-26,P021,C008,Bengaluru DC,16,1904.8
SO002151,2025-05-27,P021,C039,Chennai DC,19,2261.95
SO002152,2025-06-07,P021,C025,Pune DC,28,3333.4
SO002153,2025-06-03,P021,C026,Chennai DC,20,2381.0
SO002154,2025-06-12,P021,C033,Pune DC,10,1190.5
SO002155,2025-06-12,P021,C014,Bengaluru DC,17,2023.85
SO002156,2025-06-13,P021,C019,Chennai DC,13,1547.65
SO002157,2025-06-20,P021,C021,Pune DC,48,5714.4
SO002158,2025-06-26,P021,C038,Chennai DC,16,1904.8
SO002159,2025-06-24,P021,C023,Bengaluru DC,26,3095.3
SO002160,2025-07-05,P021,C024,Pune DC,24,2857.2
SO002161,2025-07-04,P021,C015,Bengaluru DC,18,2142.9
SO002162,2025-07-12,P021,C015,Bengaluru DC,12,1428.6
SO002163,2025-07-08,P021,C007,Bengaluru DC,11,1309.55
SO002164,2025-07-11,P021,C022,Bengaluru DC,24,2857.2
SO002165,2025-07-17,P021,C002,Pune DC,52,6190.6
SO002166,2025-07-22,P021,C026,Chennai DC,17,2023.85
SO002167,2025-07-22,P021,C025,Pune DC,18,2142.9
SO002168,2025-08-03,P021,C026,Chennai DC,24,2857.2
SO002169,2025-07-31,P021,C003,Pune DC,23,2738.15
SO002170,2025-08-04,P021,C034,Pune DC,9,1071.45
SO002171,2025-08-10,P021,C013,Chennai DC,15,1785.75
SO002172,2025-08-06,P021,C036,Pune DC,14,1666.7
SO002173,2025-08-14,P021,C006,Bengaluru DC,35,4166.75
SO002174,2025-08-19,P021,C031,Pune DC,46,5476.3
SO002175,2025-08-29,P021,C001,Bengaluru DC,15,1785.75
SO002176,2025-08-29,P021,C024,Pune DC,22,2619.1
SO002177,2025-09-04,P021,C037,Chennai DC,10,1190.5
SO002178,2025-09-04,P021,C040,Chennai DC,12,1428.6
SO002179,2025-09-06,P021,C024,Pune DC,15,1785.75
SO002180,2025-09-11,P021,C034,Pune DC,27,3214.35
SO002181,2025-09-13,P021,C009,Bengaluru DC,10,1190.5
SO002182,2025-09-18,P021,C029,Chennai DC,14,1666.7
SO002183,2025-09-16,P021,C018,Pune DC,20,2381.0
SO002184,2025-09-26,P021,C033,Pune DC,35,4166.75
SO002185,2025-10-05,P021,C021,Pune DC,36,4285.8
SO002186,2025-10-08,P021,C039,Chennai DC,33,3928.65
SO002187,2025-10-15,P021,C024,Pune DC,47,5595.35
SO002188,2025-10-24,P021,C035,Pune DC,41,4881.05
SO002189,2025-10-28,P021,C022,Bengaluru DC,21,2500.05
SO002190,2025-11-02,P021,C008,Bengaluru DC,23,2738.15
SO002191,2025-11-07,P021,C018,Pune DC,20,2381.0
SO002192,2025-11-08,P021,C008,Bengaluru DC,21,2500.05
SO002193,2025-11-14,P021,C040,Chennai DC,15,1785.75
SO002194,2025-11-14,P021,C015,Bengaluru DC,19,2261.95
SO002195,2025-11-21,P021,C006,Bengaluru DC,43,5119.15
SO002196,2025-11-26,P021,C026,Chennai DC,37,4404.85
SO002197,2025-12-07,P021,C026,Chennai DC,9,1071.45
SO002198,2025-12-03,P021,C018,Pune DC,20,2381.0
SO002199,2025-12-05,P021,C022,Bengaluru DC,15,1785.75
SO002200,2025-12-14,P021,C002,Pune DC,46,5476.3
SO002201,2025-12-18,P021,C011,Chennai DC,16,1904.8
SO002202,2025-12-19,P021,C006,Bengaluru DC,11,1309.55
SO002203,2025-12-16,P021,C039,Chennai DC,10,1190.5
SO002204,2025-12-22,P021,C040,Chennai DC,29,3452.45
SO002205,2025-12-27,P021,C040,Chennai DC,24,2857.2
SO002206,2026-01-04,P021,C004,Pune DC,12,1428.6
SO002207,2025-12-30,P021,C018,Pune DC,16,1904.8
SO002208,2025-12-31,P021,C025,Pune DC,10,1190.5
SO002209,2025-01-09,P022,C018,Pune DC,318,1022436.78
SO002210,2025-01-15,P022,C030,Pune DC,158,508003.18
SO002211,2025-01-19,P022,C034,Pune DC,169,543370.49
SO002212,2025-01-23,P022,C028,Bengaluru DC,308,990284.68
SO002213,2025-02-02,P022,C039,Chennai DC,347,1115677.87
SO002214,2025-02-04,P022,C024,Pune DC,368,1183197.28
SO002215,2025-02-14,P022,C038,Chennai DC,114,366533.94
SO002216,2025-02-15,P022,C020,Pune DC,134,430838.14
SO002217,2025-02-12,P022,C036,Pune DC,126,405116.46
SO002218,2025-02-21,P022,C013,Chennai DC,138,443698.98
SO002219,2025-02-22,P022,C007,Bengaluru DC,116,372964.36
SO002220,2025-02-20,P022,C040,Chennai DC,141,453344.61
SO002221,2025-02-28,P022,C015,Bengaluru DC,415,1334312.15
SO002222,2025-03-09,P022,C012,Bengaluru DC,407,1308590.47
SO002223,2025-03-16,P022,C016,Pune DC,415,1334312.15
SO002224,2025-03-23,P022,C007,Bengaluru DC,444,1427553.24
SO002225,2025-03-28,P022,C003,Pune DC,449,1443629.29
SO002226,2025-04-04,P022,C034,Pune DC,224,720207.04
SO002227,2025-04-02,P022,C010,Pune DC,178,572307.38
SO002228,2025-04-11,P022,C036,Pune DC,165,530509.65
SO002229,2025-04-08,P022,C013,Chennai DC,134,430838.14
SO002230,2025-04-09,P022,C034,Pune DC,141,453344.61
SO002231,2025-04-16,P022,C013,Chennai DC,146,469420.66
SO002232,2025-04-16,P022,C009,Bengaluru DC,156,501572.76
SO002233,2025-04-18,P022,C017,Pune DC,157,504787.97
SO002234,2025-04-27,P022,C020,Pune DC,238,765219.98
SO002235,2025-04-25,P022,C012,Bengaluru DC,225,723422.25
SO002236,2025-05-04,P022,C008,Bengaluru DC,141,453344.61
SO002237,2025-04-28,P022,C040,Chennai DC,130,417977.3
SO002238,2025-04-29,P022,C033,Pune DC,132,424407.72
SO002239,2025-05-05,P022,C003,Pune DC,220,707346.2
SO002240,2025-05-07,P022,C008,Bengaluru DC,204,655902.84
SO002241,2025-05-13,P022,C005,Chennai DC,135,434053.35
SO002242,2025-05-17,P022,C016,Pune DC,165,530509.65
SO002243,2025-05-18,P022,C039,Chennai DC,145,466205.45
SO002244,2025-05-20,P022,C034,Pune DC,399,1282868.79
SO002245,2025-05-31,P022,C009,Bengaluru DC,426,1369679.46
SO002246,2025-06-08,P022,C017,Pune DC,208,668763.68
SO002247,2025-06-03,P022,C021,Pune DC,175,562661.75
SO002248,2025-06-12,P022,C026,Chennai DC,135,434053.35
SO002249,2025-06-12,P022,C025,Pune DC,122,392255.62
SO002250,2025-06-10,P022,C024,Pune DC,136,437268.56
SO002251,2025-06-21,P022,C030,Pune DC,123,395470.83
SO002252,2025-06-18,P022,C032,Bengaluru DC,131,421192.51
SO002253,2025-06-21,P022,C028,Bengaluru DC,150,482281.5
SO002254,2025-06-26,P022,C027,Chennai DC,162,520864.02
SO002255,2025-06-26,P022,C026,Chennai DC,202,649472.42
SO002256,2025-07-05,P022,C013,Chennai DC,353,1134969.13
SO002257,2025-07-10,P022,C039,Chennai DC,333,1070664.93
SO002258,2025-07-19,P022,C026,Chennai DC,136,437268.56
SO002259,2025-07-16,P022,C038,Chennai DC,113,363318.73
SO002260,2025-07-19,P022,C007,Bengaluru DC,108,347242.68
SO002261,2025-07-24,P022,C002,Pune DC,182,585168.22
SO002262,2025-07-24,P022,C016,Pune DC,146,469420.66
SO002263,2025-08-01,P022,C003,Pune DC,151,485496.71
SO002264,2025-07-28,P022,C031,Pune DC,159,511218.39
SO002265,2025-08-04,P022,C028,Bengaluru DC,111,356888.31
SO002266,2025-08-09,P022,C034,Pune DC,114,366533.94
SO002267,2025-08-07,P022,C030,Pune DC,90,289368.9
SO002268,2025-08-16,P022,C029,Chennai DC,97,311875.37
SO002269,2025-08-16,P022,C032,Bengaluru DC,90,289368.9
SO002270,2025-08-13,P022,C007,Bengaluru DC,84,270077.64
SO002271,2025-08-24,P022,C022,Bengaluru DC,256,823093.76
SO002272,2025-08-28,P022,C021,Pune DC,96,308660.16
SO002273,2025-08-26,P022,C020,Pune DC,95,305444.95
SO002274,2025-08-28,P022,C040,Chennai DC,106,340812.26
SO002275,2025-09-04,P022,C023,Bengaluru DC,273,877752.33
SO002276,2025-09-10,P022,C023,Bengaluru DC,128,411546.88
SO002277,2025-09-14,P022,C020,Pune DC,126,405116.46
SO002278,2025-09-17,P022,C025,Pune DC,146,469420.66
SO002279,2025-09-19,P022,C017,Pune DC,130,417977.3
SO002280,2025-09-23,P022,C002,Pune DC,94,302229.74
SO002281,2025-09-26,P022,C009,Bengaluru DC,85,273292.85
SO002282,2025-09-28,P022,C002,Pune DC,70,225064.7
SO002283,2025-10-05,P022,C033,Pune DC,136,437268.56
SO002284,2025-10-01,P022,C030,Pune DC,126,405116.46
SO002285,2025-10-12,P022,C024,Pune DC,95,305444.95
SO002286,2025-10-06,P022,C020,Pune DC,83,266862.43
SO002287,2025-10-06,P022,C003,Pune DC,74,237925.54
SO002288,2025-10-18,P022,C011,Chennai DC,218,700915.78
SO002289,2025-10-20,P022,C002,Pune DC,144,462990.24
SO002290,2025-10-20,P022,C019,Chennai DC,142,456559.82
SO002291,2025-10-30,P022,C010,Pune DC,285,916334.85
SO002292,2025-11-03,P022,C023,Bengaluru DC,140,450129.4
SO002293,2025-11-06,P022,C031,Pune DC,128,411546.88
SO002294,2025-11-15,P022,C026,Chennai DC,256,823093.76
SO002295,2025-11-22,P022,C026,Chennai DC,302,970993.42
SO002296,2025-11-25,P022,C036,Pune DC,151,485496.71
SO002297,2025-11-30,P022,C036,Pune DC,151,485496.71
SO002298,2025-12-01,P022,C014,Bengaluru DC,138,443698.98
SO002299,2025-12-06,P022,C035,Pune DC,165,530509.65
SO002300,2025-12-10,P022,C037,Chennai DC,167,536940.07
SO002301,2025-12-08,P022,C002,Pune DC,187,601244.27
SO002302,2025-12-20,P022,C007,Bengaluru DC,175,562661.75
SO002303,2025-12-20,P022,C018,Pune DC,175,562661.75
SO002304,2025-12-22,P022,C018,Pune DC,327,1051373.67
SO002305,2026-01-03,P022,C017,Pune DC,178,572307.38
SO002306,2025-12-31,P022,C034,Pune DC,155,498357.55
SO002307,2025-01-11,P023,C015,Bengaluru DC,47,25910.16
SO002308,2025-01-12,P023,C016,Pune DC,35,19294.8
SO002309,2025-01-07,P023,C038,Chennai DC,33,18192.24
SO002310,2025-01-18,P023,C019,Chennai DC,63,34730.64
SO002311,2025-01-13,P023,C022,Bengaluru DC,80,44102.4
SO002312,2025-01-20,P023,C033,Pune DC,45,24807.6
SO002313,2025-01-20,P023,C032,Bengaluru DC,44,24256.32
SO002314,2025-01-21,P023,C020,Pune DC,50,27564.0
SO002315,2025-01-27,P023,C018,Pune DC,62,34179.36
SO002316,2025-01-28,P023,C027,Chennai DC,87,47961.36
SO002317,2025-02-04,P023,C009,Bengaluru DC,49,27012.72
SO002318,2025-02-07,P023,C018,Pune DC,52,28666.56
SO002319,2025-02-08,P023,C027,Chennai DC,50,27564.0
SO002320,2025-02-10,P023,C019,Chennai DC,83,45756.24
SO002321,2025-02-10,P023,C028,Bengaluru DC,73,40243.44
SO002322,2025-02-19,P023,C021,Pune DC,65,35833.2
SO002323,2025-02-23,P023,C003,Pune DC,52,28666.56
SO002324,2025-02-17,P023,C003,Pune DC,55,30320.4
SO002325,2025-03-01,P023,C030,Pune DC,90,49615.2
SO002326,2025-02-25,P023,C027,Chennai DC,90,49615.2
SO002327,2025-03-03,P023,C002,Pune DC,99,54576.72
SO002328,2025-03-04,P023,C017,Pune DC,71,39140.88
SO002329,2025-03-10,P023,C026,Chennai DC,95,52371.6
SO002330,2025-03-15,P023,C015,Bengaluru DC,88,48512.64
SO002331,2025-03-17,P023,C025,Pune DC,164,90409.92
SO002332,2025-03-26,P023,C026,Chennai DC,81,44653.68
SO002333,2025-03-26,P023,C022,Bengaluru DC,83,45756.24
SO002334,2025-04-03,P023,C023,Bengaluru DC,168,92615.04
SO002335,2025-04-12,P023,C028,Bengaluru DC,180,99230.4
SO002336,2025-04-15,P023,C009,Bengaluru DC,60,33076.8
SO002337,2025-04-14,P023,C036,Pune DC,59,32525.52
SO002338,2025-04-18,P023,C024,Pune DC,56,30871.68
SO002339,2025-04-21,P023,C039,Chennai DC,61,33628.08
SO002340,2025-04-25,P023,C021,Pune DC,50,27564.0
SO002341,2025-04-26,P023,C028,Bengaluru DC,47,25910.16
SO002342,2025-05-01,P023,C040,Chennai DC,160,88204.8
SO002343,2025-05-10,P023,C036,Pune DC,89,49063.92
SO002344,2025-05-06,P023,C029,Chennai DC,89,49063.92
SO002345,2025-05-17,P023,C018,Pune DC,57,31422.96
SO002346,2025-05-13,P023,C034,Pune DC,59,32525.52
SO002347,2025-05-15,P023,C018,Pune DC,43,23705.04
SO002348,2025-05-24,P023,C022,Bengaluru DC,48,26461.44
SO002349,2025-05-22,P023,C040,Chennai DC,57,31422.96
SO002350,2025-05-25,P023,C009,Bengaluru DC,69,38038.32
SO002351,2025-05-26,P023,C030,Pune DC,146,80486.88
SO002352,2025-06-03,P023,C020,Pune DC,147,81038.16
SO002353,2025-06-13,P023,C022,Bengaluru DC,147,81038.16
SO002354,2025-06-19,P023,C015,Bengaluru DC,44,24256.32
SO002355,2025-06-18,P023,C033,Pune DC,48,26461.44
SO002356,2025-06-19,P023,C040,Chennai DC,51,28115.28
SO002357,2025-06-29,P023,C005,Chennai DC,79,43551.12
SO002358,2025-06-24,P023,C031,Pune DC,66,36384.48
SO002359,2025-07-02,P023,C026,Chennai DC,130,71666.4
SO002360,2025-07-07,P023,C009,Bengaluru DC,30,16538.4
SO002361,2025-07-08,P023,C014,Bengaluru DC,46,25358.88
SO002362,2025-07-11,P023,C037,Chennai DC,38,20948.64
SO002363,2025-07-18,P023,C008,Bengaluru DC,42,23153.76
SO002364,2025-07-19,P023,C026,Chennai DC,47,25910.16
SO002365,2025-07-18,P023,C036,Pune DC,36,19846.08
SO002366,2025-07-27,P023,C017,Pune DC,63,34730.64
SO002367,2025-07-26,P023,C040,Chennai DC,63,34730.64
SO002368,2025-08-03,P023,C006,Bengaluru DC,117,64499.76
SO002369,2025-08-06,P023,C023,Bengaluru DC,41,22602.48
SO002370,2025-08-05,P023,C001,Bengaluru DC,40,22051.2
SO002371,2025-08-08,P023,C005,Chennai DC,27,14884.56
SO002372,2025-08-15,P023,C018,Pune DC,37,20397.36
SO002373,2025-08-12,P023,C024,Pune DC,38,20948.64
SO002374,2025-08-16,P023,C035,Pune DC,35,19294.8
SO002375,2025-08-20,P023,C040,Chennai DC,28,15435.84
SO002376,2025-08-23,P023,C033,Pune DC,55,30320.4
SO002377,2025-08-31,P023,C034,Pune DC,90,49615.2
SO002378,2025-09-04,P023,C022,Bengaluru DC,75,41346.0
SO002379,2025-09-08,P023,C013,Chennai DC,52,28666.56
SO002380,2025-09-09,P023,C026,Chennai DC,38,20948.64
SO002381,2025-09-20,P023,C014,Bengaluru DC,42,23153.76
SO002382,2025-09-19,P023,C037,Chennai DC,39,21499.92
SO002383,2025-09-26,P023,C022,Bengaluru DC,94,51820.32
SO002384,2025-10-01,P023,C040,Chennai DC,90,49615.2
SO002385,2025-10-07,P023,C017,Pune DC,32,17640.96
SO002386,2025-10-09,P023,C003,Pune DC,46,25358.88
SO002387,2025-10-16,P023,C019,Chennai DC,27,14884.56
SO002388,2025-10-15,P023,C031,Pune DC,33,18192.24
SO002389,2025-10-17,P023,C018,Pune DC,25,13782.0
SO002390,2025-10-21,P023,C016,Pune DC,33,18192.24
SO002391,2025-10-26,P023,C039,Chennai DC,24,13230.72
SO002392,2025-10-23,P023,C019,Chennai DC,28,15435.84
SO002393,2025-10-27,P023,C008,Bengaluru DC,78,42999.84
SO002394,2025-11-03,P023,C023,Bengaluru DC,22,12128.16
SO002395,2025-11-03,P023,C003,Pune DC,33,18192.24
SO002396,2025-11-05,P023,C008,Bengaluru DC,26,14333.28
SO002397,2025-11-10,P023,C022,Bengaluru DC,108,59538.24
SO002398,2025-11-23,P023,C015,Bengaluru DC,117,64499.76
SO002399,2025-11-28,P023,C040,Chennai DC,43,23705.04
SO002400,2025-11-26,P023,C018,Pune DC,56,30871.68
SO002401,2025-12-06,P023,C002,Pune DC,36,19846.08
SO002402,2025-12-05,P023,C039,Chennai DC,38,20948.64
SO002403,2025-12-07,P023,C011,Chennai DC,21,11576.88
SO002404,2025-12-11,P023,C034,Pune DC,54,29769.12
SO002405,2025-12-13,P023,C020,Pune DC,62,34179.36
SO002406,2025-12-15,P023,C015,Bengaluru DC,65,35833.2
SO002407,2025-12-20,P023,C037,Chennai DC,63,34730.64
SO002408,2025-12-26,P023,C006,Bengaluru DC,35,19294.8
SO002409,2025-12-26,P023,C017,Pune DC,35,19294.8
SO002410,2025-12-23,P023,C016,Pune DC,35,19294.8
SO002411,2025-12-29,P023,C021,Pune DC,61,33628.08
SO002412,2025-12-31,P023,C003,Pune DC,38,20948.64
SO002413,2025-01-10,P024,C022,Bengaluru DC,76,252665.04
SO002414,2025-01-19,P024,C016,Pune DC,77,255989.58
SO002415,2025-01-24,P024,C026,Chennai DC,60,199472.4
SO002416,2025-01-30,P024,C023,Bengaluru DC,30,99736.2
SO002417,2025-01-31,P024,C017,Pune DC,40,132981.6
SO002418,2025-02-09,P024,C035,Pune DC,18,59841.72
SO002419,2025-02-09,P024,C017,Pune DC,14,46543.56
SO002420,2025-02-08,P024,C028,Bengaluru DC,23,76464.42
SO002421,2025-02-15,P024,C035,Pune DC,31,103060.74
SO002422,2025-02-10,P024,C017,Pune DC,21,69815.34
SO002423,2025-02-12,P024,C040,Chennai DC,16,53192.64
SO002424,2025-02-20,P024,C009,Bengaluru DC,30,99736.2
SO002425,2025-02-22,P024,C017,Pune DC,30,99736.2
SO002426,2025-02-23,P024,C032,Bengaluru DC,28,93087.12
SO002427,2025-02-24,P024,C039,Chennai DC,79,262638.66
SO002428,2025-03-03,P024,C012,Bengaluru DC,80,265963.2
SO002429,2025-03-10,P024,C009,Bengaluru DC,44,146279.76
SO002430,2025-03-13,P024,C013,Chennai DC,41,136306.14
SO002431,2025-03-21,P024,C029,Chennai DC,32,106385.28
SO002432,2025-03-17,P024,C009,Bengaluru DC,27,89762.58
SO002433,2025-03-19,P024,C018,Pune DC,36,119683.44
SO002434,2025-03-29,P024,C012,Bengaluru DC,22,73139.88
SO002435,2025-03-29,P024,C036,Pune DC,28,93087.12
SO002436,2025-03-29,P024,C003,Pune DC,28,93087.12
SO002437,2025-03-31,P024,C025,Pune DC,74,246015.96
SO002438,2025-04-12,P024,C010,Pune DC,85,282585.9
SO002439,2025-04-19,P024,C024,Pune DC,90,299208.6
SO002440,2025-04-22,P024,C018,Pune DC,81,269287.74
SO002441,2025-04-30,P024,C021,Pune DC,40,132981.6
SO002442,2025-05-02,P024,C003,Pune DC,28,93087.12
SO002443,2025-05-11,P024,C002,Pune DC,22,73139.88
SO002444,2025-05-11,P024,C030,Pune DC,20,66490.8
SO002445,2025-05-10,P024,C032,Bengaluru DC,26,86438.04
SO002446,2025-05-13,P024,C027,Chennai DC,38,126332.52
SO002447,2025-05-14,P024,C002,Pune DC,35,116358.9
SO002448,2025-05-24,P024,C030,Pune DC,88,292559.52
SO002449,2025-05-31,P024,C039,Chennai DC,32,106385.28
SO002450,2025-05-26,P024,C003,Pune DC,54,179525.16
SO002451,2025-06-04,P024,C006,Bengaluru DC,75,249340.5
SO002452,2025-06-11,P024,C020,Pune DC,42,139630.68
SO002453,2025-06-13,P024,C022,Bengaluru DC,32,106385.28
SO002454,2025-06-18,P024,C029,Chennai DC,72,239366.88
SO002455,2025-06-27,P024,C011,Chennai DC,22,73139.88
SO002456,2025-06-28,P024,C005,Chennai DC,34,113034.36
SO002457,2025-06-23,P024,C008,Bengaluru DC,25,83113.5
SO002458,2025-07-03,P024,C022,Bengaluru DC,48,159577.92
SO002459,2025-07-04,P024,C002,Pune DC,34,113034.36
SO002460,2025-07-07,P024,C038,Chennai DC,40,132981.6
SO002461,2025-07-10,P024,C031,Pune DC,36,119683.44
SO002462,2025-07-15,P024,C004,Pune DC,31,103060.74
SO002463,2025-07-16,P024,C023,Bengaluru DC,19,63166.26
SO002464,2025-07-15,P024,C029,Chennai DC,28,93087.12
SO002465,2025-07-27,P024,C023,Bengaluru DC,27,89762.58
SO002466,2025-07-21,P024,C012,Bengaluru DC,42,139630.68
SO002467,2025-08-02,P024,C036,Pune DC,19,63166.26
SO002468,2025-08-02,P024,C023,Bengaluru DC,21,69815.34
SO002469,2025-07-28,P024,C009,Bengaluru DC,27,89762.58
SO002470,2025-08-09,P024,C035,Pune DC,72,239366.88
SO002471,2025-08-11,P024,C002,Pune DC,15,49868.1
SO002472,2025-08-11,P024,C040,Chennai DC,18,59841.72
SO002473,2025-08-17,P024,C027,Chennai DC,25,83113.5
SO002474,2025-08-19,P024,C032,Bengaluru DC,64,212770.56
SO002475,2025-08-28,P024,C004,Pune DC,62,206121.48
SO002476,2025-09-04,P024,C032,Bengaluru DC,38,126332.52
SO002477,2025-09-02,P024,C007,Bengaluru DC,26,86438.04
SO002478,2025-09-14,P024,C015,Bengaluru DC,70,232717.8
SO002479,2025-09-19,P024,C005,Chennai DC,66,219419.64
SO002480,2025-09-27,P024,C016,Pune DC,26,86438.04
SO002481,2025-09-27,P024,C037,Chennai DC,32,106385.28
SO002482,2025-09-25,P024,C018,Pune DC,14,46543.56
SO002483,2025-10-01,P024,C012,Bengaluru DC,67,222744.18
SO002484,2025-10-09,P024,C024,Pune DC,62,206121.48
SO002485,2025-10-15,P024,C027,Chennai DC,29,96411.66
SO002486,2025-10-15,P024,C020,Pune DC,26,86438.04
SO002487,2025-10-19,P024,C028,Bengaluru DC,22,73139.88
SO002488,2025-10-24,P024,C008,Bengaluru DC,88,292559.52
SO002489,2025-10-27,P024,C008,Bengaluru DC,32,106385.28
SO002490,2025-10-31,P024,C007,Bengaluru DC,41,136306.14
SO002491,2025-11-03,P024,C021,Pune DC,26,86438.04
SO002492,2025-11-04,P024,C036,Pune DC,22,73139.88
SO002493,2025-11-04,P024,C030,Pune DC,20,66490.8
SO002494,2025-11-10,P024,C032,Bengaluru DC,22,73139.88
SO002495,2025-11-13,P024,C032,Bengaluru DC,32,106385.28
SO002496,2025-11-10,P024,C037,Chennai DC,21,69815.34
SO002497,2025-11-23,P024,C018,Pune DC,40,132981.6
SO002498,2025-11-19,P024,C021,Pune DC,35,116358.9
SO002499,2025-11-26,P024,C016,Pune DC,34,113034.36
SO002500,2025-11-24,P024,C007,Bengaluru DC,36,119683.44
SO002501,2025-12-04,P024,C039,Chennai DC,17,56517.18
SO002502,2025-12-01,P024,C032,Bengaluru DC,23,76464.42
SO002503,2025-12-03,P024,C037,Chennai DC,26,86438.04
SO002504,2025-12-10,P024,C024,Pune DC,74,246015.96
SO002505,2025-12-21,P024,C020,Pune DC,26,86438.04
SO002506,2025-12-17,P024,C004,Pune DC,31,103060.74
SO002507,2025-12-20,P024,C017,Pune DC,27,89762.58
SO002508,2025-12-23,P024,C028,Bengaluru DC,18,59841.72
SO002509,2025-12-25,P024,C031,Pune DC,23,76464.42
SO002510,2025-12-24,P024,C014,Bengaluru DC,25,83113.5
SO002511,2026-01-01,P024,C001,Bengaluru DC,27,89762.58
SO002512,2026-01-04,P024,C005,Chennai DC,30,99736.2
SO002513,2026-01-04,P024,C028,Bengaluru DC,22,73139.88
SO002514,2025-01-11,P025,C001,Bengaluru DC,12,26742.12
SO002515,2025-01-19,P025,C027,Chennai DC,5,11142.55
SO002516,2025-01-19,P025,C001,Bengaluru DC,6,13371.06
SO002517,2025-01-14,P025,C028,Bengaluru DC,9,20056.59
SO002518,2025-01-20,P025,C002,Pune DC,13,28970.63
SO002519,2025-01-27,P025,C028,Bengaluru DC,6,13371.06
SO002520,2025-01-28,P025,C024,Pune DC,6,13371.06
SO002521,2025-02-05,P025,C032,Bengaluru DC,2,4457.02
SO002522,2025-02-08,P025,C027,Chennai DC,6,13371.06
SO002523,2025-02-09,P025,C020,Pune DC,5,11142.55
SO002524,2025-02-10,P025,C025,Pune DC,1,2228.51
SO002525,2025-02-12,P025,C024,Pune DC,1,2228.51
SO002526,2025-02-10,P025,C004,Pune DC,2,4457.02
SO002527,2025-02-20,P025,C005,Chennai DC,5,11142.55
SO002528,2025-02-23,P025,C006,Bengaluru DC,2,4457.02
SO002529,2025-02-22,P025,C023,Bengaluru DC,2,4457.02
SO002530,2025-02-26,P025,C020,Pune DC,2,4457.02
SO002531,2025-02-24,P025,C003,Pune DC,3,6685.53
SO002532,2025-02-25,P025,C026,Chennai DC,5,11142.55
SO002533,2025-03-04,P025,C013,Chennai DC,2,4457.02
SO002534,2025-03-06,P025,C013,Chennai DC,5,11142.55
SO002535,2025-03-06,P025,C011,Chennai DC,4,8914.04
SO002536,2025-03-11,P025,C006,Bengaluru DC,16,35656.16
SO002537,2025-03-19,P025,C021,Pune DC,1,2228.51
SO002538,2025-03-17,P025,C008,Bengaluru DC,6,13371.06
SO002539,2025-03-17,P025,C028,Bengaluru DC,6,13371.06
SO002540,2025-03-30,P025,C016,Pune DC,7,15599.57
SO002541,2025-04-03,P025,C018,Pune DC,3,6685.53
SO002542,2025-04-05,P025,C032,Bengaluru DC,4,8914.04
SO002543,2025-04-02,P025,C001,Bengaluru DC,4,8914.04
SO002544,2025-04-12,P025,C024,Pune DC,4,8914.04
SO002545,2025-04-07,P025,C001,Bengaluru DC,6,13371.06
SO002546,2025-04-14,P025,C033,Pune DC,4,8914.04
SO002547,2025-04-18,P025,C029,Chennai DC,7,15599.57
SO002548,2025-04-15,P025,C037,Chennai DC,2,4457.02
SO002549,2025-04-27,P025,C035,Pune DC,3,6685.53
SO002550,2025-04-24,P025,C035,Pune DC,8,17828.08
SO002551,2025-04-21,P025,C024,Pune DC,3,6685.53
SO002552,2025-05-02,P025,C007,Bengaluru DC,2,4457.02
SO002553,2025-04-28,P025,C016,Pune DC,5,11142.55
SO002554,2025-05-01,P025,C028,Bengaluru DC,5,11142.55
SO002555,2025-05-06,P025,C001,Bengaluru DC,3,6685.53
SO002556,2025-05-06,P025,C017,Pune DC,3,6685.53
SO002557,2025-05-07,P025,C010,Pune DC,4,8914.04
SO002558,2025-05-18,P025,C003,Pune DC,5,11142.55
SO002559,2025-05-14,P025,C010,Pune DC,8,17828.08
SO002560,2025-05-24,P025,C005,Chennai DC,4,8914.04
SO002561,2025-05-25,P025,C006,Bengaluru DC,3,6685.53
SO002562,2025-05-28,P025,C036,Pune DC,6,13371.06
SO002563,2025-05-28,P025,C022,Bengaluru DC,1,2228.51
SO002564,2025-05-29,P025,C019,Chennai DC,1,2228.51
SO002565,2025-06-03,P025,C015,Bengaluru DC,10,22285.1
SO002566,2025-06-02,P025,C032,Bengaluru DC,10,22285.1
SO002567,2025-06-10,P025,C005,Chennai DC,12,26742.12
SO002568,2025-06-16,P025,C015,Bengaluru DC,2,4457.02
SO002569,2025-06-17,P025,C006,Bengaluru DC,2,4457.02
SO002570,2025-06-16,P025,C027,Chennai DC,1,2228.51
SO002571,2025-06-26,P025,C035,Pune DC,12,26742.12
SO002572,2025-07-02,P025,C013,Chennai DC,1,2228.51
SO002573,2025-07-03,P025,C028,Bengaluru DC,3,6685.53
SO002574,2025-07-11,P025,C022,Bengaluru DC,12,26742.12
SO002575,2025-07-20,P025,C013,Chennai DC,3,6685.53
SO002576,2025-07-15,P025,C025,Pune DC,8,17828.08
SO002577,2025-07-23,P025,C020,Pune DC,9,20056.59
SO002578,2025-07-24,P025,C037,Chennai DC,9,20056.59
SO002579,2025-08-03,P025,C016,Pune DC,8,17828.08
SO002580,2025-07-28,P025,C011,Chennai DC,5,11142.55
SO002581,2025-08-05,P025,C004,Pune DC,11,24513.61
SO002582,2025-08-13,P025,C037,Chennai DC,4,8914.04
SO002583,2025-08-17,P025,C028,Bengaluru DC,4,8914.04
SO002584,2025-08-16,P025,C002,Pune DC,3,6685.53
SO002585,2025-08-22,P025,C038,Chennai DC,6,13371.06
SO002586,2025-08-18,P025,C039,Chennai DC,4,8914.04
SO002587,2025-08-19,P025,C030,Pune DC,2,4457.02
SO002588,2025-08-26,P025,C020,Pune DC,4,8914.04
SO002589,2025-08-25,P025,C020,Pune DC,4,8914.04
SO002590,2025-09-02,P025,C005,Chennai DC,1,2228.51
SO002591,2025-09-03,P025,C035,Pune DC,3,6685.53
SO002592,2025-09-04,P025,C002,Pune DC,1,2228.51
SO002593,2025-09-08,P025,C001,Bengaluru DC,1,2228.51
SO002594,2025-09-13,P025,C028,Bengaluru DC,4,8914.04
SO002595,2025-09-10,P025,C040,Chennai DC,1,2228.51
SO002596,2025-09-21,P025,C029,Chennai DC,6,13371.06
SO002597,2025-09-16,P025,C002,Pune DC,5,11142.55
SO002598,2025-09-25,P025,C024,Pune DC,9,20056.59
SO002599,2025-10-03,P025,C032,Bengaluru DC,2,4457.02
SO002600,2025-10-04,P025,C013,Chennai DC,2,4457.02
SO002601,2025-10-07,P025,C002,Pune DC,3,6685.53
SO002602,2025-10-06,P025,C029,Chennai DC,7,15599.57
SO002603,2025-10-09,P025,C016,Pune DC,2,4457.02
SO002604,2025-10-19,P025,C016,Pune DC,11,24513.61
SO002605,2025-10-20,P025,C017,Pune DC,9,20056.59
SO002606,2025-10-27,P025,C008,Bengaluru DC,10,22285.1
SO002607,2025-11-04,P025,C038,Chennai DC,4,8914.04
SO002608,2025-11-16,P025,C040,Chennai DC,14,31199.14
SO002609,2025-11-19,P025,C031,Pune DC,6,13371.06
SO002610,2025-11-22,P025,C023,Bengaluru DC,3,6685.53
SO002611,2025-11-29,P025,C017,Pune DC,5,11142.55
SO002612,2025-11-24,P025,C031,Pune DC,3,6685.53
SO002613,2025-11-28,P025,C024,Pune DC,4,8914.04
SO002614,2025-12-03,P025,C012,Bengaluru DC,1,2228.51
SO002615,2025-12-07,P025,C022,Bengaluru DC,5,11142.55
SO002616,2025-12-01,P025,C012,Bengaluru DC,2,4457.02
SO002617,2025-12-08,P025,C033,Pune DC,21,46798.71
SO002618,2025-12-20,P025,C037,Chennai DC,10,22285.1
SO002619,2025-12-28,P025,C037,Chennai DC,7,15599.57
SO002620,2025-12-23,P025,C040,Chennai DC,4,8914.04
SO002621,2026-01-04,P025,C029,Chennai DC,16,35656.16
SO002622,2025-01-06,P026,C033,Pune DC,121,254914.33
SO002623,2025-01-06,P026,C040,Chennai DC,151,318116.23
SO002624,2025-01-13,P026,C021,Pune DC,141,297048.93
SO002625,2025-01-14,P026,C006,Bengaluru DC,129,271768.17
SO002626,2025-01-23,P026,C012,Bengaluru DC,107,225420.11
SO002627,2025-01-26,P026,C017,Pune DC,106,223313.38
SO002628,2025-01-25,P026,C031,Pune DC,86,181178.78
SO002629,2025-01-30,P026,C040,Chennai DC,134,282301.82
SO002630,2025-01-27,P026,C023,Bengaluru DC,158,332863.34
SO002631,2025-02-08,P026,C037,Chennai DC,146,307582.58
SO002632,2025-02-06,P026,C015,Bengaluru DC,136,286515.28
SO002633,2025-02-12,P026,C039,Chennai DC,329,693114.17
SO002634,2025-02-18,P026,C009,Bengaluru DC,354,745782.42
SO002635,2025-02-26,P026,C022,Bengaluru DC,157,330756.61
SO002636,2025-02-27,P026,C007,Bengaluru DC,168,353930.64
SO002637,2025-03-03,P026,C014,Bengaluru DC,350,737355.5
SO002638,2025-03-14,P026,C009,Bengaluru DC,147,309689.31
SO002639,2025-03-14,P026,C028,Bengaluru DC,113,238060.49
SO002640,2025-03-11,P026,C031,Pune DC,122,257021.06
SO002641,2025-03-19,P026,C032,Bengaluru DC,107,225420.11
SO002642,2025-03-20,P026,C022,Bengaluru DC,128,269661.44
SO002643,2025-03-20,P026,C034,Pune DC,126,265447.98
SO002644,2025-03-27,P026,C039,Chennai DC,112,235953.76
SO002645,2025-03-24,P026,C018,Pune DC,119,250700.87
SO002646,2025-03-24,P026,C016,Pune DC,128,269661.44
SO002647,2025-04-03,P026,C007,Bengaluru DC,178,374997.94
SO002648,2025-04-01,P026,C040,Chennai DC,197,415025.81
SO002649,2025-04-08,P026,C040,Chennai DC,167,351823.91
SO002650,2025-04-12,P026,C026,Chennai DC,176,370784.48
SO002651,2025-04-15,P026,C023,Bengaluru DC,109,229633.57
SO002652,2025-04-19,P026,C019,Chennai DC,127,267554.71
SO002653,2025-04-20,P026,C009,Bengaluru DC,122,257021.06
SO002654,2025-04-27,P026,C003,Pune DC,114,240167.22
SO002655,2025-04-21,P026,C038,Chennai DC,100,210673.0
SO002656,2025-04-24,P026,C035,Pune DC,91,191712.43
SO002657,2025-04-30,P026,C015,Bengaluru DC,115,242273.95
SO002658,2025-05-01,P026,C006,Bengaluru DC,129,271768.17
SO002659,2025-05-02,P026,C038,Chennai DC,137,288622.01
SO002660,2025-05-07,P026,C031,Pune DC,179,377104.67
SO002661,2025-05-09,P026,C030,Pune DC,162,341290.26
SO002662,2025-05-14,P026,C017,Pune DC,124,261234.52
SO002663,2025-05-15,P026,C036,Pune DC,128,269661.44
SO002664,2025-05-14,P026,C028,Bengaluru DC,124,261234.52
SO002665,2025-05-19,P026,C012,Bengaluru DC,345,726821.85
SO002666,2025-05-30,P026,C010,Pune DC,171,360250.83
SO002667,2025-05-27,P026,C005,Chennai DC,173,364464.29
SO002668,2025-06-08,P026,C033,Pune DC,346,728928.58
SO002669,2025-06-09,P026,C039,Chennai DC,160,337076.8
SO002670,2025-06-15,P026,C008,Bengaluru DC,163,343396.99
SO002671,2025-06-20,P026,C009,Bengaluru DC,161,339183.53
SO002672,2025-06-18,P026,C016,Pune DC,157,330756.61
SO002673,2025-06-24,P026,C009,Bengaluru DC,117,246487.41
SO002674,2025-06-24,P026,C035,Pune DC,97,204352.81
SO002675,2025-06-23,P026,C030,Pune DC,108,227526.84
SO002676,2025-07-05,P026,C010,Pune DC,298,627805.54
SO002677,2025-07-09,P026,C038,Chennai DC,295,621485.35
SO002678,2025-07-20,P026,C038,Chennai DC,86,181178.78
SO002679,2025-07-20,P026,C038,Chennai DC,92,193819.16
SO002680,2025-07-19,P026,C018,Pune DC,100,210673.0
SO002681,2025-07-27,P026,C032,Bengaluru DC,276,581457.48
SO002682,2025-08-01,P026,C037,Chennai DC,252,530895.96
SO002683,2025-08-06,P026,C038,Chennai DC,134,282301.82
SO002684,2025-08-10,P026,C012,Bengaluru DC,110,231740.3
SO002685,2025-08-12,P026,C025,Pune DC,234,492974.82
SO002686,2025-08-22,P026,C021,Pune DC,248,522469.04
SO002687,2025-08-31,P026,C007,Bengaluru DC,110,231740.3
SO002688,2025-08-30,P026,C021,Pune DC,114,240167.22
SO002689,2025-09-03,P026,C025,Pune DC,62,130617.26
SO002690,2025-09-05,P026,C017,Pune DC,69,145364.37
SO002691,2025-09-01,P026,C021,Pune DC,71,149577.83
SO002692,2025-09-13,P026,C031,Pune DC,80,168538.4
SO002693,2025-09-10,P026,C030,Pune DC,71,149577.83
SO002694,2025-09-12,P026,C035,Pune DC,59,124297.07
SO002695,2025-09-16,P026,C003,Pune DC,68,143257.64
SO002696,2025-09-19,P026,C033,Pune DC,72,151684.56
SO002697,2025-09-16,P026,C036,Pune DC,76,160111.48
SO002698,2025-09-26,P026,C020,Pune DC,94,198032.62
SO002699,2025-09-24,P026,C002,Pune DC,128,269661.44
SO002700,2025-10-02,P026,C010,Pune DC,197,415025.81
SO002701,2025-10-06,P026,C035,Pune DC,204,429772.92
SO002702,2025-10-14,P026,C037,Chennai DC,205,431879.65
SO002703,2025-10-21,P026,C040,Chennai DC,66,139044.18
SO002704,2025-10-20,P026,C004,Pune DC,74,155898.02
SO002705,2025-10-24,P026,C028,Bengaluru DC,68,143257.64
SO002706,2025-10-27,P026,C005,Chennai DC,84,176965.32
SO002707,2025-10-29,P026,C017,Pune DC,101,212779.73
SO002708,2025-11-04,P026,C032,Bengaluru DC,75,158004.75
SO002709,2025-11-09,P026,C014,Bengaluru DC,66,139044.18
SO002710,2025-11-04,P026,C007,Bengaluru DC,78,164324.94
SO002711,2025-11-15,P026,C035,Pune DC,111,233847.03
SO002712,2025-11-11,P026,C036,Pune DC,118,248594.14
SO002713,2025-11-17,P026,C025,Pune DC,117,246487.41
SO002714,2025-11-17,P026,C027,Chennai DC,117,246487.41
SO002715,2025-11-28,P026,C014,Bengaluru DC,234,492974.82
SO002716,2025-12-02,P026,C019,Chennai DC,78,164324.94
SO002717,2025-12-07,P026,C025,Pune DC,73,153791.29
SO002718,2025-12-01,P026,C014,Bengaluru DC,79,166431.67
SO002719,2025-12-14,P026,C014,Bengaluru DC,70,147471.1
SO002720,2025-12-10,P026,C026,Chennai DC,87,183285.51
SO002721,2025-12-08,P026,C016,Pune DC,79,166431.67
SO002722,2025-12-20,P026,C015,Bengaluru DC,146,307582.58
SO002723,2025-12-20,P026,C035,Pune DC,131,275981.63
SO002724,2025-12-26,P026,C040,Chennai DC,157,330756.61
SO002725,2025-12-22,P026,C032,Bengaluru DC,170,358144.1
SO002726,2025-12-31,P026,C010,Pune DC,139,292835.47
SO002727,2025-12-31,P026,C003,Pune DC,154,324436.42
SO002728,2025-01-07,P027,C020,Pune DC,29,95403.33
SO002729,2025-01-16,P027,C032,Bengaluru DC,6,19738.62
SO002730,2025-01-19,P027,C014,Bengaluru DC,5,16448.85
SO002731,2025-01-18,P027,C017,Pune DC,6,19738.62
SO002732,2025-01-25,P027,C012,Bengaluru DC,12,39477.24
SO002733,2025-01-22,P027,C020,Pune DC,14,46056.78
SO002734,2025-02-01,P027,C040,Chennai DC,28,92113.56
SO002735,2025-02-08,P027,C027,Chennai DC,7,23028.39
SO002736,2025-02-07,P027,C001,Bengaluru DC,9,29607.93
SO002737,2025-02-09,P027,C017,Pune DC,6,19738.62
SO002738,2025-02-11,P027,C006,Bengaluru DC,7,23028.39
SO002739,2025-02-15,P027,C016,Pune DC,14,46056.78
SO002740,2025-02-23,P027,C035,Pune DC,8,26318.16
SO002741,2025-02-18,P027,C001,Bengaluru DC,7,23028.39
SO002742,2025-02-20,P027,C017,Pune DC,6,19738.62
SO002743,2025-03-01,P027,C039,Chennai DC,7,23028.39
SO002744,2025-03-01,P027,C013,Chennai DC,12,39477.24
SO002745,2025-03-04,P027,C019,Chennai DC,11,36187.47
SO002746,2025-03-04,P027,C015,Bengaluru DC,11,36187.47
SO002747,2025-03-10,P027,C018,Pune DC,7,23028.39
SO002748,2025-03-15,P027,C005,Chennai DC,9,29607.93
SO002749,2025-03-14,P027,C011,Chennai DC,11,36187.47
SO002750,2025-03-23,P027,C027,Chennai DC,10,32897.7
SO002751,2025-03-23,P027,C014,Bengaluru DC,10,32897.7
SO002752,2025-03-24,P027,C016,Pune DC,12,39477.24
SO002753,2025-03-25,P027,C025,Pune DC,8,26318.16
SO002754,2025-03-28,P027,C033,Pune DC,4,13159.08
SO002755,2025-04-06,P027,C031,Pune DC,7,23028.39
SO002756,2025-04-04,P027,C028,Bengaluru DC,17,55926.09
SO002757,2025-04-12,P027,C033,Pune DC,22,72374.94
SO002758,2025-04-14,P027,C005,Chennai DC,3,9869.31
SO002759,2025-04-17,P027,C016,Pune DC,6,19738.62
SO002760,2025-04-15,P027,C035,Pune DC,9,29607.93
SO002761,2025-04-26,P027,C003,Pune DC,14,46056.78
SO002762,2025-04-21,P027,C025,Pune DC,13,42767.01
SO002763,2025-04-30,P027,C013,Chennai DC,17,55926.09
SO002764,2025-05-06,P027,C035,Pune DC,11,36187.47
SO002765,2025-05-10,P027,C039,Chennai DC,9,29607.93
SO002766,2025-05-18,P027,C005,Chennai DC,26,85534.02
SO002767,2025-05-24,P027,C015,Bengaluru DC,6,19738.62
SO002768,2025-05-24,P027,C030,Pune DC,6,19738.62
SO002769,2025-05-24,P027,C013,Chennai DC,9,29607.93
SO002770,2025-05-29,P027,C040,Chennai DC,7,23028.39
SO002771,2025-05-26,P027,C009,Bengaluru DC,11,36187.47
SO002772,2025-06-03,P027,C030,Pune DC,9,29607.93
SO002773,2025-06-03,P027,C020,Pune DC,5,16448.85
SO002774,2025-06-09,P027,C040,Chennai DC,12,39477.24
SO002775,2025-06-11,P027,C032,Bengaluru DC,7,23028.39
SO002776,2025-06-11,P027,C012,Bengaluru DC,12,39477.24
SO002777,2025-06-21,P027,C038,Chennai DC,26,85534.02
SO002778,2025-06-23,P027,C037,Chennai DC,20,65795.4
SO002779,2025-07-03,P027,C005,Chennai DC,9,29607.93
SO002780,2025-07-05,P027,C040,Chennai DC,6,19738.62
SO002781,2025-07-08,P027,C028,Bengaluru DC,6,19738.62
SO002782,2025-07-10,P027,C017,Pune DC,10,32897.7
SO002783,2025-07-17,P027,C009,Bengaluru DC,7,23028.39
SO002784,2025-07-16,P027,C030,Pune DC,10,32897.7
SO002785,2025-07-24,P027,C023,Bengaluru DC,6,19738.62
SO002786,2025-07-21,P027,C023,Bengaluru DC,4,13159.08
SO002787,2025-07-27,P027,C030,Pune DC,5,16448.85
SO002788,2025-08-03,P027,C003,Pune DC,9,29607.93
SO002789,2025-08-03,P027,C007,Bengaluru DC,10,32897.7
SO002790,2025-08-09,P027,C028,Bengaluru DC,4,13159.08
SO002791,2025-08-10,P027,C001,Bengaluru DC,4,13159.08
SO002792,2025-08-09,P027,C032,Bengaluru DC,2,6579.54
SO002793,2025-08-12,P027,C001,Bengaluru DC,13,42767.01
SO002794,2025-08-18,P027,C009,Bengaluru DC,3,9869.31
SO002795,2025-08-24,P027,C012,Bengaluru DC,5,16448.85
SO002796,2025-08-27,P027,C037,Chennai DC,9,29607.93
SO002797,2025-09-03,P027,C036,Pune DC,18,59215.86
SO002798,2025-09-08,P027,C010,Pune DC,5,16448.85
SO002799,2025-09-08,P027,C027,Chennai DC,13,42767.01
SO002800,2025-09-16,P027,C018,Pune DC,6,19738.62
SO002801,2025-09-18,P027,C006,Bengaluru DC,4,13159.08
SO002802,2025-09-27,P027,C034,Pune DC,10,32897.7
SO002803,2025-10-03,P027,C015,Bengaluru DC,13,42767.01
SO002804,2025-10-08,P027,C011,Chennai DC,17,55926.09
SO002805,2025-10-17,P027,C010,Pune DC,6,19738.62
SO002806,2025-10-16,P027,C006,Bengaluru DC,5,16448.85
SO002807,2025-10-18,P027,C023,Bengaluru DC,7,23028.39
SO002808,2025-10-23,P027,C032,Bengaluru DC,11,36187.47
SO002809,2025-10-28,P027,C023,Bengaluru DC,4,13159.08
SO002810,2025-10-31,P027,C025,Pune DC,6,19738.62
SO002811,2025-10-30,P027,C021,Pune DC,4,13159.08
SO002812,2025-11-03,P027,C025,Pune DC,6,19738.62
SO002813,2025-11-12,P027,C033,Pune DC,18,59215.86
SO002814,2025-11-18,P027,C039,Chennai DC,13,42767.01
SO002815,2025-11-29,P027,C023,Bengaluru DC,14,46056.78
SO002816,2025-11-28,P027,C012,Bengaluru DC,2,6579.54
SO002817,2025-12-06,P027,C013,Chennai DC,6,19738.62
SO002818,2025-12-05,P027,C011,Chennai DC,3,9869.31
SO002819,2025-12-13,P027,C007,Bengaluru DC,6,19738.62
SO002820,2025-12-10,P027,C029,Chennai DC,7,23028.39
SO002821,2025-12-16,P027,C003,Pune DC,5,16448.85
SO002822,2025-12-15,P027,C033,Pune DC,8,26318.16
SO002823,2025-12-25,P027,C030,Pune DC,16,52636.32
SO002824,2026-01-02,P027,C036,Pune DC,5,16448.85
SO002825,2026-01-04,P027,C009,Bengaluru DC,5,16448.85
SO002826,2026-01-01,P027,C026,Chennai DC,4,13159.08
SO002827,2025-01-06,P028,C011,Chennai DC,105,424813.2
SO002828,2025-01-13,P028,C036,Pune DC,57,230612.88
SO002829,2025-01-16,P028,C040,Chennai DC,50,202292.0
SO002830,2025-01-22,P028,C001,Bengaluru DC,89,360079.76
SO002831,2025-02-01,P028,C011,Chennai DC,25,101146.0
SO002832,2025-01-31,P028,C021,Pune DC,31,125421.04
SO002833,2025-01-30,P028,C011,Chennai DC,37,149696.08
SO002834,2025-02-03,P028,C019,Chennai DC,96,388400.64
SO002835,2025-02-11,P028,C011,Chennai DC,100,404584.0
SO002836,2025-02-22,P028,C040,Chennai DC,103,416721.52
SO002837,2025-02-24,P028,C024,Pune DC,50,202292.0
SO002838,2025-02-27,P028,C032,Bengaluru DC,56,226567.04
SO002839,2025-03-05,P028,C032,Bengaluru DC,116,469317.44
SO002840,2025-03-13,P028,C031,Pune DC,47,190154.48
SO002841,2025-03-13,P028,C004,Pune DC,52,210383.68
SO002842,2025-03-19,P028,C001,Bengaluru DC,34,137558.56
SO002843,2025-03-17,P028,C026,Chennai DC,31,125421.04
SO002844,2025-03-22,P028,C020,Pune DC,37,149696.08
SO002845,2025-03-27,P028,C004,Pune DC,38,153741.92
SO002846,2025-03-25,P028,C035,Pune DC,32,129466.88
SO002847,2025-03-26,P028,C004,Pune DC,32,129466.88
SO002848,2025-04-02,P028,C028,Bengaluru DC,68,275117.12
SO002849,2025-04-01,P028,C024,Pune DC,59,238704.56
SO002850,2025-04-07,P028,C037,Chennai DC,60,242750.4
SO002851,2025-04-09,P028,C031,Pune DC,48,194200.32
SO002852,2025-04-17,P028,C015,Bengaluru DC,58,234658.72
SO002853,2025-04-16,P028,C003,Pune DC,59,238704.56
SO002854,2025-04-27,P028,C038,Chennai DC,113,457179.92
SO002855,2025-05-02,P028,C008,Bengaluru DC,44,178016.96
SO002856,2025-04-28,P028,C011,Chennai DC,50,202292.0
SO002857,2025-05-11,P028,C029,Chennai DC,99,400538.16
SO002858,2025-05-17,P028,C037,Chennai DC,30,121375.2
SO002859,2025-05-12,P028,C027,Chennai DC,33,133512.72
SO002860,2025-05-12,P028,C033,Pune DC,34,137558.56
SO002861,2025-05-21,P028,C040,Chennai DC,41,165879.44
SO002862,2025-05-25,P028,C026,Chennai DC,32,129466.88
SO002863,2025-05-23,P028,C006,Bengaluru DC,40,161833.6
SO002864,2025-06-01,P028,C038,Chennai DC,50,202292.0
SO002865,2025-05-30,P028,C004,Pune DC,58,234658.72
SO002866,2025-06-06,P028,C019,Chennai DC,82,331758.88
SO002867,2025-06-15,P028,C028,Bengaluru DC,91,368171.44
SO002868,2025-06-22,P028,C022,Bengaluru DC,61,246796.24
SO002869,2025-06-20,P028,C032,Bengaluru DC,49,198246.16
SO002870,2025-06-27,P028,C040,Chennai DC,50,202292.0
SO002871,2025-06-28,P028,C037,Chennai DC,47,190154.48
SO002872,2025-07-04,P028,C022,Bengaluru DC,58,234658.72
SO002873,2025-07-01,P028,C009,Bengaluru DC,44,178016.96
SO002874,2025-07-09,P028,C030,Pune DC,32,129466.88
SO002875,2025-07-07,P028,C029,Chennai DC,49,198246.16
SO002876,2025-07-20,P028,C005,Chennai DC,41,165879.44
SO002877,2025-07-19,P028,C006,Bengaluru DC,53,214429.52
SO002878,2025-07-25,P028,C035,Pune DC,83,335804.72
SO002879,2025-08-01,P028,C017,Pune DC,21,84962.64
SO002880,2025-08-03,P028,C025,Pune DC,27,109237.68
SO002881,2025-08-01,P028,C017,Pune DC,29,117329.36
SO002882,2025-08-08,P028,C007,Bengaluru DC,34,137558.56
SO002883,2025-08-05,P028,C017,Pune DC,13,52595.92
SO002884,2025-08-04,P028,C029,Chennai DC,31,125421.04
SO002885,2025-08-12,P028,C019,Chennai DC,37,149696.08
SO002886,2025-08-12,P028,C026,Chennai DC,37,149696.08
SO002887,2025-08-24,P028,C029,Chennai DC,67,271071.28
SO002888,2025-08-26,P028,C033,Pune DC,70,283208.8
SO002889,2025-09-04,P028,C002,Pune DC,86,347942.24
SO002890,2025-09-13,P028,C001,Bengaluru DC,81,327713.04
SO002891,2025-09-16,P028,C029,Chennai DC,41,165879.44
SO002892,2025-09-21,P028,C028,Bengaluru DC,36,145650.24
SO002893,2025-09-23,P028,C018,Pune DC,25,101146.0
SO002894,2025-09-28,P028,C034,Pune DC,27,109237.68
SO002895,2025-09-26,P028,C008,Bengaluru DC,28,113283.52
SO002896,2025-10-01,P028,C010,Pune DC,29,117329.36
SO002897,2025-10-04,P028,C023,Bengaluru DC,27,109237.68
SO002898,2025-10-06,P028,C009,Bengaluru DC,72,291300.48
SO002899,2025-10-17,P028,C030,Pune DC,28,113283.52
SO002900,2025-10-16,P028,C028,Bengaluru DC,34,137558.56
SO002901,2025-10-22,P028,C039,Chennai DC,24,97100.16
SO002902,2025-10-26,P028,C012,Bengaluru DC,18,72825.12
SO002903,2025-10-22,P028,C005,Chennai DC,18,72825.12
SO002904,2025-10-30,P028,C029,Chennai DC,22,89008.48
SO002905,2025-11-02,P028,C015,Bengaluru DC,26,105191.84
SO002906,2025-10-27,P028,C022,Bengaluru DC,15,60687.6
SO002907,2025-11-07,P028,C011,Chennai DC,22,89008.48
SO002908,2025-11-07,P028,C007,Bengaluru DC,20,80916.8
SO002909,2025-11-07,P028,C001,Bengaluru DC,31,125421.04
SO002910,2025-11-10,P028,C018,Pune DC,43,173971.12
SO002911,2025-11-13,P028,C021,Pune DC,29,117329.36
SO002912,2025-11-18,P028,C033,Pune DC,68,275117.12
SO002913,2025-11-28,P028,C023,Bengaluru DC,24,97100.16
SO002914,2025-11-28,P028,C001,Bengaluru DC,23,93054.32
SO002915,2025-11-30,P028,C039,Chennai DC,17,68779.28
SO002916,2025-12-01,P028,C025,Pune DC,72,291300.48
SO002917,2025-12-14,P028,C020,Pune DC,30,121375.2
SO002918,2025-12-08,P028,C009,Bengaluru DC,20,80916.8
SO002919,2025-12-14,P028,C019,Chennai DC,33,133512.72
SO002920,2025-12-21,P028,C038,Chennai DC,46,186108.64
SO002921,2025-12-19,P028,C040,Chennai DC,40,161833.6
SO002922,2025-12-25,P028,C035,Pune DC,42,169925.28
SO002923,2025-12-24,P028,C009,Bengaluru DC,42,169925.28
SO002924,2026-01-03,P028,C022,Bengaluru DC,42,169925.28
SO002925,2026-01-01,P028,C008,Bengaluru DC,41,165879.44
SO002926,2025-01-10,P029,C016,Pune DC,24,25296.96
SO002927,2025-01-09,P029,C019,Chennai DC,30,31621.2
SO002928,2025-01-06,P029,C019,Chennai DC,29,30567.16
SO002929,2025-01-15,P029,C037,Chennai DC,84,88539.36
SO002930,2025-01-21,P029,C017,Pune DC,51,53756.04
SO002931,2025-01-24,P029,C029,Chennai DC,47,49539.88
SO002932,2025-02-01,P029,C014,Bengaluru DC,39,41107.56
SO002933,2025-02-01,P029,C021,Pune DC,28,29513.12
SO002934,2025-01-30,P029,C007,Bengaluru DC,35,36891.4
SO002935,2025-02-06,P029,C019,Chennai DC,98,103295.92
SO002936,2025-02-15,P029,C011,Chennai DC,55,57972.2
SO002937,2025-02-11,P029,C039,Chennai DC,51,53756.04
SO002938,2025-02-22,P029,C033,Pune DC,112,118052.48
SO002939,2025-02-26,P029,C016,Pune DC,50,52702.0
SO002940,2025-02-26,P029,C037,Chennai DC,55,57972.2
SO002941,2025-03-05,P029,C019,Chennai DC,115,121214.6
SO002942,2025-03-12,P029,C006,Bengaluru DC,54,56918.16
SO002943,2025-03-12,P029,C002,Pune DC,49,51647.96
SO002944,2025-03-23,P029,C001,Bengaluru DC,54,56918.16
SO002945,2025-03-22,P029,C026,Chennai DC,44,46377.76
SO002946,2025-03-24,P029,C027,Chennai DC,39,41107.56
SO002947,2025-03-30,P029,C006,Bengaluru DC,31,32675.24
SO002948,2025-03-25,P029,C028,Bengaluru DC,34,35837.36
SO002949,2025-04-02,P029,C017,Pune DC,98,103295.92
SO002950,2025-04-10,P029,C001,Bengaluru DC,47,49539.88
SO002951,2025-04-13,P029,C004,Pune DC,30,31621.2
SO002952,2025-04-13,P029,C010,Pune DC,41,43215.64
SO002953,2025-04-16,P029,C003,Pune DC,55,57972.2
SO002954,2025-04-19,P029,C019,Chennai DC,44,46377.76
SO002955,2025-04-25,P029,C005,Chennai DC,53,55864.12
SO002956,2025-04-26,P029,C040,Chennai DC,60,63242.4
SO002957,2025-04-29,P029,C016,Pune DC,118,124376.72
SO002958,2025-05-06,P029,C023,Bengaluru DC,55,57972.2
SO002959,2025-05-11,P029,C008,Bengaluru DC,43,45323.72
SO002960,2025-05-17,P029,C036,Pune DC,45,47431.8
SO002961,2025-05-15,P029,C024,Pune DC,62,65350.48
SO002962,2025-05-25,P029,C037,Chennai DC,36,37945.44
SO002963,2025-05-21,P029,C018,Pune DC,38,40053.52
SO002964,2025-05-25,P029,C010,Pune DC,44,46377.76
SO002965,2025-05-30,P029,C016,Pune DC,97,102241.88
SO002966,2025-06-02,P029,C003,Pune DC,107,112782.28
SO002967,2025-06-14,P029,C013,Chennai DC,52,54810.08
SO002968,2025-06-13,P029,C035,Pune DC,47,49539.88
SO002969,2025-06-17,P029,C012,Bengaluru DC,32,33729.28
SO002970,2025-06-22,P029,C036,Pune DC,53,55864.12
SO002971,2025-06-27,P029,C016,Pune DC,30,31621.2
SO002972,2025-06-23,P029,C012,Bengaluru DC,33,34783.32
SO002973,2025-06-24,P029,C027,Chennai DC,26,27405.04
SO002974,2025-07-06,P029,C020,Pune DC,94,99079.76
SO002975,2025-07-13,P029,C025,Pune DC,98,103295.92
SO002976,2025-07-15,P029,C033,Pune DC,72,75890.88
SO002977,2025-07-24,P029,C027,Chennai DC,91,95917.64
SO002978,2025-07-30,P029,C040,Chennai DC,87,91701.48
SO002979,2025-08-05,P029,C012,Bengaluru DC,28,29513.12
SO002980,2025-08-06,P029,C036,Pune DC,36,37945.44
SO002981,2025-08-06,P029,C018,Pune DC,31,32675.24
SO002982,2025-08-15,P029,C001,Bengaluru DC,41,43215.64
SO002983,2025-08-14,P029,C006,Bengaluru DC,38,40053.52
SO002984,2025-08-18,P029,C004,Pune DC,21,22134.84
SO002985,2025-08-23,P029,C004,Pune DC,27,28459.08
SO002986,2025-08-18,P029,C035,Pune DC,25,26351.0
SO002987,2025-08-27,P029,C005,Chennai DC,83,87485.32
SO002988,2025-09-05,P029,C003,Pune DC,38,40053.52
SO002989,2025-09-04,P029,C026,Chennai DC,37,38999.48
SO002990,2025-09-14,P029,C026,Chennai DC,80,84323.2
SO002991,2025-09-19,P029,C012,Bengaluru DC,38,40053.52
SO002992,2025-09-19,P029,C016,Pune DC,40,42161.6
SO002993,2025-09-24,P029,C006,Bengaluru DC,41,43215.64
SO002994,2025-09-23,P029,C034,Pune DC,37,38999.48
SO002995,2025-10-04,P029,C002,Pune DC,37,38999.48
SO002996,2025-10-05,P029,C029,Chennai DC,34,35837.36
SO002997,2025-10-06,P029,C008,Bengaluru DC,19,20026.76
SO002998,2025-10-08,P029,C027,Chennai DC,16,16864.64
SO002999,2025-10-06,P029,C026,Chennai DC,25,26351.0
SO003000,2025-10-13,P029,C035,Pune DC,41,43215.64
SO003001,2025-10-14,P029,C007,Bengaluru DC,33,34783.32
SO003002,2025-10-26,P029,C008,Bengaluru DC,26,27405.04
SO003003,2025-10-21,P029,C002,Pune DC,26,27405.04
SO003004,2025-10-26,P029,C012,Bengaluru DC,14,14756.56
SO003005,2025-11-01,P029,C020,Pune DC,63,66404.52
SO003006,2025-11-08,P029,C003,Pune DC,70,73782.8
SO003007,2025-11-12,P029,C008,Bengaluru DC,64,67458.56
SO003008,2025-11-20,P029,C009,Bengaluru DC,28,29513.12
SO003009,2025-11-21,P029,C038,Chennai DC,21,22134.84
SO003010,2025-11-17,P029,C009,Bengaluru DC,24,25296.96
SO003011,2025-11-24,P029,C023,Bengaluru DC,19,20026.76
SO003012,2025-11-27,P029,C002,Pune DC,28,29513.12
SO003013,2025-11-25,P029,C038,Chennai DC,28,29513.12
SO003014,2025-12-02,P029,C004,Pune DC,21,22134.84
SO003015,2025-12-05,P029,C002,Pune DC,33,34783.32
SO003016,2025-12-07,P029,C015,Bengaluru DC,33,34783.32
SO003017,2025-12-09,P029,C017,Pune DC,76,80107.04
SO003018,2025-12-19,P029,C037,Chennai DC,45,47431.8
SO003019,2025-12-21,P029,C006,Bengaluru DC,31,32675.24
SO003020,2025-12-27,P029,C002,Pune DC,41,43215.64
SO003021,2025-12-27,P029,C020,Pune DC,43,45323.72
SO003022,2025-12-31,P029,C033,Pune DC,33,34783.32
SO003023,2026-01-01,P029,C039,Chennai DC,38,40053.52
SO003024,2026-01-01,P029,C024,Pune DC,30,31621.2
SO003025,2025-01-09,P030,C002,Pune DC,22,74255.94
SO003026,2025-01-08,P030,C029,Chennai DC,24,81006.48
SO003027,2025-01-16,P030,C026,Chennai DC,40,135010.8
SO003028,2025-01-25,P030,C036,Pune DC,21,70880.67
SO003029,2025-01-24,P030,C008,Bengaluru DC,23,77631.21
SO003030,2025-01-30,P030,C008,Bengaluru DC,15,50629.05
SO003031,2025-01-31,P030,C039,Chennai DC,19,64130.13
SO003032,2025-01-27,P030,C016,Pune DC,19,64130.13
SO003033,2025-02-07,P030,C012,Bengaluru DC,52,175514.04
SO003034,2025-02-16,P030,C016,Pune DC,15,50629.05
SO003035,2025-02-16,P030,C028,Bengaluru DC,11,37127.97
SO003036,2025-02-12,P030,C032,Bengaluru DC,14,47253.78
SO003037,2025-02-22,P030,C001,Bengaluru DC,22,74255.94
SO003038,2025-02-21,P030,C019,Chennai DC,19,64130.13
SO003039,2025-02-21,P030,C032,Bengaluru DC,17,57379.59
SO003040,2025-02-26,P030,C014,Bengaluru DC,25,84381.75
SO003041,2025-03-01,P030,C015,Bengaluru DC,27,91132.29
SO003042,2025-03-06,P030,C004,Pune DC,46,155262.42
SO003043,2025-03-12,P030,C004,Pune DC,53,178889.31
SO003044,2025-03-22,P030,C039,Chennai DC,26,87757.02
SO003045,2025-03-19,P030,C011,Chennai DC,21,70880.67
SO003046,2025-03-26,P030,C007,Bengaluru DC,21,70880.67
SO003047,2025-03-29,P030,C013,Chennai DC,27,91132.29
SO003048,2025-04-05,P030,C004,Pune DC,24,81006.48
SO003049,2025-04-02,P030,C004,Pune DC,9,30377.43
SO003050,2025-04-01,P030,C037,Chennai DC,17,57379.59
SO003051,2025-04-11,P030,C007,Bengaluru DC,56,189015.12
SO003052,2025-04-14,P030,C006,Bengaluru DC,60,202516.2
SO003053,2025-04-24,P030,C013,Chennai DC,23,77631.21
SO003054,2025-04-26,P030,C019,Chennai DC,16,54004.32
SO003055,2025-04-23,P030,C034,Pune DC,17,57379.59
SO003056,2025-04-29,P030,C002,Pune DC,23,77631.21
SO003057,2025-05-03,P030,C017,Pune DC,20,67505.4
SO003058,2025-04-28,P030,C003,Pune DC,20,67505.4
SO003059,2025-05-08,P030,C017,Pune DC,16,54004.32
SO003060,2025-05-07,P030,C028,Bengaluru DC,25,84381.75
SO003061,2025-05-07,P030,C030,Pune DC,23,77631.21
SO003062,2025-05-15,P030,C035,Pune DC,33,111383.91
SO003063,2025-05-15,P030,C019,Chennai DC,26,87757.02
SO003064,2025-05-19,P030,C022,Bengaluru DC,16,54004.32
SO003065,2025-05-23,P030,C008,Bengaluru DC,18,60754.86
SO003066,2025-05-24,P030,C005,Chennai DC,21,70880.67
SO003067,2025-06-01,P030,C017,Pune DC,28,94507.56
SO003068,2025-05-27,P030,C032,Bengaluru DC,21,70880.67
SO003069,2025-05-28,P030,C003,Pune DC,21,70880.67
SO003070,2025-06-07,P030,C040,Chennai DC,17,57379.59
SO003071,2025-06-03,P030,C033,Pune DC,16,54004.32
SO003072,2025-06-07,P030,C031,Pune DC,18,60754.86
SO003073,2025-06-14,P030,C008,Bengaluru DC,22,74255.94
SO003074,2025-06-15,P030,C032,Bengaluru DC,23,77631.21
SO003075,2025-06-12,P030,C030,Pune DC,20,67505.4
SO003076,2025-06-18,P030,C019,Chennai DC,18,60754.86
SO003077,2025-06-20,P030,C040,Chennai DC,23,77631.21
SO003078,2025-06-18,P030,C010,Pune DC,18,60754.86
SO003079,2025-06-29,P030,C015,Bengaluru DC,58,195765.66
SO003080,2025-07-04,P030,C004,Pune DC,17,57379.59
SO003081,2025-07-01,P030,C031,Pune DC,14,47253.78
SO003082,2025-07-02,P030,C040,Chennai DC,14,47253.78
SO003083,2025-07-10,P030,C016,Pune DC,53,178889.31
SO003084,2025-07-19,P030,C035,Pune DC,62,209266.74
SO003085,2025-07-26,P030,C033,Pune DC,24,81006.48
SO003086,2025-07-27,P030,C029,Chennai DC,35,118134.45
SO003087,2025-08-03,P030,C039,Chennai DC,14,47253.78
SO003088,2025-07-29,P030,C031,Pune DC,14,47253.78
SO003089,2025-08-02,P030,C031,Pune DC,20,67505.4
SO003090,2025-08-09,P030,C028,Bengaluru DC,34,114759.18
SO003091,2025-08-04,P030,C015,Bengaluru DC,16,54004.32
SO003092,2025-08-13,P030,C002,Pune DC,46,155262.42
SO003093,2025-08-23,P030,C036,Pune DC,50,168763.5
SO003094,2025-08-28,P030,C036,Pune DC,29,97882.83
SO003095,2025-08-31,P030,C037,Chennai DC,36,121509.72
SO003096,2025-09-03,P030,C036,Pune DC,24,81006.48
SO003097,2025-09-03,P030,C035,Pune DC,27,91132.29
SO003098,2025-09-10,P030,C018,Pune DC,13,43878.51
SO003099,2025-09-11,P030,C003,Pune DC,12,40503.24
SO003100,2025-09-14,P030,C019,Chennai DC,16,54004.32
SO003101,2025-09-18,P030,C012,Bengaluru DC,52,175514.04
SO003102,2025-09-28,P030,C020,Pune DC,49,165388.23
SO003103,2025-10-03,P030,C004,Pune DC,16,54004.32
SO003104,2025-10-03,P030,C008,Bengaluru DC,25,84381.75
SO003105,2025-10-03,P030,C016,Pune DC,13,43878.51
SO003106,2025-10-09,P030,C003,Pune DC,53,178889.31
SO003107,2025-10-17,P030,C001,Bengaluru DC,40,135010.8
SO003108,2025-10-26,P030,C039,Chennai DC,53,178889.31
SO003109,2025-10-30,P030,C025,Pune DC,13,43878.51
SO003110,2025-10-31,P030,C005,Chennai DC,20,67505.4
SO003111,2025-10-29,P030,C021,Pune DC,21,70880.67
SO003112,2025-11-03,P030,C038,Chennai DC,22,74255.94
SO003113,2025-11-09,P030,C015,Bengaluru DC,20,67505.4
SO003114,2025-11-11,P030,C018,Pune DC,58,195765.66
SO003115,2025-11-19,P030,C010,Pune DC,61,205891.47
SO003116,2025-11-28,P030,C027,Chennai DC,28,94507.56
SO003117,2025-11-27,P030,C010,Pune DC,29,97882.83
SO003118,2025-12-03,P030,C013,Chennai DC,57,192390.39
SO003119,2025-12-09,P030,C027,Chennai DC,23,77631.21
SO003120,2025-12-14,P030,C025,Pune DC,26,87757.02
SO003121,2025-12-08,P030,C003,Pune DC,19,64130.13
SO003122,2025-12-17,P030,C018,Pune DC,39,131635.53
SO003123,2025-12-20,P030,C015,Bengaluru DC,31,104633.37
SO003124,2025-12-24,P030,C007,Bengaluru DC,50,168763.5
SO003125,2025-12-29,P030,C021,Pune DC,20,67505.4
SO003126,2025-12-29,P030,C010,Pune DC,20,67505.4
SO003127,2026-01-01,P030,C023,Bengaluru DC,23,77631.21
SO003128,2025-01-07,P031,C006,Bengaluru DC,126,350365.68
SO003129,2025-01-12,P031,C038,Chennai DC,130,361488.4
SO003130,2025-01-17,P031,C009,Bengaluru DC,302,839765.36
SO003131,2025-01-23,P031,C003,Pune DC,320,889817.6
SO003132,2025-01-28,P031,C006,Bengaluru DC,319,887036.92
SO003133,2025-02-06,P031,C038,Chennai DC,111,308655.48
SO003134,2025-02-08,P031,C013,Chennai DC,101,280848.68
SO003135,2025-02-06,P031,C014,Bengaluru DC,99,275287.32
SO003136,2025-02-13,P031,C009,Bengaluru DC,148,411540.64
SO003137,2025-02-13,P031,C019,Chennai DC,178,494961.04
SO003138,2025-02-17,P031,C025,Pune DC,169,469934.92
SO003139,2025-02-17,P031,C007,Bengaluru DC,177,492180.36
SO003140,2025-02-25,P031,C031,Pune DC,118,328120.24
SO003141,2025-03-01,P031,C010,Pune DC,126,350365.68
SO003142,2025-02-26,P031,C029,Chennai DC,119,330900.92
SO003143,2025-03-05,P031,C001,Bengaluru DC,345,959334.6
SO003144,2025-03-11,P031,C009,Bengaluru DC,114,316997.52
SO003145,2025-03-10,P031,C011,Chennai DC,118,328120.24
SO003146,2025-03-15,P031,C030,Pune DC,136,378172.48
SO003147,2025-03-22,P031,C035,Pune DC,371,1031632.28
SO003148,2025-03-25,P031,C002,Pune DC,121,336462.28
SO003149,2025-03-25,P031,C011,Chennai DC,128,355927.04
SO003150,2025-03-29,P031,C016,Pune DC,112,311436.16
SO003151,2025-04-02,P031,C005,Chennai DC,178,494961.04
SO003152,2025-04-01,P031,C017,Pune DC,190,528329.2
SO003153,2025-04-10,P031,C032,Bengaluru DC,391,1087245.88
SO003154,2025-04-18,P031,C001,Bengaluru DC,103,286410.04
SO003155,2025-04-16,P031,C016,Pune DC,127,353146.36
SO003156,2025-04-15,P031,C015,Bengaluru DC,126,350365.68
SO003157,2025-04-27,P031,C016,Pune DC,372,1034412.96
SO003158,2025-04-30,P031,C034,Pune DC,387,1076123.16
SO003159,2025-05-08,P031,C038,Chennai DC,201,558916.68
SO003160,2025-05-10,P031,C005,Chennai DC,178,494961.04
SO003161,2025-05-16,P031,C032,Bengaluru DC,104,289190.72
SO003162,2025-05-16,P031,C007,Bengaluru DC,131,364269.08
SO003163,2025-05-14,P031,C029,Chennai DC,136,378172.48
SO003164,2025-05-24,P031,C032,Bengaluru DC,196,545013.28
SO003165,2025-05-20,P031,C011,Chennai DC,188,522767.84
SO003166,2025-05-29,P031,C028,Bengaluru DC,180,500522.4
SO003167,2025-05-28,P031,C005,Chennai DC,185,514425.8
SO003168,2025-06-03,P031,C009,Bengaluru DC,366,1017728.88
SO003169,2025-06-09,P031,C034,Pune DC,198,550574.64
SO003170,2025-06-10,P031,C017,Pune DC,168,467154.24
SO003171,2025-06-21,P031,C022,Bengaluru DC,335,931527.8
SO003172,2025-06-24,P031,C020,Pune DC,315,875914.2
SO003173,2025-06-30,P031,C030,Pune DC,133,369830.44
SO003174,2025-07-04,P031,C010,Pune DC,129,358707.72
SO003175,2025-07-04,P031,C030,Pune DC,111,308655.48
SO003176,2025-07-07,P031,C031,Pune DC,322,895378.96
SO003177,2025-07-19,P031,C013,Chennai DC,159,442128.12
SO003178,2025-07-19,P031,C004,Pune DC,153,425444.04
SO003179,2025-07-24,P031,C015,Bengaluru DC,333,925966.44
SO003180,2025-07-30,P031,C025,Pune DC,117,325339.56
SO003181,2025-08-03,P031,C025,Pune DC,99,275287.32
SO003182,2025-08-01,P031,C039,Chennai DC,104,289190.72
SO003183,2025-08-04,P031,C029,Chennai DC,96,266945.28
SO003184,2025-08-08,P031,C013,Chennai DC,103,286410.04
SO003185,2025-08-04,P031,C016,Pune DC,89,247480.52
SO003186,2025-08-11,P031,C001,Bengaluru DC,116,322558.88
SO003187,2025-08-16,P031,C008,Bengaluru DC,83,230796.44
SO003188,2025-08-17,P031,C018,Pune DC,96,266945.28
SO003189,2025-08-18,P031,C022,Bengaluru DC,280,778590.4
SO003190,2025-08-25,P031,C030,Pune DC,91,253041.88
SO003191,2025-08-28,P031,C039,Chennai DC,97,269725.96
SO003192,2025-08-28,P031,C011,Chennai DC,111,308655.48
SO003193,2025-09-01,P031,C005,Chennai DC,131,364269.08
SO003194,2025-09-05,P031,C003,Pune DC,142,394856.56
SO003195,2025-09-11,P031,C038,Chennai DC,107,297532.76
SO003196,2025-09-13,P031,C030,Pune DC,135,375391.8
SO003197,2025-09-16,P031,C030,Pune DC,283,786932.44
SO003198,2025-09-27,P031,C009,Bengaluru DC,91,253041.88
SO003199,2025-09-27,P031,C018,Pune DC,98,272506.64
SO003200,2025-09-22,P031,C010,Pune DC,102,283629.36
SO003201,2025-10-02,P031,C006,Bengaluru DC,145,403198.6
SO003202,2025-10-04,P031,C025,Pune DC,142,394856.56
SO003203,2025-10-11,P031,C037,Chennai DC,255,709073.4
SO003204,2025-10-15,P031,C036,Pune DC,90,250261.2
SO003205,2025-10-17,P031,C024,Pune DC,85,236357.8
SO003206,2025-10-17,P031,C036,Pune DC,85,236357.8
SO003207,2025-10-21,P031,C004,Pune DC,88,244699.84
SO003208,2025-10-23,P031,C027,Chennai DC,92,255822.56
SO003209,2025-10-26,P031,C014,Bengaluru DC,111,308655.48
SO003210,2025-10-31,P031,C016,Pune DC,257,714634.76
SO003211,2025-11-07,P031,C014,Bengaluru DC,82,228015.76
SO003212,2025-11-03,P031,C024,Pune DC,86,239138.48
SO003213,2025-11-05,P031,C022,Bengaluru DC,85,236357.8
SO003214,2025-11-16,P031,C013,Chennai DC,313,870352.84
SO003215,2025-11-20,P031,C010,Pune DC,306,850888.08
SO003216,2025-11-28,P031,C020,Pune DC,288,800835.84
SO003217,2025-12-07,P031,C025,Pune DC,291,809177.88
SO003218,2025-12-14,P031,C001,Bengaluru DC,170,472715.6
SO003219,2025-12-12,P031,C017,Pune DC,151,419882.68
SO003220,2025-12-17,P031,C015,Bengaluru DC,331,920405.08
SO003221,2025-12-25,P031,C038,Chennai DC,108,300313.44
SO003222,2025-12-24,P031,C020,Pune DC,107,297532.76
SO003223,2025-12-23,P031,C030,Pune DC,118,328120.24
SO003224,2026-01-02,P031,C016,Pune DC,309,859230.12
SO003225,2025-01-07,P032,C028,Bengaluru DC,22,5257.12
SO003226,2025-01-11,P032,C006,Bengaluru DC,9,2150.64
SO003227,2025-01-15,P032,C011,Chennai DC,15,3584.4
SO003228,2025-01-14,P032,C014,Bengaluru DC,11,2628.56
SO003229,2025-01-20,P032,C025,Pune DC,24,5735.04
SO003230,2025-01-27,P032,C040,Chennai DC,7,1672.72
SO003231,2025-01-27,P032,C015,Bengaluru DC,8,1911.68
SO003232,2025-02-02,P032,C020,Pune DC,9,2150.64
SO003233,2025-02-08,P032,C006,Bengaluru DC,8,1911.68
SO003234,2025-02-06,P032,C028,Bengaluru DC,7,1672.72
SO003235,2025-02-04,P032,C039,Chennai DC,5,1194.8
SO003236,2025-02-16,P032,C034,Pune DC,30,7168.8
SO003237,2025-02-17,P032,C035,Pune DC,14,3345.44
SO003238,2025-02-22,P032,C019,Chennai DC,10,2389.6
SO003239,2025-02-22,P032,C030,Pune DC,5,1194.8
SO003240,2025-02-26,P032,C014,Bengaluru DC,26,6212.96
SO003241,2025-03-04,P032,C034,Pune DC,12,2867.52
SO003242,2025-03-06,P032,C010,Pune DC,9,2150.64
SO003243,2025-03-05,P032,C025,Pune DC,13,3106.48
SO003244,2025-03-13,P032,C038,Chennai DC,13,3106.48
SO003245,2025-03-10,P032,C034,Pune DC,19,4540.24
SO003246,2025-03-23,P032,C040,Chennai DC,35,8363.6
SO003247,2025-03-30,P032,C039,Chennai DC,26,6212.96
SO003248,2025-04-06,P032,C008,Bengaluru DC,34,8124.64
SO003249,2025-04-09,P032,C035,Pune DC,24,5735.04
SO003250,2025-04-13,P032,C032,Bengaluru DC,24,5735.04
SO003251,2025-04-16,P032,C033,Pune DC,10,2389.6
SO003252,2025-04-17,P032,C001,Bengaluru DC,13,3106.48
SO003253,2025-04-19,P032,C025,Pune DC,14,3345.44
SO003254,2025-04-21,P032,C034,Pune DC,32,7646.72
SO003255,2025-04-28,P032,C004,Pune DC,36,8602.56
SO003256,2025-05-10,P032,C023,Bengaluru DC,42,10036.32
SO003257,2025-05-13,P032,C002,Pune DC,11,2628.56
SO003258,2025-05-14,P032,C039,Chennai DC,10,2389.6
SO003259,2025-05-14,P032,C029,Chennai DC,10,2389.6
SO003260,2025-05-23,P032,C021,Pune DC,23,5496.08
SO003261,2025-05-21,P032,C032,Bengaluru DC,20,4779.2
SO003262,2025-05-26,P032,C024,Pune DC,8,1911.68
SO003263,2025-05-28,P032,C036,Pune DC,7,1672.72
SO003264,2025-06-01,P032,C030,Pune DC,10,2389.6
SO003265,2025-06-03,P032,C034,Pune DC,16,3823.36
SO003266,2025-06-02,P032,C032,Bengaluru DC,22,5257.12
SO003267,2025-06-12,P032,C031,Pune DC,15,3584.4
SO003268,2025-06-12,P032,C029,Chennai DC,20,4779.2
SO003269,2025-06-22,P032,C008,Bengaluru DC,13,3106.48
SO003270,2025-06-19,P032,C015,Bengaluru DC,14,3345.44
SO003271,2025-06-29,P032,C026,Chennai DC,9,2150.64
SO003272,2025-06-26,P032,C013,Chennai DC,7,1672.72
SO003273,2025-06-29,P032,C021,Pune DC,10,2389.6
SO003274,2025-07-05,P032,C033,Pune DC,10,2389.6
SO003275,2025-07-06,P032,C008,Bengaluru DC,7,1672.72
SO003276,2025-07-07,P032,C014,Bengaluru DC,26,6212.96
SO003277,2025-07-19,P032,C012,Bengaluru DC,24,5735.04
SO003278,2025-07-21,P032,C002,Pune DC,11,2628.56
SO003279,2025-07-27,P032,C009,Bengaluru DC,11,2628.56
SO003280,2025-07-22,P032,C009,Bengaluru DC,8,1911.68
SO003281,2025-07-31,P032,C029,Chennai DC,22,5257.12
SO003282,2025-08-07,P032,C006,Bengaluru DC,9,2150.64
SO003283,2025-08-10,P032,C011,Chennai DC,8,1911.68
SO003284,2025-08-08,P032,C012,Bengaluru DC,13,3106.48
SO003285,2025-08-14,P032,C025,Pune DC,6,1433.76
SO003286,2025-08-12,P032,C026,Chennai DC,6,1433.76
SO003287,2025-08-15,P032,C038,Chennai DC,7,1672.72
SO003288,2025-08-24,P032,C038,Chennai DC,12,2867.52
SO003289,2025-08-20,P032,C014,Bengaluru DC,10,2389.6
SO003290,2025-08-25,P032,C018,Pune DC,4,955.84
SO003291,2025-08-31,P032,C015,Bengaluru DC,10,2389.6
SO003292,2025-08-30,P032,C010,Pune DC,6,1433.76
SO003293,2025-09-02,P032,C011,Chennai DC,9,2150.64
SO003294,2025-09-04,P032,C001,Bengaluru DC,7,1672.72
SO003295,2025-09-04,P032,C038,Chennai DC,8,1911.68
SO003296,2025-09-11,P032,C003,Pune DC,20,4779.2
SO003297,2025-09-15,P032,C032,Bengaluru DC,9,2150.64
SO003298,2025-09-15,P032,C036,Pune DC,15,3584.4
SO003299,2025-09-27,P032,C028,Bengaluru DC,8,1911.68
SO003300,2025-09-24,P032,C015,Bengaluru DC,16,3823.36
SO003301,2025-10-04,P032,C018,Pune DC,19,4540.24
SO003302,2025-10-10,P032,C015,Bengaluru DC,11,2628.56
SO003303,2025-10-12,P032,C009,Bengaluru DC,6,1433.76
SO003304,2025-10-11,P032,C035,Pune DC,5,1194.8
SO003305,2025-10-18,P032,C019,Chennai DC,5,1194.8
SO003306,2025-10-17,P032,C040,Chennai DC,7,1672.72
SO003307,2025-10-14,P032,C026,Chennai DC,5,1194.8
SO003308,2025-10-26,P032,C029,Chennai DC,6,1433.76
SO003309,2025-10-22,P032,C023,Bengaluru DC,8,1911.68
SO003310,2025-10-24,P032,C031,Pune DC,3,716.88
SO003311,2025-11-01,P032,C019,Chennai DC,8,1911.68
SO003312,2025-11-01,P032,C020,Pune DC,3,716.88
SO003313,2025-10-31,P032,C040,Chennai DC,7,1672.72
SO003314,2025-11-06,P032,C006,Bengaluru DC,14,3345.44
SO003315,2025-11-15,P032,C022,Bengaluru DC,8,1911.68
SO003316,2025-11-11,P032,C006,Bengaluru DC,10,2389.6
SO003317,2025-11-13,P032,C015,Bengaluru DC,10,2389.6
SO003318,2025-11-22,P032,C034,Pune DC,7,1672.72
SO003319,2025-11-22,P032,C023,Bengaluru DC,9,2150.64
SO003320,2025-11-27,P032,C016,Pune DC,5,1194.8
SO003321,2025-11-25,P032,C009,Bengaluru DC,7,1672.72
SO003322,2025-11-30,P032,C024,Pune DC,10,2389.6
SO003323,2025-12-05,P032,C004,Pune DC,9,2150.64
SO003324,2025-12-01,P032,C032,Bengaluru DC,8,1911.68
SO003325,2025-12-01,P032,C008,Bengaluru DC,6,1433.76
SO003326,2025-12-09,P032,C002,Pune DC,8,1911.68
SO003327,2025-12-12,P032,C026,Chennai DC,5,1194.8
SO003328,2025-12-14,P032,C033,Pune DC,9,2150.64
SO003329,2025-12-21,P032,C039,Chennai DC,20,4779.2
SO003330,2025-12-18,P032,C005,Chennai DC,12,2867.52
SO003331,2025-12-22,P032,C032,Bengaluru DC,21,5018.16
SO003332,2025-12-31,P032,C025,Pune DC,17,4062.32
SO003333,2025-12-30,P032,C010,Pune DC,15,3584.4
SO003334,2025-01-08,P033,C033,Pune DC,10,14691.3
SO003335,2025-01-06,P033,C012,Bengaluru DC,14,20567.82
SO003336,2025-01-14,P033,C001,Bengaluru DC,11,16160.43
SO003337,2025-01-17,P033,C006,Bengaluru DC,14,20567.82
SO003338,2025-01-18,P033,C025,Pune DC,7,10283.91
SO003339,2025-01-23,P033,C011,Chennai DC,13,19098.69
SO003340,2025-01-26,P033,C025,Pune DC,16,23506.08
SO003341,2025-01-27,P033,C021,Pune DC,36,52888.68
SO003342,2025-02-06,P033,C038,Chennai DC,12,17629.56
SO003343,2025-02-09,P033,C002,Pune DC,11,16160.43
SO003344,2025-02-13,P033,C034,Pune DC,10,14691.3
SO003345,2025-02-10,P033,C026,Chennai DC,9,13222.17
SO003346,2025-02-16,P033,C004,Pune DC,10,14691.3
SO003347,2025-02-20,P033,C025,Pune DC,17,24975.21
SO003348,2025-02-19,P033,C023,Bengaluru DC,16,23506.08
SO003349,2025-02-27,P033,C003,Pune DC,39,57296.07
SO003350,2025-03-08,P033,C015,Bengaluru DC,11,16160.43
SO003351,2025-03-03,P033,C025,Pune DC,15,22036.95
SO003352,2025-03-03,P033,C017,Pune DC,12,17629.56
SO003353,2025-03-13,P033,C036,Pune DC,22,32320.86
SO003354,2025-03-10,P033,C010,Pune DC,18,26444.34
SO003355,2025-03-21,P033,C005,Chennai DC,9,13222.17
SO003356,2025-03-17,P033,C004,Pune DC,9,13222.17
SO003357,2025-03-23,P033,C007,Bengaluru DC,11,16160.43
SO003358,2025-03-30,P033,C025,Pune DC,38,55826.94
SO003359,2025-04-04,P033,C004,Pune DC,11,16160.43
SO003360,2025-04-05,P033,C039,Chennai DC,16,23506.08
SO003361,2025-04-02,P033,C004,Pune DC,10,14691.3
SO003362,2025-04-11,P033,C011,Chennai DC,10,14691.3
SO003363,2025-04-08,P033,C014,Bengaluru DC,6,8814.78
SO003364,2025-04-12,P033,C035,Pune DC,8,11753.04
SO003365,2025-04-17,P033,C001,Bengaluru DC,15,22036.95
SO003366,2025-04-16,P033,C005,Chennai DC,15,22036.95
SO003367,2025-04-16,P033,C031,Pune DC,14,20567.82
SO003368,2025-04-27,P033,C024,Pune DC,31,45543.03
SO003369,2025-05-04,P033,C002,Pune DC,34,49950.42
SO003370,2025-05-07,P033,C034,Pune DC,14,20567.82
SO003371,2025-05-09,P033,C021,Pune DC,21,30851.73
SO003372,2025-05-16,P033,C027,Chennai DC,13,19098.69
SO003373,2025-05-15,P033,C016,Pune DC,7,10283.91
SO003374,2025-05-17,P033,C012,Bengaluru DC,9,13222.17
SO003375,2025-05-21,P033,C012,Bengaluru DC,12,17629.56
SO003376,2025-05-24,P033,C004,Pune DC,11,16160.43
SO003377,2025-05-22,P033,C021,Pune DC,13,19098.69
SO003378,2025-05-26,P033,C009,Bengaluru DC,37,54357.81
SO003379,2025-06-03,P033,C036,Pune DC,10,14691.3
SO003380,2025-06-02,P033,C021,Pune DC,15,22036.95
SO003381,2025-06-04,P033,C029,Chennai DC,8,11753.04
SO003382,2025-06-15,P033,C036,Pune DC,15,22036.95
SO003383,2025-06-14,P033,C020,Pune DC,15,22036.95
SO003384,2025-06-20,P033,C002,Pune DC,21,30851.73
SO003385,2025-06-20,P033,C013,Chennai DC,16,23506.08
SO003386,2025-06-28,P033,C005,Chennai DC,7,10283.91
SO003387,2025-06-23,P033,C011,Chennai DC,23,33789.99
SO003388,2025-07-01,P033,C029,Chennai DC,26,38197.38
SO003389,2025-07-08,P033,C014,Bengaluru DC,14,20567.82
SO003390,2025-07-13,P033,C025,Pune DC,12,17629.56
SO003391,2025-07-19,P033,C031,Pune DC,9,13222.17
SO003392,2025-07-19,P033,C031,Pune DC,10,14691.3
SO003393,2025-07-17,P033,C008,Bengaluru DC,7,10283.91
SO003394,2025-07-23,P033,C022,Bengaluru DC,26,38197.38
SO003395,2025-07-29,P033,C018,Pune DC,8,11753.04
SO003396,2025-07-29,P033,C014,Bengaluru DC,12,17629.56
SO003397,2025-07-28,P033,C035,Pune DC,8,11753.04
SO003398,2025-08-05,P033,C029,Chennai DC,20,29382.6
SO003399,2025-08-07,P033,C037,Chennai DC,14,20567.82
SO003400,2025-08-16,P033,C009,Bengaluru DC,41,60234.33
SO003401,2025-08-18,P033,C009,Bengaluru DC,11,16160.43
SO003402,2025-08-24,P033,C037,Chennai DC,15,22036.95
SO003403,2025-08-25,P033,C001,Bengaluru DC,9,13222.17
SO003404,2025-08-30,P033,C027,Chennai DC,19,27913.47
SO003405,2025-09-05,P033,C009,Bengaluru DC,14,20567.82
SO003406,2025-09-01,P033,C001,Bengaluru DC,5,7345.65
SO003407,2025-09-07,P033,C028,Bengaluru DC,8,11753.04
SO003408,2025-09-11,P033,C012,Bengaluru DC,8,11753.04
SO003409,2025-09-13,P033,C011,Chennai DC,14,20567.82
SO003410,2025-09-19,P033,C002,Pune DC,7,10283.91
SO003411,2025-09-16,P033,C002,Pune DC,2,2938.26
SO003412,2025-09-18,P033,C002,Pune DC,6,8814.78
SO003413,2025-09-26,P033,C018,Pune DC,23,33789.99
SO003414,2025-09-29,P033,C023,Bengaluru DC,10,14691.3
SO003415,2025-10-03,P033,C019,Chennai DC,9,13222.17
SO003416,2025-10-02,P033,C039,Chennai DC,10,14691.3
SO003417,2025-10-09,P033,C027,Chennai DC,3,4407.39
SO003418,2025-10-10,P033,C018,Pune DC,13,19098.69
SO003419,2025-10-12,P033,C009,Bengaluru DC,8,11753.04
SO003420,2025-10-18,P033,C008,Bengaluru DC,17,24975.21
SO003421,2025-10-21,P033,C018,Pune DC,9,13222.17
SO003422,2025-10-25,P033,C030,Pune DC,10,14691.3
SO003423,2025-10-26,P033,C018,Pune DC,11,16160.43
SO003424,2025-10-27,P033,C018,Pune DC,22,32320.86
SO003425,2025-11-08,P033,C030,Pune DC,13,19098.69
SO003426,2025-11-07,P033,C027,Chennai DC,16,23506.08
SO003427,2025-11-12,P033,C008,Bengaluru DC,5,7345.65
SO003428,2025-11-14,P033,C017,Pune DC,8,11753.04
SO003429,2025-11-13,P033,C001,Bengaluru DC,8,11753.04
SO003430,2025-11-21,P033,C033,Pune DC,14,20567.82
SO003431,2025-11-22,P033,C008,Bengaluru DC,8,11753.04
SO003432,2025-11-26,P033,C018,Pune DC,30,44073.9
SO003433,2025-12-03,P033,C001,Bengaluru DC,5,7345.65
SO003434,2025-12-03,P033,C031,Pune DC,11,16160.43
SO003435,2025-12-14,P033,C026,Chennai DC,15,22036.95
SO003436,2025-12-09,P033,C037,Chennai DC,14,20567.82
SO003437,2025-12-18,P033,C026,Chennai DC,37,54357.81
SO003438,2025-12-27,P033,C027,Chennai DC,7,10283.91
SO003439,2025-12-27,P033,C028,Bengaluru DC,8,11753.04
SO003440,2025-12-26,P033,C009,Bengaluru DC,7,10283.91
SO003441,2026-01-04,P033,C016,Pune DC,16,23506.08
SO003442,2026-01-03,P033,C036,Pune DC,17,24975.21
SO003443,2025-01-12,P034,C035,Pune DC,51,44168.55
SO003444,2025-01-08,P034,C015,Bengaluru DC,48,41570.4
SO003445,2025-01-11,P034,C035,Pune DC,41,35508.05
SO003446,2025-01-17,P034,C033,Pune DC,52,45034.6
SO003447,2025-01-18,P034,C025,Pune DC,51,44168.55
SO003448,2025-01-14,P034,C031,Pune DC,41,35508.05
SO003449,2025-01-21,P034,C008,Bengaluru DC,129,111720.45
SO003450,2025-02-01,P034,C021,Pune DC,59,51096.95
SO003451,2025-01-29,P034,C016,Pune DC,53,45900.65
SO003452,2025-02-01,P034,C006,Bengaluru DC,39,33775.95
SO003453,2025-02-08,P034,C030,Pune DC,89,77078.45
SO003454,2025-02-04,P034,C010,Pune DC,88,76212.4
SO003455,2025-02-15,P034,C037,Chennai DC,51,44168.55
SO003456,2025-02-11,P034,C006,Bengaluru DC,60,51963.0
SO003457,2025-02-14,P034,C006,Bengaluru DC,38,32909.9
SO003458,2025-02-22,P034,C035,Pune DC,53,45900.65
SO003459,2025-02-22,P034,C033,Pune DC,57,49364.85
SO003460,2025-02-19,P034,C001,Bengaluru DC,62,53695.1
SO003461,2025-02-24,P034,C019,Chennai DC,62,53695.1
SO003462,2025-03-02,P034,C004,Pune DC,50,43302.5
SO003463,2025-02-26,P034,C016,Pune DC,63,54561.15
SO003464,2025-03-06,P034,C015,Bengaluru DC,46,39838.3
SO003465,2025-03-07,P034,C017,Pune DC,47,40704.35
SO003466,2025-03-07,P034,C001,Bengaluru DC,64,55427.2
SO003467,2025-03-15,P034,C032,Bengaluru DC,47,40704.35
SO003468,2025-03-13,P034,C030,Pune DC,57,49364.85
SO003469,2025-03-15,P034,C039,Chennai DC,56,48498.8
SO003470,2025-03-23,P034,C022,Bengaluru DC,55,47632.75
SO003471,2025-03-21,P034,C034,Pune DC,55,47632.75
SO003472,2025-03-19,P034,C024,Pune DC,59,51096.95
SO003473,2025-03-30,P034,C017,Pune DC,102,88337.1
SO003474,2025-03-24,P034,C029,Chennai DC,77,66685.85
SO003475,2025-03-31,P034,C039,Chennai DC,56,48498.8
SO003476,2025-03-31,P034,C029,Chennai DC,48,41570.4
SO003477,2025-04-03,P034,C004,Pune DC,60,51963.0
SO003478,2025-04-07,P034,C017,Pune DC,154,133371.7
SO003479,2025-04-14,P034,C039,Chennai DC,50,43302.5
SO003480,2025-04-15,P034,C001,Bengaluru DC,52,45034.6
SO003481,2025-04-16,P034,C011,Chennai DC,50,43302.5
SO003482,2025-04-23,P034,C010,Pune DC,170,147228.5
SO003483,2025-04-30,P034,C008,Bengaluru DC,50,43302.5
SO003484,2025-04-29,P034,C037,Chennai DC,60,51963.0
SO003485,2025-05-04,P034,C016,Pune DC,58,50230.9
SO003486,2025-05-10,P034,C034,Pune DC,159,137701.95
SO003487,2025-05-13,P034,C030,Pune DC,72,62355.6
SO003488,2025-05-18,P034,C002,Pune DC,80,69284.0
SO003489,2025-05-19,P034,C035,Pune DC,47,40704.35
SO003490,2025-05-21,P034,C031,Pune DC,56,48498.8
SO003491,2025-05-25,P034,C015,Bengaluru DC,46,39838.3
SO003492,2025-05-26,P034,C025,Pune DC,87,75346.35
SO003493,2025-05-30,P034,C020,Pune DC,74,64087.7
SO003494,2025-06-07,P034,C007,Bengaluru DC,47,40704.35
SO003495,2025-06-06,P034,C023,Bengaluru DC,50,43302.5
SO003496,2025-06-08,P034,C023,Bengaluru DC,50,43302.5
SO003497,2025-06-14,P034,C019,Chennai DC,143,123845.15
SO003498,2025-06-20,P034,C023,Bengaluru DC,50,43302.5
SO003499,2025-06-19,P034,C040,Chennai DC,44,38106.2
SO003500,2025-06-17,P034,C032,Bengaluru DC,46,39838.3
SO003501,2025-06-29,P034,C029,Chennai DC,45,38972.25
SO003502,2025-06-29,P034,C015,Bengaluru DC,54,46766.7
SO003503,2025-06-29,P034,C032,Bengaluru DC,47,40704.35
SO003504,2025-07-02,P034,C019,Chennai DC,39,33775.95
SO003505,2025-07-05,P034,C033,Pune DC,51,44168.55
SO003506,2025-07-05,P034,C033,Pune DC,55,47632.75
SO003507,2025-07-10,P034,C018,Pune DC,124,107390.2
SO003508,2025-07-17,P034,C003,Pune DC,63,54561.15
SO003509,2025-07-20,P034,C021,Pune DC,63,54561.15
SO003510,2025-07-23,P034,C026,Chennai DC,46,39838.3
SO003511,2025-07-25,P034,C010,Pune DC,43,37240.15
SO003512,2025-07-21,P034,C039,Chennai DC,52,45034.6
SO003513,2025-08-02,P034,C012,Bengaluru DC,128,110854.4
SO003514,2025-08-05,P034,C023,Bengaluru DC,50,43302.5
SO003515,2025-08-08,P034,C038,Chennai DC,56,48498.8
SO003516,2025-08-17,P034,C040,Chennai DC,66,57159.3
SO003517,2025-08-12,P034,C019,Chennai DC,54,46766.7
SO003518,2025-08-23,P034,C021,Pune DC,37,32043.85
SO003519,2025-08-23,P034,C001,Bengaluru DC,53,45900.65
SO003520,2025-08-23,P034,C027,Chennai DC,42,36374.1
SO003521,2025-08-31,P034,C022,Bengaluru DC,78,67551.9
SO003522,2025-08-29,P034,C020,Pune DC,55,47632.75
SO003523,2025-09-06,P034,C023,Bengaluru DC,37,32043.85
SO003524,2025-09-05,P034,C023,Bengaluru DC,41,35508.05
SO003525,2025-09-02,P034,C030,Pune DC,48,41570.4
SO003526,2025-09-09,P034,C040,Chennai DC,32,27713.6
SO003527,2025-09-10,P034,C033,Pune DC,40,34642.0
SO003528,2025-09-11,P034,C031,Pune DC,31,26847.55
SO003529,2025-09-20,P034,C010,Pune DC,103,89203.15
SO003530,2025-09-23,P034,C016,Pune DC,114,98729.7
SO003531,2025-10-04,P034,C001,Bengaluru DC,114,98729.7
SO003532,2025-10-06,P034,C021,Pune DC,29,25115.45
SO003533,2025-10-09,P034,C016,Pune DC,34,29445.7
SO003534,2025-10-06,P034,C009,Bengaluru DC,46,39838.3
SO003535,2025-10-15,P034,C019,Chennai DC,54,46766.7
SO003536,2025-10-17,P034,C009,Bengaluru DC,64,55427.2
SO003537,2025-10-21,P034,C021,Pune DC,53,45900.65
SO003538,2025-10-21,P034,C039,Chennai DC,48,41570.4
SO003539,2025-11-02,P034,C020,Pune DC,45,38972.25
SO003540,2025-10-29,P034,C019,Chennai DC,42,36374.1
SO003541,2025-10-27,P034,C004,Pune DC,40,34642.0
SO003542,2025-11-06,P034,C011,Chennai DC,59,51096.95
SO003543,2025-11-08,P034,C039,Chennai DC,71,61489.55
SO003544,2025-11-10,P034,C007,Bengaluru DC,120,103926.0
SO003545,2025-11-19,P034,C014,Bengaluru DC,118,102193.9
SO003546,2025-11-24,P034,C023,Bengaluru DC,49,42436.45
SO003547,2025-11-30,P034,C006,Bengaluru DC,37,32043.85
SO003548,2025-11-29,P034,C025,Pune DC,45,38972.25
SO003549,2025-12-07,P034,C003,Pune DC,32,27713.6
SO003550,2025-12-06,P034,C004,Pune DC,41,35508.05
SO003551,2025-12-03,P034,C035,Pune DC,47,40704.35
SO003552,2025-12-14,P034,C006,Bengaluru DC,74,64087.7
SO003553,2025-12-12,P034,C024,Pune DC,63,54561.15
SO003554,2025-12-17,P034,C009,Bengaluru DC,43,37240.15
SO003555,2025-12-15,P034,C002,Pune DC,49,42436.45
SO003556,2025-12-21,P034,C035,Pune DC,25,21651.25
SO003557,2025-12-24,P034,C006,Bengaluru DC,45,38972.25
SO003558,2025-12-26,P034,C036,Pune DC,41,35508.05
SO003559,2025-12-23,P034,C025,Pune DC,44,38106.2
SO003560,2026-01-02,P034,C029,Chennai DC,132,114318.6
SO003561,2025-01-12,P035,C034,Pune DC,130,284718.2
SO003562,2025-01-14,P035,C014,Bengaluru DC,44,96366.16
SO003563,2025-01-16,P035,C002,Pune DC,49,107316.86
SO003564,2025-01-17,P035,C019,Chennai DC,48,105126.72
SO003565,2025-01-23,P035,C038,Chennai DC,34,74464.76
SO003566,2025-01-20,P035,C010,Pune DC,42,91985.88
SO003567,2025-01-22,P035,C017,Pune DC,51,111697.14
SO003568,2025-01-28,P035,C019,Chennai DC,131,286908.34
SO003569,2025-02-05,P035,C019,Chennai DC,42,91985.88
SO003570,2025-02-05,P035,C026,Chennai DC,43,94176.02
SO003571,2025-02-05,P035,C023,Bengaluru DC,53,116077.42
SO003572,2025-02-11,P035,C006,Bengaluru DC,73,159880.22
SO003573,2025-02-16,P035,C020,Pune DC,73,159880.22
SO003574,2025-02-21,P035,C033,Pune DC,34,74464.76
SO003575,2025-02-20,P035,C031,Pune DC,46,100746.44
SO003576,2025-02-21,P035,C013,Chennai DC,47,102936.58
SO003577,2025-02-24,P035,C038,Chennai DC,41,89795.74
SO003578,2025-02-24,P035,C039,Chennai DC,42,91985.88
SO003579,2025-03-01,P035,C022,Bengaluru DC,49,107316.86
SO003580,2025-03-06,P035,C027,Chennai DC,76,166450.64
SO003581,2025-03-04,P035,C026,Chennai DC,57,124837.98
SO003582,2025-03-14,P035,C031,Pune DC,52,113887.28
SO003583,2025-03-14,P035,C009,Bengaluru DC,45,98556.3
SO003584,2025-03-11,P035,C005,Chennai DC,39,85415.46
SO003585,2025-03-22,P035,C018,Pune DC,150,328521.0
SO003586,2025-03-27,P035,C015,Bengaluru DC,62,135788.68
SO003587,2025-03-30,P035,C008,Bengaluru DC,69,151119.66
SO003588,2025-04-03,P035,C039,Chennai DC,161,352612.54
SO003589,2025-04-11,P035,C007,Bengaluru DC,62,135788.68
SO003590,2025-04-12,P035,C037,Chennai DC,89,194922.46
SO003591,2025-04-14,P035,C009,Bengaluru DC,61,133598.54
SO003592,2025-04-18,P035,C013,Chennai DC,73,159880.22
SO003593,2025-04-25,P035,C029,Chennai DC,67,146739.38
SO003594,2025-04-27,P035,C024,Pune DC,68,148929.52
SO003595,2025-05-01,P035,C017,Pune DC,41,89795.74
SO003596,2025-05-01,P035,C023,Bengaluru DC,49,107316.86
SO003597,2025-04-28,P035,C021,Pune DC,44,96366.16
SO003598,2025-05-10,P035,C038,Chennai DC,65,142359.1
SO003599,2025-05-06,P035,C015,Bengaluru DC,57,124837.98
SO003600,2025-05-16,P035,C011,Chennai DC,64,140168.96
SO003601,2025-05-12,P035,C032,Bengaluru DC,57,124837.98
SO003602,2025-05-20,P035,C009,Bengaluru DC,131,286908.34
SO003603,2025-05-30,P035,C025,Pune DC,47,102936.58
SO003604,2025-05-26,P035,C021,Pune DC,45,98556.3
SO003605,2025-05-31,P035,C035,Pune DC,42,91985.88
SO003606,2025-06-03,P035,C012,Bengaluru DC,136,297859.04
SO003607,2025-06-14,P035,C017,Pune DC,42,91985.88
SO003608,2025-06-15,P035,C015,Bengaluru DC,42,91985.88
SO003609,2025-06-10,P035,C026,Chennai DC,35,76654.9
SO003610,2025-06-19,P035,C037,Chennai DC,44,96366.16
SO003611,2025-06-22,P035,C025,Pune DC,21,45992.94
SO003612,2025-06-16,P035,C026,Chennai DC,51,111697.14
SO003613,2025-06-27,P035,C040,Chennai DC,121,265006.94
SO003614,2025-07-05,P035,C006,Bengaluru DC,28,61323.92
SO003615,2025-07-06,P035,C004,Pune DC,41,89795.74
SO003616,2025-07-03,P035,C007,Bengaluru DC,40,87605.6
SO003617,2025-07-13,P035,C001,Bengaluru DC,38,83225.32
SO003618,2025-07-07,P035,C031,Pune DC,33,72274.62
SO003619,2025-07-12,P035,C027,Chennai DC,41,89795.74
SO003620,2025-07-15,P035,C032,Bengaluru DC,36,78845.04
SO003621,2025-07-14,P035,C040,Chennai DC,36,78845.04
SO003622,2025-07-17,P035,C015,Bengaluru DC,36,78845.04
SO003623,2025-07-23,P035,C032,Bengaluru DC,56,122647.84
SO003624,2025-07-21,P035,C001,Bengaluru DC,28,61323.92
SO003625,2025-07-21,P035,C015,Bengaluru DC,48,105126.72
SO003626,2025-07-28,P035,C001,Bengaluru DC,94,205873.16
SO003627,2025-08-10,P035,C040,Chennai DC,104,227774.56
SO003628,2025-08-15,P035,C003,Pune DC,44,96366.16
SO003629,2025-08-11,P035,C014,Bengaluru DC,59,129218.26
SO003630,2025-08-24,P035,C015,Bengaluru DC,37,81035.18
SO003631,2025-08-19,P035,C039,Chennai DC,32,70084.48
SO003632,2025-08-20,P035,C024,Pune DC,36,78845.04
SO003633,2025-08-28,P035,C012,Bengaluru DC,64,140168.96
SO003634,2025-08-28,P035,C030,Pune DC,48,105126.72
SO003635,2025-09-04,P035,C015,Bengaluru DC,31,67894.34
SO003636,2025-09-04,P035,C026,Chennai DC,42,91985.88
SO003637,2025-09-03,P035,C009,Bengaluru DC,36,78845.04
SO003638,2025-09-11,P035,C024,Pune DC,115,251866.1
SO003639,2025-09-15,P035,C015,Bengaluru DC,28,61323.92
SO003640,2025-09-19,P035,C021,Pune DC,41,89795.74
SO003641,2025-09-15,P035,C027,Chennai DC,40,87605.6
SO003642,2025-09-27,P035,C034,Pune DC,38,83225.32
SO003643,2025-09-26,P035,C036,Pune DC,25,54753.5
SO003644,2025-09-22,P035,C010,Pune DC,31,67894.34
SO003645,2025-10-03,P035,C040,Chennai DC,36,78845.04
SO003646,2025-09-29,P035,C040,Chennai DC,32,70084.48
SO003647,2025-10-04,P035,C016,Pune DC,30,65704.2
SO003648,2025-10-08,P035,C022,Bengaluru DC,99,216823.86
SO003649,2025-10-13,P035,C008,Bengaluru DC,26,56943.64
SO003650,2025-10-15,P035,C019,Chennai DC,28,61323.92
SO003651,2025-10-19,P035,C037,Chennai DC,40,87605.6
SO003652,2025-10-22,P035,C031,Pune DC,25,54753.5
SO003653,2025-10-24,P035,C031,Pune DC,32,70084.48
SO003654,2025-10-20,P035,C009,Bengaluru DC,34,74464.76
SO003655,2025-11-02,P035,C011,Chennai DC,42,91985.88
SO003656,2025-10-30,P035,C021,Pune DC,61,133598.54
SO003657,2025-11-06,P035,C005,Chennai DC,56,122647.84
SO003658,2025-11-09,P035,C010,Pune DC,52,113887.28
SO003659,2025-11-10,P035,C039,Chennai DC,31,67894.34
SO003660,2025-11-13,P035,C015,Bengaluru DC,29,63514.06
SO003661,2025-11-11,P035,C028,Bengaluru DC,30,65704.2
SO003662,2025-11-18,P035,C032,Bengaluru DC,29,63514.06
SO003663,2025-11-18,P035,C031,Pune DC,40,87605.6
SO003664,2025-11-22,P035,C016,Pune DC,26,56943.64
SO003665,2025-11-30,P035,C022,Bengaluru DC,51,111697.14
SO003666,2025-11-30,P035,C012,Bengaluru DC,48,105126.72
SO003667,2025-12-03,P035,C002,Pune DC,40,87605.6
SO003668,2025-12-06,P035,C019,Chennai DC,29,63514.06
SO003669,2025-12-02,P035,C007,Bengaluru DC,35,76654.9
SO003670,2025-12-13,P035,C030,Pune DC,53,116077.42
SO003671,2025-12-14,P035,C031,Pune DC,73,159880.22
SO003672,2025-12-20,P035,C037,Chennai DC,35,76654.9
SO003673,2025-12-17,P035,C029,Chennai DC,35,76654.9
SO003674,2025-12-15,P035,C007,Bengaluru DC,47,102936.58
SO003675,2025-12-28,P035,C001,Bengaluru DC,41,89795.74
SO003676,2025-12-26,P035,C004,Pune DC,39,85415.46
SO003677,2025-12-23,P035,C038,Chennai DC,39,85415.46
SO003678,2025-12-29,P035,C011,Chennai DC,125,273767.5
SO003679,2025-01-10,P036,C030,Pune DC,231,632579.64
SO003680,2025-01-16,P036,C026,Chennai DC,73,199906.12
SO003681,2025-01-17,P036,C035,Pune DC,77,210859.88
SO003682,2025-01-17,P036,C015,Bengaluru DC,99,271105.56
SO003683,2025-01-22,P036,C038,Chennai DC,236,646271.84
SO003684,2025-02-01,P036,C032,Bengaluru DC,244,668179.36
SO003685,2025-02-08,P036,C033,Pune DC,99,271105.56
SO003686,2025-02-05,P036,C040,Chennai DC,83,227290.52
SO003687,2025-02-04,P036,C008,Bengaluru DC,70,191690.8
SO003688,2025-02-15,P036,C003,Pune DC,122,334089.68
SO003689,2025-02-16,P036,C020,Pune DC,98,268367.12
SO003690,2025-02-18,P036,C026,Chennai DC,89,243721.16
SO003691,2025-02-18,P036,C031,Pune DC,86,235505.84
SO003692,2025-02-18,P036,C034,Pune DC,98,268367.12
SO003693,2025-02-28,P036,C039,Chennai DC,256,701040.64
SO003694,2025-03-04,P036,C003,Pune DC,123,336828.12
SO003695,2025-03-03,P036,C035,Pune DC,133,364212.52
SO003696,2025-03-15,P036,C029,Chennai DC,274,750332.56
SO003697,2025-03-23,P036,C025,Pune DC,98,268367.12
SO003698,2025-03-17,P036,C017,Pune DC,72,197167.68
SO003699,2025-03-23,P036,C011,Chennai DC,90,246459.6
SO003700,2025-03-27,P036,C015,Bengaluru DC,80,219075.2
SO003701,2025-03-29,P036,C032,Bengaluru DC,79,216336.76
SO003702,2025-03-28,P036,C019,Chennai DC,97,265628.68
SO003703,2025-04-02,P036,C033,Pune DC,275,753071.0
SO003704,2025-04-07,P036,C021,Pune DC,106,290274.64
SO003705,2025-04-09,P036,C018,Pune DC,83,227290.52
SO003706,2025-04-07,P036,C007,Bengaluru DC,95,260151.8
SO003707,2025-04-19,P036,C028,Bengaluru DC,247,676394.68
SO003708,2025-04-24,P036,C037,Chennai DC,88,240982.72
SO003709,2025-04-23,P036,C032,Bengaluru DC,87,238244.28
SO003710,2025-04-23,P036,C015,Bengaluru DC,96,262890.24
SO003711,2025-05-03,P036,C001,Bengaluru DC,267,731163.48
SO003712,2025-05-06,P036,C030,Pune DC,91,249198.04
SO003713,2025-05-05,P036,C010,Pune DC,96,262890.24
SO003714,2025-05-07,P036,C023,Bengaluru DC,80,219075.2
SO003715,2025-05-12,P036,C004,Pune DC,83,227290.52
SO003716,2025-05-13,P036,C038,Chennai DC,83,227290.52
SO003717,2025-05-14,P036,C022,Bengaluru DC,89,243721.16
SO003718,2025-05-22,P036,C027,Chennai DC,124,339566.56
SO003719,2025-05-21,P036,C022,Bengaluru DC,133,364212.52
SO003720,2025-05-31,P036,C028,Bengaluru DC,80,219075.2
SO003721,2025-05-28,P036,C001,Bengaluru DC,79,216336.76
SO003722,2025-05-31,P036,C040,Chennai DC,85,232767.4
SO003723,2025-06-03,P036,C029,Chennai DC,75,205383.0
SO003724,2025-06-06,P036,C008,Bengaluru DC,74,202644.56
SO003725,2025-06-06,P036,C012,Bengaluru DC,66,180737.04
SO003726,2025-06-15,P036,C029,Chennai DC,97,265628.68
SO003727,2025-06-11,P036,C012,Bengaluru DC,118,323135.92
SO003728,2025-06-17,P036,C008,Bengaluru DC,125,342305.0
SO003729,2025-06-16,P036,C031,Pune DC,126,345043.44
SO003730,2025-06-24,P036,C013,Chennai DC,118,323135.92
SO003731,2025-06-29,P036,C037,Chennai DC,97,265628.68
SO003732,2025-07-05,P036,C019,Chennai DC,201,550426.44
SO003733,2025-07-12,P036,C039,Chennai DC,70,191690.8
SO003734,2025-07-10,P036,C020,Pune DC,72,197167.68
SO003735,2025-07-09,P036,C008,Bengaluru DC,79,216336.76
SO003736,2025-07-15,P036,C028,Bengaluru DC,118,323135.92
SO003737,2025-07-19,P036,C009,Bengaluru DC,107,293013.08
SO003738,2025-07-23,P036,C031,Pune DC,76,208121.44
SO003739,2025-07-24,P036,C007,Bengaluru DC,89,243721.16
SO003740,2025-07-24,P036,C002,Pune DC,55,150614.2
SO003741,2025-07-30,P036,C026,Chennai DC,112,306705.28
SO003742,2025-08-03,P036,C033,Pune DC,121,331351.24
SO003743,2025-08-07,P036,C036,Pune DC,109,298489.96
SO003744,2025-08-08,P036,C009,Bengaluru DC,118,323135.92
SO003745,2025-08-12,P036,C029,Chennai DC,192,525780.48
SO003746,2025-08-22,P036,C033,Pune DC,65,177998.6
SO003747,2025-08-18,P036,C026,Chennai DC,69,188952.36
SO003748,2025-08-24,P036,C027,Chennai DC,72,197167.68
SO003749,2025-08-31,P036,C020,Pune DC,102,279320.88
SO003750,2025-08-31,P036,C040,Chennai DC,95,260151.8
SO003751,2025-09-05,P036,C004,Pune DC,184,503872.96
SO003752,2025-09-10,P036,C032,Bengaluru DC,168,460057.92
SO003753,2025-09-20,P036,C037,Chennai DC,67,183475.48
SO003754,2025-09-15,P036,C015,Bengaluru DC,69,188952.36
SO003755,2025-09-20,P036,C001,Bengaluru DC,74,202644.56
SO003756,2025-09-22,P036,C032,Bengaluru DC,193,528518.92
SO003757,2025-10-04,P036,C039,Chennai DC,57,156091.08
SO003758,2025-09-29,P036,C002,Pune DC,60,164306.4
SO003759,2025-10-05,P036,C029,Chennai DC,69,188952.36
SO003760,2025-10-10,P036,C037,Chennai DC,61,167044.84
SO003761,2025-10-09,P036,C040,Chennai DC,73,199906.12
SO003762,2025-10-12,P036,C007,Bengaluru DC,54,147875.76
SO003763,2025-10-14,P036,C022,Bengaluru DC,52,142398.88
SO003764,2025-10-13,P036,C020,Pune DC,60,164306.4
SO003765,2025-10-17,P036,C033,Pune DC,64,175260.16
SO003766,2025-10-24,P036,C038,Chennai DC,86,235505.84
SO003767,2025-10-24,P036,C021,Pune DC,82,224552.08
SO003768,2025-11-01,P036,C001,Bengaluru DC,77,210859.88
SO003769,2025-11-02,P036,C035,Pune DC,76,208121.44
SO003770,2025-11-05,P036,C019,Chennai DC,206,564118.64
SO003771,2025-11-11,P036,C031,Pune DC,78,213598.32
SO003772,2025-11-16,P036,C017,Pune DC,82,224552.08
SO003773,2025-11-22,P036,C015,Bengaluru DC,65,177998.6
SO003774,2025-11-23,P036,C025,Pune DC,77,210859.88
SO003775,2025-11-19,P036,C013,Chennai DC,61,167044.84
SO003776,2025-11-27,P036,C034,Pune DC,184,503872.96
SO003777,2025-12-05,P036,C001,Bengaluru DC,66,180737.04
SO003778,2025-12-01,P036,C034,Pune DC,62,169783.28
SO003779,2025-12-04,P036,C025,Pune DC,56,153352.64
SO003780,2025-12-12,P036,C012,Bengaluru DC,100,273844.0
SO003781,2025-12-08,P036,C015,Bengaluru DC,112,306705.28
SO003782,2025-12-16,P036,C038,Chennai DC,73,199906.12
SO003783,2025-12-21,P036,C013,Chennai DC,79,216336.76
SO003784,2025-12-21,P036,C031,Pune DC,58,158829.52
SO003785,2025-12-27,P036,C027,Chennai DC,61,167044.84
SO003786,2025-12-23,P036,C032,Bengaluru DC,75,205383.0
SO003787,2025-12-28,P036,C014,Bengaluru DC,70,191690.8
SO003788,2025-12-30,P036,C002,Pune DC,64,175260.16
SO003789,2026-01-01,P036,C018,Pune DC,75,205383.0
SO003790,2025-12-30,P036,C010,Pune DC,52,142398.88
SO003791,2025-01-10,P037,C034,Pune DC,151,406140.17
SO003792,2025-01-18,P037,C003,Pune DC,52,139862.84
SO003793,2025-01-19,P037,C032,Bengaluru DC,52,139862.84
SO003794,2025-01-14,P037,C030,Pune DC,50,134483.5
SO003795,2025-01-25,P037,C030,Pune DC,48,129104.16
SO003796,2025-01-23,P037,C012,Bengaluru DC,54,145242.18
SO003797,2025-01-22,P037,C031,Pune DC,50,134483.5
SO003798,2025-01-28,P037,C001,Bengaluru DC,175,470692.25
SO003799,2025-02-04,P037,C033,Pune DC,93,250139.31
SO003800,2025-02-03,P037,C014,Bengaluru DC,69,185587.23
SO003801,2025-02-12,P037,C034,Pune DC,77,207104.59
SO003802,2025-02-11,P037,C011,Chennai DC,82,220552.94
SO003803,2025-02-22,P037,C023,Bengaluru DC,178,478761.26
SO003804,2025-02-28,P037,C029,Chennai DC,148,398071.16
SO003805,2025-03-06,P037,C009,Bengaluru DC,76,204414.92
SO003806,2025-03-06,P037,C037,Chennai DC,103,277036.01
SO003807,2025-03-10,P037,C010,Pune DC,101,271656.67
SO003808,2025-03-10,P037,C034,Pune DC,83,223242.61
SO003809,2025-03-19,P037,C038,Chennai DC,60,161380.2
SO003810,2025-03-17,P037,C032,Bengaluru DC,57,153311.19
SO003811,2025-03-22,P037,C038,Chennai DC,53,142552.51
SO003812,2025-03-29,P037,C037,Chennai DC,60,161380.2
SO003813,2025-03-30,P037,C029,Chennai DC,55,147931.85
SO003814,2025-03-26,P037,C025,Pune DC,48,129104.16
SO003815,2025-04-02,P037,C012,Bengaluru DC,56,150621.52
SO003816,2025-04-04,P037,C037,Chennai DC,61,164069.87
SO003817,2025-04-04,P037,C027,Chennai DC,49,131793.83
SO003818,2025-04-08,P037,C003,Pune DC,63,169449.21
SO003819,2025-04-10,P037,C029,Chennai DC,56,150621.52
SO003820,2025-04-12,P037,C040,Chennai DC,69,185587.23
SO003821,2025-04-16,P037,C035,Pune DC,99,266277.33
SO003822,2025-04-18,P037,C037,Chennai DC,110,295863.7
SO003823,2025-04-27,P037,C021,Pune DC,69,185587.23
SO003824,2025-04-21,P037,C033,Pune DC,65,174828.55
SO003825,2025-04-25,P037,C020,Pune DC,68,182897.56
SO003826,2025-05-01,P037,C003,Pune DC,74,199035.58
SO003827,2025-04-29,P037,C036,Pune DC,99,266277.33
SO003828,2025-05-08,P037,C013,Chennai DC,57,153311.19
SO003829,2025-05-07,P037,C034,Pune DC,60,161380.2
SO003830,2025-05-11,P037,C023,Bengaluru DC,73,196345.91
SO003831,2025-05-15,P037,C018,Pune DC,104,279725.68
SO003832,2025-05-18,P037,C028,Bengaluru DC,87,234001.29
SO003833,2025-05-23,P037,C032,Bengaluru DC,93,250139.31
SO003834,2025-05-19,P037,C027,Chennai DC,91,244759.97
SO003835,2025-05-27,P037,C019,Chennai DC,70,188276.9
SO003836,2025-05-29,P037,C004,Pune DC,64,172138.88
SO003837,2025-05-27,P037,C022,Bengaluru DC,50,134483.5
SO003838,2025-06-02,P037,C034,Pune DC,217,583658.39
SO003839,2025-06-14,P037,C023,Bengaluru DC,50,134483.5
SO003840,2025-06-11,P037,C004,Pune DC,66,177518.22
SO003841,2025-06-10,P037,C006,Bengaluru DC,54,145242.18
SO003842,2025-06-17,P037,C038,Chennai DC,175,470692.25
SO003843,2025-06-25,P037,C007,Bengaluru DC,161,433036.87
SO003844,2025-07-05,P037,C026,Chennai DC,49,131793.83
SO003845,2025-07-06,P037,C027,Chennai DC,57,153311.19
SO003846,2025-06-30,P037,C036,Pune DC,72,193656.24
SO003847,2025-07-08,P037,C023,Bengaluru DC,46,123724.82
SO003848,2025-07-10,P037,C031,Pune DC,48,129104.16
SO003849,2025-07-13,P037,C009,Bengaluru DC,53,142552.51
SO003850,2025-07-19,P037,C039,Chennai DC,81,217863.27
SO003851,2025-07-14,P037,C007,Bengaluru DC,78,209794.26
SO003852,2025-07-26,P037,C013,Chennai DC,79,212483.93
SO003853,2025-07-24,P037,C028,Bengaluru DC,73,196345.91
SO003854,2025-07-29,P037,C036,Pune DC,80,215173.6
SO003855,2025-08-01,P037,C040,Chennai DC,86,231311.62
SO003856,2025-08-09,P037,C004,Pune DC,168,451864.56
SO003857,2025-08-11,P037,C017,Pune DC,71,190966.57
SO003858,2025-08-12,P037,C016,Pune DC,82,220552.94
SO003859,2025-08-19,P037,C008,Bengaluru DC,164,441105.88
SO003860,2025-08-29,P037,C010,Pune DC,47,126414.49
SO003861,2025-08-26,P037,C014,Bengaluru DC,55,147931.85
SO003862,2025-08-26,P037,C038,Chennai DC,49,131793.83
SO003863,2025-09-05,P037,C039,Chennai DC,49,131793.83
SO003864,2025-09-01,P037,C037,Chennai DC,56,150621.52
SO003865,2025-09-05,P037,C001,Bengaluru DC,32,86069.44
SO003866,2025-09-08,P037,C020,Pune DC,155,416898.85
SO003867,2025-09-17,P037,C029,Chennai DC,157,422278.19
SO003868,2025-09-26,P037,C026,Chennai DC,166,446485.22
SO003869,2025-10-03,P037,C038,Chennai DC,72,193656.24
SO003870,2025-10-03,P037,C038,Chennai DC,100,268967.0
SO003871,2025-10-06,P037,C036,Pune DC,61,164069.87
SO003872,2025-10-11,P037,C036,Pune DC,62,166759.54
SO003873,2025-10-11,P037,C040,Chennai DC,63,169449.21
SO003874,2025-10-19,P037,C014,Bengaluru DC,53,142552.51
SO003875,2025-10-15,P037,C011,Chennai DC,46,123724.82
SO003876,2025-10-13,P037,C017,Pune DC,54,145242.18
SO003877,2025-10-23,P037,C024,Pune DC,159,427657.53
SO003878,2025-10-30,P037,C003,Pune DC,59,158690.53
SO003879,2025-11-02,P037,C012,Bengaluru DC,54,145242.18
SO003880,2025-10-30,P037,C028,Bengaluru DC,58,156000.86
SO003881,2025-11-04,P037,C012,Bengaluru DC,137,368484.79
SO003882,2025-11-14,P037,C014,Bengaluru DC,88,236690.96
SO003883,2025-11-11,P037,C019,Chennai DC,96,258208.32
SO003884,2025-11-23,P037,C015,Bengaluru DC,49,131793.83
SO003885,2025-11-23,P037,C034,Pune DC,77,207104.59
SO003886,2025-11-18,P037,C007,Bengaluru DC,52,139862.84
SO003887,2025-11-29,P037,C035,Pune DC,56,150621.52
SO003888,2025-11-28,P037,C022,Bengaluru DC,65,174828.55
SO003889,2025-11-26,P037,C037,Chennai DC,46,123724.82
SO003890,2025-12-06,P037,C039,Chennai DC,173,465312.91
SO003891,2025-12-10,P037,C010,Pune DC,54,145242.18
SO003892,2025-12-11,P037,C006,Bengaluru DC,58,156000.86
SO003893,2025-12-12,P037,C007,Bengaluru DC,72,193656.24
SO003894,2025-12-15,P037,C038,Chennai DC,65,174828.55
SO003895,2025-12-16,P037,C040,Chennai DC,58,156000.86
SO003896,2025-12-18,P037,C023,Bengaluru DC,66,177518.22
SO003897,2025-12-23,P037,C019,Chennai DC,104,279725.68
SO003898,2025-12-22,P037,C014,Bengaluru DC,88,236690.96
SO003899,2025-12-30,P037,C029,Chennai DC,162,435726.54
SO003900,2025-01-12,P038,C025,Pune DC,5,13241.85
SO003901,2025-01-10,P038,C040,Chennai DC,4,10593.48
SO003902,2025-01-11,P038,C013,Chennai DC,4,10593.48
SO003903,2025-01-19,P038,C027,Chennai DC,12,31780.44
SO003904,2025-01-14,P038,C020,Pune DC,7,18538.59
SO003905,2025-01-20,P038,C006,Bengaluru DC,6,15890.22
SO003906,2025-01-21,P038,C020,Pune DC,2,5296.74
SO003907,2025-01-23,P038,C026,Chennai DC,5,13241.85
SO003908,2025-01-31,P038,C003,Pune DC,7,18538.59
SO003909,2025-01-27,P038,C010,Pune DC,5,13241.85
SO003910,2025-02-02,P038,C010,Pune DC,4,10593.48
SO003911,2025-02-07,P038,C014,Bengaluru DC,3,7945.11
SO003912,2025-02-09,P038,C002,Pune DC,3,7945.11
SO003913,2025-02-03,P038,C022,Bengaluru DC,8,21186.96
SO003914,2025-02-13,P038,C030,Pune DC,24,63560.88
SO003915,2025-02-18,P038,C026,Chennai DC,7,18538.59
SO003916,2025-02-21,P038,C022,Bengaluru DC,3,7945.11
SO003917,2025-02-21,P038,C012,Bengaluru DC,6,15890.22
SO003918,2025-03-02,P038,C026,Chennai DC,12,31780.44
SO003919,2025-03-08,P038,C006,Bengaluru DC,4,10593.48
SO003920,2025-03-06,P038,C033,Pune DC,4,10593.48
SO003921,2025-03-07,P038,C015,Bengaluru DC,11,29132.07
SO003922,2025-03-12,P038,C023,Bengaluru DC,10,26483.7
SO003923,2025-03-16,P038,C036,Pune DC,6,15890.22
SO003924,2025-03-22,P038,C017,Pune DC,18,47670.66
SO003925,2025-03-27,P038,C016,Pune DC,3,7945.11
SO003926,2025-03-25,P038,C006,Bengaluru DC,8,21186.96
SO003927,2025-03-30,P038,C028,Bengaluru DC,5,13241.85
SO003928,2025-04-06,P038,C031,Pune DC,7,18538.59
SO003929,2025-04-06,P038,C015,Bengaluru DC,3,7945.11
SO003930,2025-04-09,P038,C017,Pune DC,9,23835.33
SO003931,2025-04-11,P038,C016,Pune DC,11,29132.07
SO003932,2025-04-20,P038,C040,Chennai DC,6,15890.22
SO003933,2025-04-20,P038,C024,Pune DC,7,18538.59
SO003934,2025-04-19,P038,C040,Chennai DC,1,2648.37
SO003935,2025-04-21,P038,C018,Pune DC,8,21186.96
SO003936,2025-04-24,P038,C021,Pune DC,3,7945.11
SO003937,2025-04-22,P038,C008,Bengaluru DC,3,7945.11
SO003938,2025-05-01,P038,C018,Pune DC,9,23835.33
SO003939,2025-05-04,P038,C025,Pune DC,4,10593.48
SO003940,2025-05-11,P038,C014,Bengaluru DC,15,39725.55
SO003941,2025-05-14,P038,C004,Pune DC,22,58264.14
SO003942,2025-05-23,P038,C014,Bengaluru DC,6,15890.22
SO003943,2025-05-22,P038,C036,Pune DC,6,15890.22
SO003944,2025-05-21,P038,C010,Pune DC,4,10593.48
SO003945,2025-05-26,P038,C009,Bengaluru DC,17,45022.29
SO003946,2025-06-07,P038,C020,Pune DC,9,23835.33
SO003947,2025-06-08,P038,C033,Pune DC,9,23835.33
SO003948,2025-06-02,P038,C021,Pune DC,9,23835.33
SO003949,2025-06-13,P038,C023,Bengaluru DC,9,23835.33
SO003950,2025-06-09,P038,C002,Pune DC,5,13241.85
SO003951,2025-06-13,P038,C013,Chennai DC,9,23835.33
SO003952,2025-06-19,P038,C030,Pune DC,21,55615.77
SO003953,2025-06-24,P038,C006,Bengaluru DC,8,21186.96
SO003954,2025-06-28,P038,C014,Bengaluru DC,3,7945.11
SO003955,2025-06-29,P038,C036,Pune DC,3,7945.11
SO003956,2025-07-03,P038,C037,Chennai DC,3,7945.11
SO003957,2025-07-02,P038,C029,Chennai DC,6,15890.22
SO003958,2025-07-08,P038,C001,Bengaluru DC,10,26483.7
SO003959,2025-07-19,P038,C009,Bengaluru DC,6,15890.22
SO003960,2025-07-18,P038,C011,Chennai DC,10,26483.7
SO003961,2025-07-23,P038,C022,Bengaluru DC,4,10593.48
SO003962,2025-07-27,P038,C002,Pune DC,5,13241.85
SO003963,2025-07-31,P038,C010,Pune DC,6,15890.22
SO003964,2025-08-01,P038,C035,Pune DC,9,23835.33
SO003965,2025-07-30,P038,C035,Pune DC,1,2648.37
SO003966,2025-08-06,P038,C036,Pune DC,5,13241.85
SO003967,2025-08-09,P038,C001,Bengaluru DC,8,21186.96
SO003968,2025-08-07,P038,C012,Bengaluru DC,3,7945.11
SO003969,2025-08-14,P038,C040,Chennai DC,12,31780.44
SO003970,2025-08-24,P038,C013,Chennai DC,9,23835.33
SO003971,2025-08-22,P038,C006,Bengaluru DC,6,15890.22
SO003972,2025-08-21,P038,C029,Chennai DC,6,15890.22
SO003973,2025-08-27,P038,C022,Bengaluru DC,9,23835.33
SO003974,2025-09-05,P038,C011,Chennai DC,5,13241.85
SO003975,2025-09-04,P038,C010,Pune DC,3,7945.11
SO003976,2025-09-10,P038,C026,Chennai DC,9,23835.33
SO003977,2025-09-12,P038,C036,Pune DC,5,13241.85
SO003978,2025-09-21,P038,C003,Pune DC,7,18538.59
SO003979,2025-09-20,P038,C024,Pune DC,6,15890.22
SO003980,2025-09-27,P038,C033,Pune DC,7,18538.59
SO003981,2025-09-23,P038,C013,Chennai DC,7,18538.59
SO003982,2025-09-29,P038,C036,Pune DC,5,13241.85
SO003983,2025-10-04,P038,C030,Pune DC,9,23835.33
SO003984,2025-09-30,P038,C004,Pune DC,11,29132.07
SO003985,2025-10-12,P038,C003,Pune DC,4,10593.48
SO003986,2025-10-11,P038,C038,Chennai DC,8,21186.96
SO003987,2025-10-13,P038,C036,Pune DC,18,47670.66
SO003988,2025-10-24,P038,C037,Chennai DC,11,29132.07
SO003989,2025-11-02,P038,C039,Chennai DC,10,26483.7
SO003990,2025-10-29,P038,C036,Pune DC,3,7945.11
SO003991,2025-11-07,P038,C033,Pune DC,9,23835.33
SO003992,2025-11-08,P038,C037,Chennai DC,6,15890.22
SO003993,2025-11-08,P038,C027,Chennai DC,3,7945.11
SO003994,2025-11-10,P038,C006,Bengaluru DC,5,13241.85
SO003995,2025-11-11,P038,C017,Pune DC,5,13241.85
SO003996,2025-11-13,P038,C015,Bengaluru DC,2,5296.74
SO003997,2025-11-17,P038,C019,Chennai DC,5,13241.85
SO003998,2025-11-23,P038,C010,Pune DC,1,2648.37
SO003999,2025-11-17,P038,C009,Bengaluru DC,4,10593.48
SO004000,2025-11-27,P038,C031,Pune DC,15,39725.55
SO004001,2025-12-04,P038,C027,Chennai DC,2,5296.74
SO004002,2025-12-01,P038,C018,Pune DC,5,13241.85
SO004003,2025-12-01,P038,C016,Pune DC,2,5296.74
SO004004,2025-12-09,P038,C010,Pune DC,10,26483.7
SO004005,2025-12-10,P038,C009,Bengaluru DC,4,10593.48
SO004006,2025-12-19,P038,C040,Chennai DC,23,60912.51
SO004007,2025-12-27,P038,C040,Chennai DC,7,18538.59
SO004008,2026-01-01,P038,C005,Chennai DC,7,18538.59
SO004009,2026-01-02,P038,C006,Bengaluru DC,4,10593.48
SO004010,2025-01-10,P039,C007,Bengaluru DC,59,126862.39
SO004011,2025-01-08,P039,C001,Bengaluru DC,39,83858.19
SO004012,2025-01-11,P039,C033,Pune DC,56,120411.76
SO004013,2025-01-13,P039,C025,Pune DC,46,98909.66
SO004014,2025-01-19,P039,C029,Chennai DC,53,113961.13
SO004015,2025-01-19,P039,C021,Pune DC,48,103210.08
SO004016,2025-01-25,P039,C038,Chennai DC,139,298879.19
SO004017,2025-01-30,P039,C038,Chennai DC,75,161265.75
SO004018,2025-01-27,P039,C024,Pune DC,68,146214.28
SO004019,2025-02-09,P039,C003,Pune DC,163,350484.23
SO004020,2025-02-16,P039,C035,Pune DC,55,118261.55
SO004021,2025-02-14,P039,C009,Bengaluru DC,67,144064.07
SO004022,2025-02-12,P039,C016,Pune DC,60,129012.6
SO004023,2025-02-17,P039,C031,Pune DC,171,367685.91
SO004024,2025-02-28,P039,C015,Bengaluru DC,46,98909.66
SO004025,2025-02-28,P039,C015,Bengaluru DC,56,120411.76
SO004026,2025-03-01,P039,C016,Pune DC,69,148364.49
SO004027,2025-03-07,P039,C011,Chennai DC,186,399939.06
SO004028,2025-03-15,P039,C018,Pune DC,193,414990.53
SO004029,2025-03-19,P039,C029,Chennai DC,194,417140.74
SO004030,2025-03-29,P039,C009,Bengaluru DC,211,453694.31
SO004031,2025-04-01,P039,C017,Pune DC,206,442943.26
SO004032,2025-04-09,P039,C005,Chennai DC,195,419290.95
SO004033,2025-04-16,P039,C034,Pune DC,99,212870.79
SO004034,2025-04-19,P039,C020,Pune DC,97,208570.37
SO004035,2025-04-24,P039,C009,Bengaluru DC,119,255874.99
SO004036,2025-04-25,P039,C018,Pune DC,105,225772.05
SO004037,2025-05-02,P039,C035,Pune DC,203,436492.63
SO004038,2025-05-10,P039,C033,Pune DC,197,423591.37
SO004039,2025-05-12,P039,C007,Bengaluru DC,67,144064.07
SO004040,2025-05-12,P039,C013,Chennai DC,51,109660.71
SO004041,2025-05-16,P039,C021,Pune DC,80,172016.8
SO004042,2025-05-24,P039,C036,Pune DC,94,202119.74
SO004043,2025-05-25,P039,C019,Chennai DC,102,219321.42
SO004044,2025-05-30,P039,C027,Chennai DC,69,148364.49
SO004045,2025-05-28,P039,C038,Chennai DC,62,133313.02
SO004046,2025-05-28,P039,C013,Chennai DC,66,141913.86
SO004047,2025-06-03,P039,C019,Chennai DC,94,202119.74
SO004048,2025-06-06,P039,C033,Pune DC,108,232222.68
SO004049,2025-06-12,P039,C007,Bengaluru DC,183,393488.43
SO004050,2025-06-20,P039,C014,Bengaluru DC,91,195669.11
SO004051,2025-06-16,P039,C030,Pune DC,96,206420.16
SO004052,2025-06-24,P039,C006,Bengaluru DC,100,215021.0
SO004053,2025-06-26,P039,C020,Pune DC,83,178467.43
SO004054,2025-06-30,P039,C002,Pune DC,52,111810.92
SO004055,2025-07-04,P039,C015,Bengaluru DC,68,146214.28
SO004056,2025-06-30,P039,C030,Pune DC,68,146214.28
SO004057,2025-07-09,P039,C030,Pune DC,59,126862.39
SO004058,2025-07-09,P039,C011,Chennai DC,46,98909.66
SO004059,2025-07-07,P039,C036,Pune DC,41,88158.61
SO004060,2025-07-16,P039,C020,Pune DC,48,103210.08
SO004061,2025-07-18,P039,C007,Bengaluru DC,46,98909.66
SO004062,2025-07-20,P039,C040,Chennai DC,54,116111.34
SO004063,2025-07-23,P039,C003,Pune DC,39,83858.19
SO004064,2025-07-26,P039,C034,Pune DC,44,94609.24
SO004065,2025-07-24,P039,C039,Chennai DC,53,113961.13
SO004066,2025-08-01,P039,C006,Bengaluru DC,67,144064.07
SO004067,2025-07-31,P039,C019,Chennai DC,70,150514.7
SO004068,2025-08-10,P039,C006,Bengaluru DC,142,305329.82
SO004069,2025-08-17,P039,C010,Pune DC,66,141913.86
SO004070,2025-08-14,P039,C030,Pune DC,56,120411.76
SO004071,2025-08-21,P039,C016,Pune DC,46,98909.66
SO004072,2025-08-22,P039,C034,Pune DC,45,96759.45
SO004073,2025-08-24,P039,C013,Chennai DC,46,98909.66
SO004074,2025-08-28,P039,C005,Chennai DC,115,247274.15
SO004075,2025-09-03,P039,C008,Bengaluru DC,111,238673.31
SO004076,2025-09-11,P039,C007,Bengaluru DC,111,238673.31
SO004077,2025-09-21,P039,C002,Pune DC,35,75257.35
SO004078,2025-09-16,P039,C038,Chennai DC,39,83858.19
SO004079,2025-09-20,P039,C028,Bengaluru DC,37,79557.77
SO004080,2025-09-23,P039,C034,Pune DC,32,68806.72
SO004081,2025-09-28,P039,C035,Pune DC,32,68806.72
SO004082,2025-09-24,P039,C006,Bengaluru DC,32,68806.72
SO004083,2025-10-01,P039,C019,Chennai DC,44,94609.24
SO004084,2025-10-03,P039,C040,Chennai DC,65,139763.65
SO004085,2025-10-06,P039,C025,Pune DC,37,79557.77
SO004086,2025-10-11,P039,C015,Bengaluru DC,38,81707.98
SO004087,2025-10-12,P039,C034,Pune DC,44,94609.24
SO004088,2025-10-14,P039,C016,Pune DC,56,120411.76
SO004089,2025-10-15,P039,C025,Pune DC,48,103210.08
SO004090,2025-10-23,P039,C026,Chennai DC,97,208570.37
SO004091,2025-11-01,P039,C015,Bengaluru DC,44,94609.24
SO004092,2025-11-02,P039,C009,Bengaluru DC,42,90308.82
SO004093,2025-10-29,P039,C015,Bengaluru DC,36,77407.56
SO004094,2025-11-07,P039,C033,Pune DC,118,253724.78
SO004095,2025-11-13,P039,C016,Pune DC,117,251574.57
SO004096,2025-11-19,P039,C037,Chennai DC,57,122561.97
SO004097,2025-11-18,P039,C005,Chennai DC,51,109660.71
SO004098,2025-11-26,P039,C037,Chennai DC,45,96759.45
SO004099,2025-11-25,P039,C027,Chennai DC,41,88158.61
SO004100,2025-11-29,P039,C014,Bengaluru DC,51,109660.71
SO004101,2025-12-02,P039,C003,Pune DC,45,96759.45
SO004102,2025-12-04,P039,C024,Pune DC,49,105360.29
SO004103,2025-12-06,P039,C014,Bengaluru DC,48,103210.08
SO004104,2025-12-09,P039,C037,Chennai DC,143,307480.03
SO004105,2025-12-16,P039,C035,Pune DC,46,98909.66
SO004106,2025-12-21,P039,C024,Pune DC,50,107510.5
SO004107,2025-12-17,P039,C028,Bengaluru DC,57,122561.97
SO004108,2025-12-23,P039,C002,Pune DC,146,313930.66
SO004109,2026-01-04,P039,C033,Pune DC,168,361235.28
SO004110,2025-01-12,P040,C035,Pune DC,42,83571.18
SO004111,2025-01-15,P040,C029,Chennai DC,16,31836.64
SO004112,2025-01-14,P040,C019,Chennai DC,15,29846.85
SO004113,2025-01-19,P040,C004,Pune DC,23,45765.17
SO004114,2025-01-20,P040,C009,Bengaluru DC,24,47754.96
SO004115,2025-02-01,P040,C011,Chennai DC,50,99489.5
SO004116,2025-02-06,P040,C033,Pune DC,26,51734.54
SO004117,2025-02-07,P040,C003,Pune DC,17,33826.43
SO004118,2025-02-03,P040,C020,Pune DC,19,37806.01
SO004119,2025-02-10,P040,C003,Pune DC,24,47754.96
SO004120,2025-02-16,P040,C039,Chennai DC,25,49744.75
SO004121,2025-02-13,P040,C030,Pune DC,16,31836.64
SO004122,2025-02-21,P040,C035,Pune DC,26,51734.54
SO004123,2025-02-19,P040,C005,Chennai DC,19,37806.01
SO004124,2025-02-28,P040,C016,Pune DC,25,49744.75
SO004125,2025-03-02,P040,C016,Pune DC,19,37806.01
SO004126,2025-03-06,P040,C034,Pune DC,27,53724.33
SO004127,2025-03-04,P040,C029,Chennai DC,29,57703.91
SO004128,2025-03-12,P040,C001,Bengaluru DC,20,39795.8
SO004129,2025-03-13,P040,C013,Chennai DC,18,35816.22
SO004130,2025-03-11,P040,C037,Chennai DC,17,33826.43
SO004131,2025-03-18,P040,C016,Pune DC,24,47754.96
SO004132,2025-03-17,P040,C019,Chennai DC,17,33826.43
SO004133,2025-03-21,P040,C026,Chennai DC,17,33826.43
SO004134,2025-03-27,P040,C024,Pune DC,26,51734.54
SO004135,2025-03-28,P040,C020,Pune DC,21,41785.59
SO004136,2025-04-04,P040,C004,Pune DC,59,117397.61
SO004137,2025-04-10,P040,C026,Chennai DC,18,35816.22
SO004138,2025-04-13,P040,C017,Pune DC,32,63673.28
SO004139,2025-04-20,P040,C007,Bengaluru DC,19,37806.01
SO004140,2025-04-15,P040,C007,Bengaluru DC,16,31836.64
SO004141,2025-04-17,P040,C024,Pune DC,20,39795.8
SO004142,2025-04-26,P040,C005,Chennai DC,55,109438.45
SO004143,2025-05-01,P040,C001,Bengaluru DC,26,51734.54
SO004144,2025-04-30,P040,C036,Pune DC,17,33826.43
SO004145,2025-05-03,P040,C010,Pune DC,12,23877.48
SO004146,2025-05-05,P040,C031,Pune DC,41,81581.39
SO004147,2025-05-13,P040,C037,Chennai DC,22,43775.38
SO004148,2025-05-15,P040,C021,Pune DC,16,31836.64
SO004149,2025-05-16,P040,C002,Pune DC,20,39795.8
SO004150,2025-05-21,P040,C025,Pune DC,52,103469.08
SO004151,2025-05-30,P040,C023,Bengaluru DC,29,57703.91
SO004152,2025-06-01,P040,C038,Chennai DC,21,41785.59
SO004153,2025-06-03,P040,C039,Chennai DC,24,47754.96
SO004154,2025-06-06,P040,C005,Chennai DC,29,57703.91
SO004155,2025-06-10,P040,C036,Pune DC,21,41785.59
SO004156,2025-06-11,P040,C034,Pune DC,20,39795.8
SO004157,2025-06-20,P040,C027,Chennai DC,24,47754.96
SO004158,2025-06-18,P040,C007,Bengaluru DC,28,55714.12
SO004159,2025-06-24,P040,C007,Bengaluru DC,20,39795.8
SO004160,2025-06-26,P040,C031,Pune DC,24,47754.96
SO004161,2025-07-01,P040,C034,Pune DC,23,45765.17
SO004162,2025-07-03,P040,C039,Chennai DC,27,53724.33
SO004163,2025-07-13,P040,C010,Pune DC,11,21887.69
SO004164,2025-07-09,P040,C003,Pune DC,10,19897.9
SO004165,2025-07-09,P040,C021,Pune DC,19,37806.01
SO004166,2025-07-16,P040,C030,Pune DC,11,21887.69
SO004167,2025-07-17,P040,C025,Pune DC,23,45765.17
SO004168,2025-07-25,P040,C012,Bengaluru DC,44,87550.76
SO004169,2025-08-01,P040,C026,Chennai DC,36,71632.44
SO004170,2025-08-05,P040,C015,Bengaluru DC,18,35816.22
SO004171,2025-08-10,P040,C004,Pune DC,15,29846.85
SO004172,2025-08-04,P040,C033,Pune DC,20,39795.8
SO004173,2025-08-13,P040,C021,Pune DC,14,27857.06
SO004174,2025-08-17,P040,C004,Pune DC,11,21887.69
SO004175,2025-08-12,P040,C031,Pune DC,13,25867.27
SO004176,2025-08-21,P040,C008,Bengaluru DC,14,27857.06
SO004177,2025-08-24,P040,C021,Pune DC,11,21887.69
SO004178,2025-08-21,P040,C003,Pune DC,25,49744.75
SO004179,2025-08-26,P040,C026,Chennai DC,36,71632.44
SO004180,2025-09-02,P040,C038,Chennai DC,15,29846.85
SO004181,2025-09-04,P040,C023,Bengaluru DC,15,29846.85
SO004182,2025-09-07,P040,C006,Bengaluru DC,11,21887.69
SO004183,2025-09-09,P040,C028,Bengaluru DC,50,99489.5
SO004184,2025-09-18,P040,C034,Pune DC,15,29846.85
SO004185,2025-09-16,P040,C020,Pune DC,18,35816.22
SO004186,2025-09-26,P040,C035,Pune DC,11,21887.69
SO004187,2025-09-26,P040,C012,Bengaluru DC,10,19897.9
SO004188,2025-09-27,P040,C007,Bengaluru DC,15,29846.85
SO004189,2025-10-05,P040,C001,Bengaluru DC,16,31836.64
SO004190,2025-10-02,P040,C020,Pune DC,18,35816.22
SO004191,2025-10-08,P040,C008,Bengaluru DC,15,29846.85
SO004192,2025-10-10,P040,C016,Pune DC,25,49744.75
SO004193,2025-10-13,P040,C006,Bengaluru DC,16,31836.64
SO004194,2025-10-16,P040,C025,Pune DC,19,37806.01
SO004195,2025-10-13,P040,C030,Pune DC,10,19897.9
SO004196,2025-10-21,P040,C005,Chennai DC,11,21887.69
SO004197,2025-10-20,P040,C027,Chennai DC,7,13928.53
SO004198,2025-10-21,P040,C012,Bengaluru DC,6,11938.74
SO004199,2025-10-30,P040,C011,Chennai DC,27,53724.33
SO004200,2025-11-02,P040,C009,Bengaluru DC,28,55714.12
SO004201,2025-11-03,P040,C013,Chennai DC,16,31836.64
SO004202,2025-11-06,P040,C001,Bengaluru DC,10,19897.9
SO004203,2025-11-08,P040,C040,Chennai DC,18,35816.22
SO004204,2025-11-12,P040,C024,Pune DC,21,41785.59
SO004205,2025-11-12,P040,C038,Chennai DC,20,39795.8
SO004206,2025-11-21,P040,C002,Pune DC,28,55714.12
SO004207,2025-11-21,P040,C016,Pune DC,23,45765.17
SO004208,2025-11-26,P040,C016,Pune DC,15,29846.85
SO004209,2025-11-24,P040,C023,Bengaluru DC,22,43775.38
SO004210,2025-12-01,P040,C021,Pune DC,23,45765.17
SO004211,2025-12-03,P040,C032,Bengaluru DC,25,49744.75
SO004212,2025-12-12,P040,C039,Chennai DC,8,15918.32
SO004213,2025-12-09,P040,C040,Chennai DC,15,29846.85
SO004214,2025-12-12,P040,C015,Bengaluru DC,17,33826.43
SO004215,2025-12-20,P040,C011,Chennai DC,14,27857.06
SO004216,2025-12-20,P040,C023,Bengaluru DC,12,23877.48
SO004217,2025-12-19,P040,C014,Bengaluru DC,16,31836.64
SO004218,2025-12-28,P040,C023,Bengaluru DC,44,87550.76
SO004219,2025-12-31,P040,C032,Bengaluru DC,27,53724.33
SO004220,2025-12-31,P040,C038,Chennai DC,29,57703.91
